1493737433750.0,-0.0048,0.0024,0.0049,0
1493737458750.0,-0.000804572564612326,-0.002072564612326044,0.019997813121272363,0
1493737483750.0,-0.0003,0.0012,0.019,0
1493737508750.0,-0.4272,1.0819,-0.6348,0
1493737533750.0,-0.0017,0.0005,0.0189,0
1493737558750.0,0.0021,0.0011,0.0183,0
1493737583750.0,0.0001,-0.0026,0.0171,0
1493737608750.0,-0.0005,0.0004,0.0186,0
1493737633750.0,0.0005,0.0007,0.0178,0
1493737658750.0,0.0013,0.0003,0.0175,0
1493737683750.0,-0.0008,-0.0022,0.0189,0
1493737708750.0,-0.0032,0.0123,0.0471,0
1493737733750.0,0.0035829710144927533,0.001335144927536232,0.019608333333333335,0
1493737758750.0,0.0013,-0.0005,0.0174,0
1493737783750.0,-0.0003,-0.0008,0.0189,0
1493737808750.0,0.002889051094890511,-0.012867153284671534,0.02143868613138686,0
1493737833750.0,-0.0022,0.003,0.0163,0
1493737858750.0,0.0069,-0.0282,-0.472,0
1493737883750.0,-0.1701,0.2611,0.3227,0
1493737908750.0,-0.15578585657370517,0.07679462151394423,0.0751332669322709,0
1493737933750.0,-0.0194,0.0662,-0.0497,0
1493737958750.0,-0.0362,0.0519,-0.0262,0
1493737983750.0,-0.0801,0.016,-0.0445,0
1493738008750.0,-0.0047,0.0065,0.0129,0
1493738033750.0,0.0337,0.0304,0.1225,0
1493738058750.0,-0.0287,-0.0229,-0.0031,0
1493738083750.0,-0.0325,0.0267,0.0066,0
1493738108750.0,-0.00367836081996949,0.008237261405119876,0.0164670904137036,0
1493738133750.0,-0.0035690720319366126,0.00792039981481622,0.0163008803819036,0
1493738158750.0,-0.003459783243903735,0.007603538224512565,0.016134670350103596,0
1493738183750.0,-0.0033504944558708574,0.007286676634208908,0.015968460318303596,0
1493738208750.0,-0.0032412056678379794,0.0069698150439052526,0.015802250286503595,0
1493738233750.0,-0.003131916879805102,0.006652953453601597,0.015636040254703592,0
1493738258750.0,-0.0030226280917722242,0.006336091863297941,0.015469830222903592,0
1493738283750.0,-0.0029133393037393466,0.006019230272994286,0.01530362019110359,0
1493738308750.0,-0.0028040505157064686,0.005702368682690629,0.015137410159303588,0
1493738333750.0,-0.002694761727673591,0.005385507092386973,0.014971200127503586,0
1493738358750.0,-0.0025854729396407134,0.005068645502083318,0.014804990095703584,0
1493738383750.0,-0.002476184151607836,0.004751783911779661,0.014638780063903584,0
1493738408750.0,-0.0023668953635749583,0.004434922321476006,0.014472570032103583,0
1493738433750.0,-0.0022576065755420802,0.00411806073117235,0.01430636000030358,0
1493738458750.0,-0.0021483177875092027,0.003801199140868694,0.014140149968503579,0
1493738483750.0,-0.0020390289994763246,0.0034843375505650385,0.013973939936703577,0
1493738508750.0,-0.0019297402114434473,0.003167475960261382,0.013807729904903575,0
1493738533750.0,-0.0018204514234105695,0.0028506143699577264,0.013641519873103573,0
1493738558750.0,-0.0017111626353776919,0.0025337527796540707,0.013475309841303573,0
1493738583750.0,-0.0016018738473448143,0.002216891189350415,0.013309099809503571,0
1493738608750.0,-0.0014925850593119363,0.0019000295990467594,0.01314288977770357,0
1493738633750.0,-0.0013832962712790587,0.0015831680087431028,0.012976679745903568,0
1493738658750.0,-0.001274007483246181,0.0012663064184394472,0.012810469714103566,0
1493738683750.0,-0.001164718695213303,0.0009494448281357915,0.012644259682303566,0
1493738708750.0,-0.0010554299071804255,0.0006325832378321359,0.012478049650503562,0
1493738733750.0,-0.0009461411191475479,0.0003157216475284802,0.012311839618703562,0
1493738758750.0,-0.0008368523311146703,-1.1399427751763308e-06,0.01214562958690356,0
1493738783750.0,-0.0007275635430817923,-0.00031800153307883286,0.011979419555103558,0
1493738808750.0,-0.0006182747550489147,-0.0006348631233824877,0.011813209523303558,0
1493738833750.0,-0.0005089859670160371,-0.0009517247136861442,0.011646999491503555,0
1493738858750.0,-0.00039969717898315953,-0.001268586303989799,0.011480789459703555,0
1493738883750.0,-0.0002904083909502815,-0.0015854478942934555,0.011314579427903553,0
1493738908750.0,-0.00018111960291740392,-0.001902309484597112,0.011148369396103551,0
1493738933750.0,-7.183081488452633e-05,-0.002219171074900767,0.01098215936430355,0
1493738958750.0,3.7457973148351253e-05,-0.0025360326652044234,0.010815949332503547,0
1493738983750.0,0.00014674676118122927,-0.002852894255508078,0.010649739300703547,0
1493739008750.0,0.00025603554921410643,-0.0031697558458117347,0.010483529268903544,0
1493739033750.0,0.0003653243372469849,-0.003486617436115391,0.010317319237103544,0
1493739058750.0,0.00047461312527986247,-0.003803479026419046,0.010151109205303542,0
1493739083750.0,0.0005839019133127401,-0.0041203406167227025,0.00998489917350354,0
1493739108750.0,0.0006931907013456176,-0.004437202207026359,0.00981868914170354,0
1493739133750.0,0.0008024794893784952,-0.004754063797330014,0.009652479109903536,0
1493739158750.0,0.0009117682774113728,-0.00507092538763367,0.009486269078103536,0
1493739183750.0,0.0010210570654442504,-0.005387786977937325,0.009320059046303534,0
1493739208750.0,0.001130345853477128,-0.005704648568240982,0.009153849014503532,0
1493739233750.0,0.0012396346415100064,-0.006021510158544638,0.00898763898270353,0
1493739258750.0,0.001348923429542884,-0.006338371748848293,0.008821428950903529,0
1493739283750.0,0.0014582122175757616,-0.0066552333391519496,0.008655218919103527,0
1493739308750.0,0.0015675010056086392,-0.006972094929455604,0.008489008887303527,0
1493739333750.0,0.0016767897936415168,-0.007288956519759261,0.008322798855503525,0
1493739358750.0,0.0017860785816743944,-0.007605818110062916,0.008156588823703523,0
1493739383750.0,0.001895367369707272,-0.007922679700366574,0.007990378791903521,0
1493739408750.0,0.0020046561577401504,-0.008239541290670229,0.00782416876010352,0
1493739433750.0,0.002113944945773028,-0.008556402880973884,0.007657958728303518,0
1493739458750.0,0.0022232337338059056,-0.008873264471277542,0.0074917486965035175,0
1493739483750.0,0.002332522521838783,-0.009190126061581197,0.007325538664703516,0
1493739508750.0,0.0024418113098716608,-0.009506987651884851,0.007159328632903514,0
1493739533750.0,0.0025511000979045384,-0.00982384924218851,0.006993118601103512,0
1493739558750.0,0.002660388885937416,-0.010140710832492164,0.00682690856930351,0
1493739583750.0,0.0027696776739702935,-0.01045757242279582,0.006660698537503508,0
1493739608750.0,0.002878966462003172,-0.010774434013099474,0.006494488505703508,0
1493739633750.0,0.0029882552500360496,-0.011091295603403132,0.006328278473903506,0
1493739658750.0,0.003097544038068927,-0.011408157193706787,0.0061620684421035046,0
1493739683750.0,0.0032068328261018048,-0.011725018784010442,0.005995858410303503,0
1493739708750.0,0.0033161216141346823,-0.0120418803743141,0.005829648378503501,0
1493739733750.0,0.00342541040216756,-0.012358741964617755,0.005663438346703499,0
1493739758750.0,0.0035346991902004375,-0.01267560355492141,0.005497228314903499,0
1493739783750.0,0.003643987978233315,-0.012992465145225068,0.005331018283103497,0
1493739808750.0,0.0037532767662661936,-0.013309326735528723,0.005164808251303495,0
1493739833750.0,0.003862565554299071,-0.013626188325832378,0.0049985982195034934,0
1493739858750.0,0.003971854342331949,-0.013943049916136036,0.004832388187703492,1
1493739883750.0,0.004081143130364826,-0.01425991150643969,0.00466617815590349,1
1493739908750.0,0.004190431918397705,-0.014576773096743345,0.00449996812410349,1
1493739933750.0,0.004299720706430582,-0.014893634687047,0.004333758092303488,1
1493739958750.0,0.00440900949446346,-0.015210496277350658,0.004167548060503486,1
1493739983750.0,0.0045182982824963375,-0.015527357867654313,0.004001338028703484,1
1493740008750.0,0.004627587070529215,-0.01584421945795797,0.0038351279969034823,1
1493740033750.0,0.004736875858562093,-0.016161081048261625,0.0036689179651034805,1
1493740058750.0,0.00484616464659497,-0.01647794263856528,0.0035027079333034804,1
1493740083750.0,0.004955453434627848,-0.016794804228868934,0.0033364979015034785,1
1493740108750.0,0.0050647422226607255,-0.017111665819172596,0.0031702878697034767,1
1493740133750.0,0.005174031010693603,-0.01742852740947625,0.003004077837903475,1
1493740158750.0,0.005283319798726481,-0.017745388999779906,0.002837867806103473,1
1493740183750.0,0.005392608586759358,-0.01806225059008356,0.002671657774303471,1
1493740208750.0,0.005501897374792236,-0.018379112180387215,0.002505447742503471,1
1493740233750.0,0.005611186162825113,-0.01869597377069087,0.0023392377107034693,1
1493740258750.0,0.005720474950857991,-0.019012835360994525,0.0021730276789034674,1
1493740283750.0,0.00582976373889087,-0.019329696951298186,0.0020068176471034656,1
1493740308750.0,0.005939052526923748,-0.01964655854160184,0.0018406076153034637,1
1493740333750.0,0.0060483413149566255,-0.019963420131905496,0.001674397583503462,1
1493740358750.0,0.006157630102989503,-0.02028028172220915,0.0015081875517034618,1
1493740383750.0,0.006266918891022381,-0.020597143312512806,0.00134197751990346,1
1493740408750.0,0.006376207679055258,-0.02091400490281646,0.0011757674881034581,1
1493740433750.0,0.006485496467088136,-0.021230866493120122,0.0010095574563034563,1
1493740458750.0,0.0065947852551210134,-0.021547728083423777,0.0008433474245034545,1
1493740483750.0,0.006704074043153891,-0.02186458967372743,0.0006771373927034544,1
1493740508750.0,0.006813362831186769,-0.022181451264031087,0.0005109273609034508,1
1493740533750.0,0.006922651619219646,-0.02249831285433474,0.0003447173291034507,1
1493740558750.0,0.007031940407252524,-0.022815174444638396,0.0001785072973034471,1
1493740583750.0,0.007141229195285401,-0.02313203603494205,1.2297265503447008e-05,1
1493740608750.0,0.007250517983318279,-0.023448897625245706,-0.0001539127662965531,1
1493740633750.0,0.0073598067713511565,-0.023765759215549367,-0.00032012279809655667,1
1493740658750.0,0.007469095559384036,-0.024082620805853022,-0.00048633282989655677,1
1493740683750.0,0.0075783843474169135,-0.024399482396156677,-0.0006525428616965603,1
1493740708750.0,0.007687673135449791,-0.024716343986460332,-0.0008187528934965604,1
1493740733750.0,0.007796961923482669,-0.025033205576763987,-0.0009849629252965605,1
1493740758750.0,0.007906250711515546,-0.02535006716706764,-0.0011511729570965641,1
1493740783750.0,0.008015539499548424,-0.025666928757371296,-0.0013173829888965642,1
1493740808750.0,0.008124828287581301,-0.025983790347674958,-0.0014835930206965678,1
1493740833750.0,0.008234117075614179,-0.026300651937978613,-0.0016498030524965679,1
1493740858750.0,0.008343405863647057,-0.026617513528282268,-0.0018160130842965715,1
1493740883750.0,0.008452694651679934,-0.026934375118585922,-0.0019822231160965716,1
1493740908750.0,0.008561983439712812,-0.027251236708889577,-0.0021484331478965717,1
1493740933750.0,0.00867127222774569,-0.027568098299193232,-0.0023146431796965752,1
1493740958750.0,0.008780561015778567,-0.027884959889496894,-0.0024808532114965753,1
1493740983750.0,0.008889849803811445,-0.02820182147980055,-0.002647063243296579,1
1493741008750.0,0.008999138591844322,-0.028518683070104203,-0.002813273275096579,1
1493741033750.0,0.0091084273798772,-0.028835544660407858,-0.002979483306896579,1
1493741058750.0,0.009217716167910079,-0.029152406250711513,-0.0031456933386965827,1
1493741083750.0,0.009327004955942957,-0.029469267841015168,-0.003311903370496583,1
1493741108750.0,0.009436293743975834,-0.029786129431318822,-0.0034781134022965864,1
1493741133750.0,0.009545582532008712,-0.030102991021622484,-0.0036443234340965865,1
1493741158750.0,0.00965487132004159,-0.03041985261192614,-0.00381053346589659,1
1493741183750.0,0.009764160108074467,-0.030736714202229794,-0.00397674349769659,1
1493741208750.0,0.009873448896107345,-0.03105357579253345,-0.00414295352949659,1
1493741233750.0,0.009982737684140222,-0.0313704373828371,-0.004309163561296594,1
1493741258750.0,0.0100920264721731,-0.03168729897314076,-0.004475373593096594,1
1493741283750.0,0.010201315260205977,-0.03200416056344442,-0.0046415836248965975,1
1493741308750.0,0.010310604048238855,-0.032321022153748075,-0.004807793656696598,1
1493741333750.0,0.010419892836271732,-0.03263788374405173,-0.004974003688496598,1
1493741358750.0,0.01052918162430461,-0.032954745334355384,-0.005140213720296601,1
1493741383750.0,0.010638470412337488,-0.03327160692465904,-0.005306423752096601,1
1493741408750.0,0.010747759200370365,-0.033588468514962694,-0.005472633783896605,1
1493741433750.0,0.010857047988403245,-0.03390533010526635,-0.005638843815696605,1
1493741458750.0,0.010966336776436122,-0.03422219169557001,-0.005805053847496609,1
1493741483750.0,0.011075625564469,-0.034539053285873665,-0.005971263879296609,1
1493741508750.0,0.011184914352501877,-0.03485591487617732,-0.006137473911096609,1
1493741533750.0,0.011294203140534755,-0.035172776466480975,-0.006303683942896612,1
1493741558750.0,0.011403491928567632,-0.03548963805678463,-0.0064698939746966125,1
1493741583750.0,0.01151278071660051,-0.035806499647088284,-0.006636104006496616,1
1493741608750.0,0.011622069504633388,-0.036123361237391946,-0.006802314038296616,1
1493741633750.0,0.011731358292666265,-0.0364402228276956,-0.006968524070096616,1
1493741658750.0,0.011840647080699143,-0.036757084417999256,-0.00713473410189662,1
1493741683750.0,0.01194993586873202,-0.03707394600830291,-0.00730094413369662,1
1493741708750.0,0.012059224656764898,-0.037390807598606565,-0.0074671541654966235,1
1493741733750.0,0.012168513444797776,-0.03770766918891022,-0.007633364197296624,1
1493741758750.0,0.012277802232830653,-0.038024530779213875,-0.007799574229096627,1
1493741783750.0,0.01238709102086353,-0.03834139236951754,-0.007965784260896627,1
1493741808750.0,0.012496379808896408,-0.03865825395982119,-0.008131994292696627,1
1493741833750.0,0.012605668596929286,-0.038975115550124846,-0.008298204324496631,1
1493741858750.0,0.012714957384962164,-0.0392919771404285,-0.008464414356296631,1
1493741883750.0,0.012824246172995041,-0.039608838730732156,-0.008630624388096635,1
1493741908750.0,0.012933534961027919,-0.03992570032103581,-0.008796834419896635,1
1493741933750.0,0.013042823749060796,-0.04024256191133947,-0.008963044451696635,1
1493741958750.0,0.013152112537093674,-0.04055942350164313,-0.009129254483496638,1
1493741983750.0,0.013261401325126551,-0.04087628509194678,-0.009295464515296639,1
1493742008750.0,0.013370690113159433,-0.04119314668225044,-0.009461674547096642,1
1493742033750.0,0.01347997890119231,-0.04151000827255409,-0.009627884578896642,1
1493742058750.0,0.013589267689225188,-0.041826869862857746,-0.009794094610696646,1
1493742083750.0,0.013698556477258065,-0.0421437314531614,-0.009960304642496646,1
1493742108750.0,0.013807845265290943,-0.04246059304346506,-0.010126514674296646,1
1493742133750.0,0.01391713405332382,-0.04277745463376872,-0.01029272470609665,1
1493742158750.0,0.014026422841356698,-0.04309431622407237,-0.01045893473789665,1
1493742183750.0,0.014135711629389576,-0.04341117781437603,-0.010625144769696653,1
1493742208750.0,0.014245000417422453,-0.04372803940467968,-0.010791354801496653,1
1493742233750.0,0.01435428920545533,-0.04404490099498334,-0.010957564833296653,1
1493742258750.0,0.014463577993488208,-0.044361762585287,-0.011123774865096657,1
1493742283750.0,0.014572866781521086,-0.04467862417559065,-0.011289984896896657,1
1493742308750.0,0.014682155569553964,-0.04499548576589431,-0.01145619492869666,1
1493742333750.0,0.014791444357586841,-0.04531234735619796,-0.01162240496049666,1
1493742358750.0,0.014900733145619719,-0.04562920894650162,-0.011788614992296664,1
1493742383750.0,0.015010021933652596,-0.04594607053680527,-0.011954825024096664,1
1493742408750.0,0.015119310721685474,-0.04626293212710893,-0.012121035055896665,1
1493742433750.0,0.015228599509718352,-0.04657979371741259,-0.012287245087696668,1
1493742458750.0,0.015337888297751229,-0.046896655307716244,-0.012453455119496668,1
1493742483750.0,0.015447177085784107,-0.0472135168980199,-0.012619665151296672,1
1493742508750.0,0.015556465873816984,-0.04753037848832355,-0.012785875183096672,1
1493742533750.0,0.015665754661849864,-0.04784724007862721,-0.012952085214896672,1
1493742558750.0,0.015775043449882738,-0.04816410166893086,-0.013118295246696676,1
1493742583750.0,0.01588433223791562,-0.048480963259234525,-0.013284505278496676,1
1493742608750.0,0.015993621025948493,-0.04879782484953818,-0.01345071531029668,1
1493742633750.0,0.016102909813981374,-0.049114686439841834,-0.01361692534209668,1
1493742658750.0,0.016212198602014248,-0.04943154803014549,-0.013783135373896683,1
1493742683750.0,0.01632148739004713,-0.049748409620449144,-0.013949345405696683,1
1493742708750.0,0.016430776178080003,-0.0500652712107528,-0.014115555437496683,1
1493742733750.0,0.016540064966112884,-0.05038213280105645,-0.014281765469296687,1
1493742758750.0,0.01664935375414576,-0.050698994391360115,-0.014447975501096687,1
1493742783750.0,0.01675864254217864,-0.05101585598166377,-0.01461418553289669,1
1493742808750.0,0.01686793133021152,-0.051332717571967425,-0.014780395564696694,1
1493742833750.0,0.016977220118244395,-0.05164957916227108,-0.014946605596496694,1
1493742858750.0,0.017086508906277276,-0.051966440752574734,-0.015112815628296694,1
1493742883750.0,0.01719579769431015,-0.05228330234287839,-0.015279025660096694,1
1493742908750.0,0.01730508648234303,-0.05260016393318205,-0.015445235691896694,1
1493742933750.0,0.017414375270375905,-0.052917025523485706,-0.015611445723696701,1
1493742958750.0,0.017523664058408786,-0.05323388711378936,-0.0157776557554967,1
1493742983750.0,0.01763295284644166,-0.053550748704093015,-0.0159438657872967,1
1493743008750.0,0.01774224163447454,-0.05386761029439667,-0.0161100758190967,1
1493743033750.0,0.017851530422507415,-0.054184471884700325,-0.016276285850896702,1
1493743058750.0,0.017960819210540296,-0.05450133347500398,-0.01644249588269671,1
1493743083750.0,0.01807010799857317,-0.054818195065307634,-0.01660870591449671,1
1493743108750.0,0.01817939678660605,-0.05513505665561129,-0.01677491594629671,1
1493743133750.0,0.018288685574638926,-0.055451918245914944,-0.01694112597809671,1
1493743158750.0,0.018397974362671807,-0.05576877983621861,-0.01710733600989671,1
1493743183750.0,0.01850726315070468,-0.05608564142652227,-0.017273546041696716,1
1493743208750.0,0.018616551938737562,-0.05640250301682592,-0.017439756073496716,1
1493743233750.0,0.018725840726770436,-0.05671936460712958,-0.017605966105296716,1
1493743258750.0,0.018835129514803317,-0.05703622619743323,-0.017772176137096717,1
1493743283750.0,0.01894441830283619,-0.05735308778773689,-0.017938386168896717,1
1493743308750.0,0.019053707090869072,-0.05766994937804054,-0.018104596200696724,1
1493743333750.0,0.019162995878901946,-0.057986810968344196,-0.018270806232496724,1
1493743358750.0,0.019272284666934827,-0.05830367255864785,-0.018437016264296724,1
1493743383750.0,0.0193815734549677,-0.058620534148951506,-0.018603226296096724,1
1493743408750.0,0.019490862243000583,-0.05893739573925516,-0.01876943632789673,1
1493743433750.0,0.019600151031033457,-0.059254257329558815,-0.01893564635969673,1
1493743458750.0,0.019709439819066338,-0.05957111891986247,-0.01910185639149673,1
1493743483750.0,0.019818728607099212,-0.05988798051016614,-0.01926806642329673,1
1493743508750.0,0.019928017395132093,-0.060204842100469794,-0.01943427645509673,1
1493743533750.0,0.020037306183164967,-0.06052170369077345,-0.01960048648689674,1
1493743558750.0,0.020146594971197848,-0.0608385652810771,-0.01976669651869674,1
1493743583750.0,0.02025588375923073,-0.06115542687138076,-0.01993290655049674,1
1493743608750.0,0.020365172547263603,-0.06147228846168441,-0.02009911658229674,1
1493743633750.0,0.020474461335296484,-0.06178915005198807,-0.02026532661409674,1
1493743658750.0,0.02058375012332936,-0.06210601164229172,-0.020431536645896746,1
1493743683750.0,0.02069303891136224,-0.06242287323259538,-0.020597746677696746,1
1493743708750.0,0.020802327699395114,-0.06273973482289903,-0.020763956709496746,1
1493743733750.0,0.020911616487427995,-0.06305659641320269,-0.020930166741296746,1
1493743758750.0,0.02102090527546087,-0.06337345800350634,-0.021096376773096746,1
1493743783750.0,0.02113019406349375,-0.06369031959381,-0.021262586804896753,1
1493743808750.0,0.021239482851526624,-0.06400718118411367,-0.021428796836696754,1
1493743833750.0,0.021348771639559505,-0.06432404277441732,-0.021595006868496754,1
1493743858750.0,0.02145806042759238,-0.06464090436472097,-0.021761216900296754,1
1493743883750.0,0.02156734921562526,-0.06495776595502463,-0.021927426932096754,1
1493743908750.0,0.021676638003658134,-0.06527462754532828,-0.02209363696389676,1
1493743933750.0,0.021785926791691015,-0.06559148913563194,-0.02225984699569676,1
1493743958750.0,0.02189521557972389,-0.0659083507259356,-0.02242605702749676,1
1493743983750.0,0.02200450436775677,-0.06622521231623925,-0.02259226705929676,1
1493744008750.0,0.022113793155789645,-0.0665420739065429,-0.022758477091096768,1
1493744033750.0,0.022223081943822526,-0.06685893549684656,-0.02292468712289677,1
1493744058750.0,0.0223323707318554,-0.06717579708715021,-0.02309089715469677,1
1493744083750.0,0.02244165951988828,-0.06749265867745387,-0.02325710718649677,1
1493744108750.0,0.022550948307921155,-0.06780952026775752,-0.02342331721829677,1
1493744133750.0,0.022660237095954036,-0.06812638185806119,-0.023589527250096776,1
1493744158750.0,0.02276952588398691,-0.06844324344836485,-0.023755737281896776,1
1493744183750.0,0.02287881467201979,-0.0687601050386685,-0.023921947313696776,1
1493744208750.0,0.022988103460052665,-0.06907696662897216,-0.024088157345496776,1
1493744233750.0,0.023097392248085546,-0.06939382821927581,-0.024254367377296776,1
1493744258750.0,0.02320668103611842,-0.06971068980957947,-0.024420577409096783,1
1493744283750.0,0.0233159698241513,-0.07002755139988312,-0.024586787440896783,1
1493744308750.0,0.023425258612184176,-0.07034441299018677,-0.024752997472696783,1
1493744333750.0,0.023534547400217057,-0.07066127458049043,-0.024919207504496783,1
1493744358750.0,0.023643836188249938,-0.07097813617079408,-0.025085417536296784,1
1493744383750.0,0.023753124976282812,-0.07129499776109774,-0.02525162756809679,1
1493744408750.0,0.023862413764315693,-0.0716118593514014,-0.02541783759989679,1
1493744433750.0,0.023971702552348567,-0.07192872094170505,-0.02558404763169679,1
1493744458750.0,0.024080991340381448,-0.07224558253200872,-0.02575025766349679,1
1493744483750.0,0.024190280128414322,-0.07256244412231237,-0.02591646769529679,1
1493744508750.0,0.024299568916447203,-0.07287930571261603,-0.026082677727096798,1
1493744533750.0,0.024408857704480078,-0.07319616730291968,-0.026248887758896798,1
1493744558750.0,0.02451814649251296,-0.07351302889322334,-0.026415097790696798,1
1493744583750.0,0.024627435280545833,-0.07382989048352699,-0.0265813078224968,1
1493744608750.0,0.024736724068578714,-0.07414675207383065,-0.026747517854296805,1
1493744633750.0,0.024846012856611588,-0.0744636136641343,-0.026913727886096805,1
1493744658750.0,0.02495530164464447,-0.07478047525443796,-0.027079937917896806,1
1493744683750.0,0.025064590432677343,-0.07509733684474161,-0.027246147949696806,1
1493744708750.0,-0.3138,-0.0523,-0.0451,1
1493744733750.0,-0.1848,-0.0393,0.109,1
1493744758750.0,0.0012,0.1406,0.0279,1
1493744783750.0,0.0735,-0.0747,0.1393,1
1493744808750.0,0.0206,0.032,0.0062,1
1493744833750.0,-0.0044,-0.0034,-0.0133,1
1493744858750.0,0.0746,0.0071,0.0108,1
1493744883750.0,0.0012,-0.0026,0.0188,1
1493744908750.0,0.0069999999999999,0.0211,-0.0196,1
1493744933750.0,-0.0152,-0.0202,0.0034,1
1493744958750.0,0.0026,-0.0263,-0.0118,1
1493744983750.0,0.0125,0.0793,-0.0156,1
1493745008750.0,-0.0438,-0.062,-0.0154,1
1493745033750.0,0.0289,-0.0929,-0.0001,1
1493745058750.0,0.0112,-0.0338,0.0716,1
1493745083750.0,0.0002,-0.0211,0.0585,1
1493745108750.0,-0.0026,-0.0018,0.0014,1
1493745133750.0,0.0065,-0.0052,0.0011,1
1493745158750.0,-0.0143,-0.0426,-0.0272,1
1493745183750.0,0.0088,0.0121,-0.0027,1
1493745208750.0,0.038,0.0138,-0.0056,1
1493745233750.0,0.0049,0.0285,-0.002,1
1493745258750.0,0.0838,0.0804,-0.0139,1
1493745283750.0,0.0465,0.0044,0.1998,1
1493745308750.0,0.0038,0.0721,0.0155,1
1493745333750.0,0.0054,0.0041,-0.0021,1
1493745358750.0,0.0071,-0.0291,-0.0338,1
1493745383750.0,0.0214,-0.0495,-0.0278,1
1493745408750.0,0.021,0.0309,0.0097,1
1493745433750.0,-0.0183,0.078,-0.0104,1
1493745458750.0,0.0129,-0.0035,-0.0226,1
1493745483750.0,0.0194,-0.0295,0.0006,1
1493745508750.0,-0.009039130434782609,-0.003365217391304348,0.020591304347826085,1
1493745533750.0,-0.0377,-0.0521,-0.0539,1
1493745558750.0,0.0012,0.0474,0.0042,1
1493745583750.0,0.1899,-0.0509,0.3023,1
1493745608750.0,0.1053,-0.1127,-0.0432,1
1493745633750.0,0.0005,-0.1414,-0.0653,1
1493745658750.0,0.102,0.0367,-0.1178,1
1493745683750.0,-0.0748,-0.0339,-0.01,1
1493745708750.0,-0.023,0.0307,0.0499,1
1493745733750.0,0.0277,-0.0636,0.0134,1
1493745758750.0,0.1134,-0.2283,-0.2949,1
1493745783750.0,-0.1102,0.0778,0.274,1
1493745808750.0,-0.077,-0.0838,0.0084,1
1493745833750.0,-0.0113,-0.0212,-0.0024,1
1493745858750.0,0.1392,-0.1647,0.0078,1
1493745883750.0,0.0091,0.0148,0.0077,1
1493745908750.0,0.5805,-0.1568,-0.2292,1
1493745933750.0,-0.0028,0.0046,-0.0011,1
1493745958750.0,-0.0058,-0.0561,0.0115,1
1493745983750.0,0.0948,-0.0348,0.0782,1
1493746008750.0,-0.0954,0.0763,-0.0576,1
1493746033750.0,-0.1221,-0.0504,0.0306,1
1493746058750.0,-0.3317,-0.0419,-0.0429,1
1493746083750.0,-0.1276,0.2721,-0.0173,1
1493746108750.0,-0.0164,-0.0284,-0.0262,1
1493746133750.0,-0.0199,-0.087,0.005,1
1493746158750.0,-0.0084,-0.2225,0.0205,1
1493746183750.0,-0.0026,0.0275,-0.0399,1
1493746208750.0,-0.016,0.0207,-0.0189,1
1493746233750.0,-0.0262,0.018,-0.023,1
1493746258750.0,-0.1193,-0.0588,-0.153,1
1493746283750.0,-0.0478,-0.0366,0.089,1
1493746308750.0,-0.1008,-0.1555,-0.1214,1
1493746333750.0,0.0036,-0.0098,0.0168,1
1493746358750.0,0.0188,-0.0069,0.0265,1
1493746383750.0,0.1829,0.2309,-0.2057,1
1493746408750.0,0.0981,0.5897,-0.2396,1
1493746433750.0,-0.0051,0.017,0.0,1
1493746458750.0,-0.0045,0.0571,0.0,1
1493746483750.0,-0.096,-0.0314,-0.0479,1
1493746508750.0,0.0325,-0.1582,-0.2005,1
1493746533750.0,0.0829,0.0301,-0.0568,1
1493746558750.0,0.0051,-0.0107,0.0587,1
1493746583750.0,0.008,0.0051,0.0146,1
1493746608750.0,0.0827,0.0329,-0.0048,1
1493746633750.0,0.1315,-0.0666,-0.2345,1
1493746658750.0,0.0621,0.0913,0.1146,1
1493746683750.0,0.3149,-0.1318,0.2042,1
1493746708750.0,-0.0812,0.0103,0.2028,1
1493746733750.0,-0.0392,-0.1134,0.1322,1
1493746758750.0,0.0109,0.0088,0.011,1
1493746783750.0,-0.1137,0.0782,0.068,1
1493746808750.0,0.0022,0.0004,0.004,1
1493746833750.0,-0.0321,0.1848,0.1005,1
1493746858750.0,-0.0018,-0.0836,-0.0388,1
1493746883750.0,0.0015,0.0006,-0.0001,1
1493746908750.0,0.0035,0.0008,0.0003,1
1493746933750.0,0.0028,0.0009,0.0,1
1493746958750.0,0.0241,0.0452,-0.0144,1
1493746983750.0,0.0576,-0.2196,-0.1455,1
1493747008750.0,-0.1338,-0.0025,0.4464,1
1493747033750.0,0.0496,0.1018,0.1128,1
1493747058750.0,-0.0079,-0.0017,-0.0087,1
1493747083750.0,-0.0024,-0.0037,0.0026,1
1493747108750.0,0.0002,-0.0029,-0.0018,1
1493747133750.0,0.0005,-0.0007,0.0034,1
1493747158750.0,0.0056,-0.0016,-0.0041,1
1493747183750.0,-0.0037,0.0033,-0.0007,1
1493747208750.0,0.0011,0.0027,0.0021,1
1493747233750.0,-0.0022,0.0001,0.0,1
1493747258750.0,0.0166,0.0282,0.0244,1
1493747283750.0,-0.0113,0.0099,-0.0209,1
1493747308750.0,0.0314,0.0114,0.0389,1
1493747333750.0,-0.019,-0.0256,0.028,1
1493747358750.0,0.0065,-0.0052,-0.0514,1
1493747383750.0,0.0056,0.0097,0.0114,1
1493747408750.0,-0.0098,0.0609,0.0132,1
1493747433750.0,-0.008,-0.027,0.0289,1
1493747458750.0,-0.0345,0.1121,-0.1611,1
1493747483750.0,-0.0144,0.142,-0.054,1
1493747508750.0,-0.092,-0.0715,-0.1422,1
1493747533750.0,0.0045,0.0419,0.0096,1
1493747558750.0,-0.4948,0.2951,-0.2321,1
1493747583750.0,-0.6101,-0.1512,-0.383,1
1493747608750.0,-0.0053,-0.0021,0.0107,1
1493747633750.0,-0.0053,-0.0064,0.0126,1
1493747658750.0,0.0053,0.0271,0.0204,1
1493747683750.0,-0.0032,-0.0027,0.0112,1
1493747708750.0,0.0014,-0.0024,0.0122,1
1493747733750.0,-0.0066,-0.0049,0.0133,1
1493747758750.0,-0.0116,0.0063,0.0131,1
1493747783750.0,0.0087,0.004,0.0154,1
1493747808750.0,0.0017,0.0061,0.0167,0
1493747833750.0,0.0148,0.0096,0.011,0
1493747858750.0,-0.0068,0.0075,0.0091,0
1493747883750.0,0.011,0.0012,0.0236,0
1493747908750.0,-0.0002,0.0036,0.0187,0
1493747933750.0,0.0039,0.0036,0.0185,0
1493747958750.0,-0.0018,0.0036,0.0242,0
1493747983750.0,-0.013,0.0009,0.0084,0
1493748008750.0,-0.0073,-0.0005,0.0053,0
1493748033750.0,0.018,0.0661,0.0237,0
1493748058750.0,0.0012,0.0104,0.0123,0
1493748083750.0,-0.0182,0.0816,0.009,0
1493748108750.0,0.0069999999999999,-0.0038,0.019,0
1493748133750.0,0.0005,0.0016,0.0172,0
1493748158750.0,-0.003,0.0051,0.0216,0
1493748183750.0,-0.0006,0.0048,0.018,0
1493748208750.0,-0.0035,0.0054,0.0129,0
1493748233750.0,-0.0101,0.0063,0.0035,0
1493748258750.0,-0.0028,0.0041,0.0198,0
1493748283750.0,0.0013,0.0025,0.01,0
1493748308750.0,0.0003,0.0016,0.0199,0
1493748333750.0,-0.0014,0.0039,0.016,0
1493748358750.0,-0.0017,-0.002,0.014,0
1493748383750.0,-0.0008,0.0027,0.014,0
1493748408750.0,0.0399,-0.0481,0.0233,0
1493748433750.0,-0.0038,0.0039,0.0142,0
1493748458750.0,-0.0003,0.0045,0.0118,0
1493748483750.0,-0.0042,0.0033,0.0148,0
1493748508750.0,-0.0027,0.0034,0.0143,0
1493748533750.0,-0.0129,0.0126,0.0191,0
1493748558750.0,0.0002,0.0079,0.0257,0
1493748583750.0,-0.0,0.0044,0.0109,0
1493748608750.0,-0.0013,0.0031,0.0149,0
1493748633750.0,0.0057,0.0035,0.0128,0
1493748658750.0,-0.0103,0.0088,0.013,0
1493748683750.0,-0.004,0.0049,0.0131,0
1493748708750.0,-0.003,0.003,0.0147,0
1493748733750.0,0.0558,0.0435,0.0401,0
1493748758750.0,0.0039,-0.0021,-0.0038,0
1493748783750.0,0.1259,-0.2603,0.0291,0
1493748808750.0,0.0182,0.054,-0.0107,0
1493748833750.0,0.001,-0.0144,0.0056,0
1493748858750.0,-0.034,-0.0088,-0.0217,0
1493748883750.0,-0.0193,0.0233,0.0018,0
1493748908750.0,0.0618,0.1902,-0.3944,0
1493748933750.0,-0.1048,-0.0962,0.0435,0
1493748958750.0,-0.1119,-0.0635,0.1558,0
1493748983750.0,0.488,-0.1338,0.3053,0
1493749008750.0,1.5597,-0.5629,0.5866,0
1493749033750.0,-0.8743,0.0784,0.3458,0
1493749058750.0,0.4578,-0.0436,0.0441,0
1493749083750.0,0.0795,-0.2625,0.2823,0
1493749108750.0,-0.0475,-0.0097,-0.021,0
1493749133750.0,0.0035,0.0123,0.0072,0
1493749158750.0,-0.0005,-0.0621,-0.0749,0
1493749183750.0,-0.0138,-0.0674,0.004,0
1493749208750.0,0.0359,-0.0412,-0.0159,0
1493749233750.0,0.0057,0.0591,-0.03,0
1493749258750.0,-0.086,0.1563,-0.1507,0
1493749283750.0,0.0038,-0.0034,0.0339,0
1493749308750.0,-0.0443,0.1403,-0.1804,0
1493749333750.0,-0.003,0.0039,-0.0165,0
1493749358750.0,-0.001,-0.0469,-0.0333,0
1493749383750.0,-0.0059,0.0004,-0.0004,0
1493749408750.0,-0.0334,-0.0101,0.0077,0
1493749433750.0,-0.0008,-0.001,0.0147,0
1493749458750.0,0.0612,0.1142,0.0666,0
1493749483750.0,0.042,-0.0691,-0.0056,0
1493749508750.0,-0.0194,0.0414,0.0108,0
1493749533750.0,-0.0752,0.0198,0.0016,0
1493749558750.0,0.063,0.1756,-0.0494,0
1493749583750.0,-0.0779,-0.0651,-0.0847,0
1493749608750.0,-0.1369999999999999,0.0544,0.1366,0
1493749633750.0,-0.0205,-0.0084,0.0362,0
1493749658750.0,0.0304,0.5495,-0.1731,0
1493749683750.0,-0.0314,0.0033,-0.05,0
1493749708750.0,-0.0023,0.0028,0.0119,0
1493749733750.0,0.0969,0.3801,-0.0008,0
1493749758750.0,-0.0712,-0.0369,-0.0089,0
1493749783750.0,0.1635,-0.002,0.4465,0
1493749808750.0,-0.0236,0.001,-0.0129,0
1493749833750.0,0.0327,0.08,0.0432,0
1493749858750.0,0.0608,-0.163,-0.0305,0
1493749883750.0,-0.0053,-0.1809,0.0071,0
1493749908750.0,-0.0111,0.0205,0.051,0
1493749933750.0,-0.0118,-0.0177,-0.0325,0
1493749958750.0,0.0325,0.0301,-0.001,0
1493749983750.0,-0.0056,0.002,-0.0084,0
1493750008750.0,-0.021,0.037,-0.0369,0
1493750033750.0,0.0014,0.0099,0.1087,0
1493750058750.0,-0.0097,0.0159,0.0597,0
1493750083750.0,-0.0109,0.0783,-0.0056,0
1493750108750.0,0.0059,0.0051,-0.0108,0
1493750133750.0,0.0095,-0.0111,0.0111,0
1493750158750.0,-0.0226,-0.0821,-0.0204,0
1493750183750.0,-0.0569,-0.0624,0.0209,0
1493750208750.0,-0.0227,0.0311,0.0062,0
1493750233750.0,0.0019,-0.0378,-0.0366,0
1493750258750.0,0.0532,0.1764,-0.1117,0
1493750283750.0,-0.3036,-0.9517,0.0834,0
1493750308750.0,0.0148,0.074,-0.0212,0
1493750333750.0,0.0124,0.0682,0.0069999999999999,0
1493750358750.0,-0.0049,0.0246,-0.0023,0
1493750383750.0,0.0029,0.0892,0.0455,0
1493750408750.0,0.0136,0.0062,-0.0067,0
1493750433750.0,-0.0069,-0.0053,-0.0083,0
1493750458750.0,0.0115,-0.0096,-0.009,0
1493750483750.0,-0.1793,0.0446,0.735,0
1493750508750.0,0.0228,0.0363,0.0581,0
1493750533750.0,-0.0043,-0.0198,0.0375,0
1493750558750.0,-0.0016,-0.0764,0.0546,0
1493750583750.0,0.0286,0.0382,-0.0191,0
1493750608750.0,-0.0289,-0.2463,0.2201,0
1493750633750.0,-0.0133,0.0551,0.0456,0
1493750658750.0,-0.0111,0.0104,0.0589,0
1493750683750.0,-0.0138,0.0552,0.0272,0
1493750708750.0,-0.0187,-0.0283,-0.0008,0
1493750733750.0,-0.0345,-0.0185,-0.0191,0
1493750758750.0,0.0377,-0.0475,-0.0093,0
1493750783750.0,-0.0022,0.0064,-0.0014,0
1493750808750.0,-0.0652,-0.1322,0.0062,0
1493750833750.0,-0.1421,0.0256,-0.1364,0
1493750858750.0,0.0029,-0.0079,0.0011,0
1493750883750.0,0.0205,0.0188,0.0745,0
1493750908750.0,0.0044,-0.004,0.0068,0
1493750933750.0,0.1594,-0.5546,0.6202,0
1493750958750.0,-0.0619,0.0554,-0.1042,0
1493750983750.0,-0.1379,-0.2401,-0.3278,0
1493751008750.0,-0.8904,-0.2104,-0.4343,0
1493751033750.0,0.0038,-0.0287,-0.1268,0
1493751058750.0,0.0738,0.1561,0.3274,0
1493751083750.0,-0.0075,-0.2061,-0.0564,0
1493751108750.0,0.0821,0.0504,-0.0728,0
1493751133750.0,-0.1221,0.0031,0.0897,0
1493751158750.0,-0.0858,0.0623,0.0989,0
1493751183750.0,-0.0064,0.003,-0.0045,0
1493751208750.0,-0.0372,-0.0167,0.0003,0
1493751233750.0,0.0121,-0.0242,-0.0262,0
1493751258750.0,0.1234,0.031,0.1289,0
1493751283750.0,0.0061,0.0069,-0.0263,0
1493751308750.0,0.0265,0.0188,0.002,0
1493751333750.0,-0.0928,-0.0859,0.3151,0
1493751358750.0,0.2404,0.1371,0.6392,0
1493751383750.0,0.009,-0.0038,-0.0069,0
1493751408750.0,0.0174,0.0747,-0.0253,0
1493751433750.0,-0.0252,-0.0021,-0.0268,0
1493751458750.0,0.1196,0.0122,-0.0579,0
1493751483750.0,-0.0158,0.0882,0.0211,0
1493751508750.0,-0.0865,0.0,-0.0175,0
1493751533750.0,0.0742,0.1173,0.0485,0
1493751558750.0,-0.0249,-0.0049,0.1189,0
1493751583750.0,-0.0608,0.0575,-0.2097,0
1493751608750.0,0.0358,-0.2078,0.1767,0
1493751633750.0,0.0002,0.1145,-0.017,0
1493751658750.0,0.2001,0.0343,0.1975,0
1493751683750.0,0.0088,0.0558,0.0661,0
1493751697500.0,-0.0014,0.0039,-0.0027,0
