1493740584200.0,-0.037077136,-0.0099698305,0.12931442,0
1493740586700.0,0.0014527589,-0.016896814,0.16725922,0
1493740589200.0,0.025511608,-0.042926878,0.20566654,0
1493740591700.0,0.022735164,0.089196056,0.20570755,0
1493740594200.0,0.036312535,0.0033058822,0.12934208,0
1493740596700.0,0.010862682,0.024797231,0.14850426,0
1493740599200.0,-0.025961645,0.00558874,0.071902275,0
1493740601700.0,-0.029731914,0.07184017,0.18653202,0
1493740604200.0,0.013065856,0.007877976,0.1676054,0
1493740606700.0,-0.011498973,0.03778562,0.12893963,0
1493740609200.0,0.0006517432599999,0.035680562,-0.0056648254,0
1493740611700.0,0.022220865,0.11648351,0.12830925,0
1493740614200.0,0.027505748,0.050840974,0.09081745,0
1493740616700.0,-0.0063466504,0.04623872,0.09098816,0
1493740619200.0,-0.022548988,0.00067439675,0.033771515,0
1493740621700.0,-0.014252022,-0.090317935,0.14847088,0
1493740624200.0,0.024544828,-0.04357022,0.109910965,0
1493740626700.0,-0.02562248,0.009414613,0.205863,0
1493740629200.0,-0.026788672032332563,0.026780318290993074,0.06768346853810624,0
1493740631700.0,-0.030014654711316396,0.026469362401847576,0.05864690883833718,0
1493740634200.0,-0.033240637390300226,0.02615840651270208,0.04961034913856813,0
1493740636700.0,-0.03646662006928406,0.025847450623556582,0.04057378943879908,0
1493740639200.0,-0.0396926027482679,0.025536494734411087,0.031537229739030025,0
1493740641700.0,-0.04291858542725173,0.02522553884526559,0.02250067003926097,0
1493740644200.0,-0.046144568106235566,0.02491458295612009,0.013464110339491915,0
1493740646700.0,-0.0493705507852194,0.024603627066974595,0.00442755063972286,0
1493740649200.0,-0.05259653346420323,0.024292671177829097,-0.0046090090600461875,0
1493740651700.0,-0.045401216,0.06683874,0.016561985,0
1493740654200.0,0.12656462,0.2163291,-0.047152996,0
1493740656700.0,0.04017794,0.111219406,-0.09568024,0
1493740659200.0,-0.018723905,0.10569525,0.15801811,0
1493740661700.0,-0.11118746,-0.017257214,0.11203766,0
1493740664200.0,-0.015477687,0.001414299,0.09313679,0
1493740666700.0,-0.07555583,-0.033847332,0.010660648,0
1493740669200.0,0.057082713,0.03242302,0.0012331009,0
1493740671700.0,-0.06704211,-0.043645382,0.2638998,0
1493740674200.0,0.107849,0.0866189,0.0580616,0
1493740676700.0,-0.11805266,0.10996103,0.087061405,0
1493740679200.0,1.1675766,0.5459199,1.6650991000000002,0
1493740681700.0,0.19942333,0.14031172,-0.51821804,0
1493740684200.0,0.080622554,0.18430376,0.2220788,0
1493740686700.0,-3.518764,0.4456048,3.3954230000000005,0
1493740689200.0,-2.4946781544186045,-1.220957417395349,5.439946703255814,0
1493740691700.0,-3.9702178753488377,-2.367980687162791,5.739178866046513,0
1493740694200.0,-5.44575759627907,-3.515003956930233,6.03841102883721,0
1493740696700.0,-6.921297317209303,-4.662027226697674,6.337643191627908,0
1493740699200.0,-2.8548079,-3.0589006000000003,1.1284332,0
1493740701700.0,-0.1491017094285716,-1.5000219571428572,0.291314310952381,0
1493740704200.0,1.4314883652173913,-0.0027806691304347597,0.2176280660869565,0
1493740706700.0,1.7426903202020203,0.24713558949494951,0.28736830939393937,0
1493740709200.0,1.7756667343434345,0.32702905414141414,0.315269066969697,0
1493740711700.0,1.8409449474654378,0.22690592672811055,0.7717146070967742,0
1493740714200.0,1.7247856156682027,-0.2238774834101383,1.614119736129032,0
1493740716700.0,1.6086262838709677,-0.6746608935483871,2.45652486516129,0
1493740719200.0,1.4924669520737326,-1.1254443036866362,3.298929994193548,0
1493740721700.0,1.4646826000000002,-2.316459,1.629395,0
1493740724200.0,1.1093171,0.60143423,-0.83646536,0
1493740726700.0,1.8950088,0.9780445,0.023935318,0
1493740729200.0,1.1448874,0.8959789,-0.18131876,0
1493740731700.0,0.2768559,3.939086,-7.587113,0
1493740734200.0,0.47225427788235297,3.3450899576470587,-6.612482809411765,0
1493740736700.0,0.5426546072941176,3.332486545882353,-6.768532456470588,0
1493740739200.0,7.043841404494382,2.8297896352059926,0.5351684992509363,0
1493740741700.0,6.897199831460674,2.800789813108614,0.883478761423221,0
1493740744200.0,6.750558258426966,2.771789991011236,1.2317890235955056,0
1493740746700.0,6.6039166853932585,2.742790168913858,1.5800992857677905,0
1493740749200.0,6.45727511235955,2.7137903468164795,1.928409547940075,0
1493740751700.0,6.310633539325843,2.684790524719101,2.27671981011236,0
1493740754200.0,6.1639919662921345,2.6557907026217227,2.6250300722846442,0
1493740756700.0,6.017350393258427,2.6267908805243447,2.973340334456929,0
1493740759200.0,5.870708820224719,2.5977910584269663,3.3216505966292136,0
1493740761700.0,5.7240672471910115,2.568791236329588,3.6699608588014985,0
1493740764200.0,0.18508043899999999,2.031715228,5.722345606666666,0
1493740766700.0,-1.3512301110000002,1.743601628,5.385995939999999,0
1493740769200.0,-2.887540661,1.455488028,5.049646273333332,0
1493740771700.0,-5.1054907,1.5714645,2.8562686,0
1493740774200.0,-5.500438389078498,1.484752909215017,2.4683248788395904,0
1493740776700.0,-5.282230112627986,1.4853156737201365,2.486278530716724,0
1493740779200.0,-5.064021836177474,1.485878438225256,2.504232182593857,0
1493740781700.0,-4.845813559726963,1.4864412027303755,2.52218583447099,0
1493740784200.0,-4.62760528327645,1.4870039672354949,2.5401394863481235,0
1493740786700.0,-4.330336320454545,1.3373111318181818,2.5342652159090906,0
1493740789200.0,-4.3437768318181815,1.2997694272727274,2.209955613636364,0
1493740791700.0,-4.639721,-7.8322225,-5.8111315,0
1493740794200.0,-2.92336776,-7.4656879699999985,-4.702210124,0
1493740796700.0,-1.1205717600000002,-7.022013469999999,-3.956489724,0
1493740799200.0,-2.752546203773585,-16.065069981132076,2.445609279245283,0
1493740801700.0,-6.291053,-4.021792,1.8334944,0
1493740804200.0,0.41218725,0.9128313,-1.55545,0
1493740806700.0,0.6519550999999999,-1.6646299,-2.1205802000000005,0
1493740809200.0,3.8155598214285713,-0.4519355616071428,0.19526663571428582,0
1493740811700.0,2.0904212,-0.0062999725,-0.350312,0
1493740814200.0,1.3502967,0.20760345,-0.24624735,0
1493740816700.0,1.240017604819277,0.17204592566265062,-0.2475599569879518,0
1493740819200.0,1.2344457,0.21885395,-0.2514534,0
1493740821700.0,1.0549873485714287,0.30230156971428573,-0.167420686,0
1493740824200.0,1.0974131104761906,0.21384055542857144,-0.262594486,0
1493740826700.0,1.0047127382978724,0.10054983404255322,-1.2820003829787237,0
1493740829200.0,1.404066339361702,-0.7154849372340424,-5.099347143617021,0
1493740831700.0,-5.784701650877194,3.232927043508772,-0.5379147982456141,0
1493740834200.0,-4.766678975438597,1.3038643417543856,-0.40731714912280703,0
1493740836700.0,-3.7486563,-0.62519836,-0.2767195,0
1493740839200.0,-2.027488395172414,-0.3055468613793103,-0.8759070188965516,0
1493740841700.0,-3.0585443606896554,0.4218654144827585,-1.0890922395862068,0
1493740844200.0,-4.089600326206897,1.1492776903448276,-1.302277460275862,0
1493740846700.0,-7.684401716981132,-16.92370586792453,2.5595678943396223,0
1493740849200.0,-9.274495113207546,-21.25152945283019,0.943259512264151,0
1493740851700.0,-6.6886363529411765,-11.331157823529411,-2.9707802823529406,0
1493740854200.0,-2.963566866666667,-4.5377210125,-1.2569931583333336,0
1493740856700.0,5.275083,0.2400198,-1.5702678999999995,0
1493740859200.0,12.122475,-8.369177,7.10703,0
1493740861700.0,8.272605134259258,-3.2961721863425932,1.3450041564814816,0
1493740864200.0,5.333513236111111,-2.6265235173611114,0.6090617027777779,0
1493740866700.0,2.394421337962962,-1.9568748483796299,-0.12688075092592577,0
1493740869200.0,-0.5446705601851853,-1.2872261793981483,-0.8628232046296296,0
1493740871700.0,-3.4837624583333344,-0.6175775104166665,-1.5987656583333332,0
1493740874200.0,-1.0462837972375691,0.4688315254143646,-0.24934013977900554,0
1493740876700.0,0.9942163408839775,-0.37991570386740336,0.28929387127071815,0
1493740879200.0,3.0347164790055245,-1.2286629331491712,0.8279278823204419,0
1493740881700.0,5.075216617127071,-2.0774101624309393,1.3665618933701655,0
1493740884200.0,14.575679,-7.1284504,2.6446435,0
1493740886700.0,1.2987883,0.12791729,-1.2017045,0
1493740889200.0,-4.1526933,-0.18553734,-2.1325936000000003,0
1493740891700.0,-5.053282,-2.941328,3.7280273,0
1493740894200.0,-0.86273706,1.3151913,-1.6075037,0
1493740896700.0,3.8917544177215193,-9.388247212658229,-5.742092316455697,0
1493740899200.0,-5.3544574,4.8784714000000005,-0.53877723,0
1493740901700.0,-2.769555349999999,-0.8089284399999999,-2.3863081100000003,0
1493740904200.0,-6.052123006896552,-8.692739597701149,7.729278382183908,0
1493740906700.0,-5.309639731034483,-6.6712090229885055,7.34244892816092,0
1493740909200.0,-4.567156455172414,-4.6496784482758615,6.955619474137931,0
1493740911700.0,8.343521068965517,-2.780798124137931,-0.8561932965517242,0
1493740914200.0,4.9557417586206896,1.2648676344827594,0.3406457379310346,0
1493740916700.0,1.5679624482758623,5.310533393103451,1.5374847724137937,0
1493740919200.0,10.661751,-5.954901,-1.6404128,0
1493740921700.0,6.360812,-6.7139254,-2.1253414,0
1493740924200.0,0.14890575,5.113471,7.449502499999999,0
1493740926700.0,2.7518854,-11.709798,-6.9819784,0
1493740929200.0,0.54030514,1.1614895,-0.51801324,0
1493740931700.0,-0.08304596,2.5610805,2.4208827,0
1493740934200.0,0.37271877183673463,0.0021331771428571428,1.4139301775510202,0
1493740936700.0,1.6672021119565217,0.2362848814130435,0.9285792873913045,0
1493740939200.0,1.333222927173913,0.3368228868478261,0.4391327004347826,0
1493740941700.0,0.06497274187499999,-0.083560439375,0.1602981518125,0
1493740944200.0,4.0052657,0.009386063,0.78495204,0
1493740946700.0,1.211746967804878,0.29325349756097563,0.4802616214634146,0
1493740949200.0,2.0292219921951222,0.1433138024390244,0.23850793853658536,0
1493740951700.0,4.336971,2.6129475,2.9043128,0
1493740954200.0,1.4727323665909093,-4.234808210227273,-1.8396741909090912,0
1493740956700.0,3.964959770000001,-8.26243875,-5.3824926,0
1493740959200.0,6.457187173409093,-12.290069289772728,-8.925311009090908,0
1493740961700.0,-5.674395170588236,7.683767981176471,-0.43345710020588235,0
1493740964200.0,0.09713352,0.39801598,-0.022913843,0
1493740966700.0,0.23910443774834436,-0.21082279132450332,-0.03585559160264902,0
1493740969200.0,0.23984895927152317,-0.02638407278145699,-0.30951210716556293,0
1493740971700.0,0.24059348079470197,0.1580546457615894,-0.5831686227284768,0
1493740974200.0,0.2413380023178808,0.34249336430463573,-0.8568251382913907,0
1493740976700.0,0.2420825238410596,0.5269320828476821,-1.1304816538543048,0
1493740979200.0,0.2428270453642384,0.7113708013907285,-1.4041381694172188,0
1493740981700.0,0.6042907,0.15820313,0.06325698,0
1493740984200.0,-1.1228721000000002,0.057412148,-0.20375966,0
1493740986700.0,-0.19330790102040815,0.6668004469387754,-0.8548880959183671,0
1493740989200.0,-0.5493703168367348,1.0860293244897958,-2.9195974326530605,0
1493740991700.0,-0.60129416,0.1125803,0.22408521,0
1493740994200.0,1.1347563666666667,-0.22072664888888888,-0.2810435488888889,0
1493740996700.0,-0.3163675,0.25111008,-0.33759707,0
1493740999200.0,-0.045402735,0.33333874,0.038170457,0
1493741001700.0,-0.034359068,0.29974747,0.106119365,0
1493741004200.0,-0.0041392893,0.31958103,0.14065877,0
1493741006700.0,-0.086400524,0.3002653,-0.032681197,0
1493741009200.0,0.046583474,0.32073116,-0.04314357,0
1493741011700.0,0.05424603575903614,0.29880193012048195,-0.02397665686746988,0
1493741014200.0,0.025888098409638488,0.28754109879518064,-0.0608138713253012,0
1493741016700.0,0.042849846,0.27902603,-0.095505595,0
1493741019200.0,0.08592998,0.33809757,-0.0008867085,0
1493741021700.0,-3.934886,1.0372171,0.8042589,0
1493741024200.0,0.5738486999999999,-3.5272589,8.234205000000001,0
1493741026700.0,-1.7485050370967739,-7.340495262903225,-0.9937107806451606,0
1493741029200.0,6.309664,0.13476658,2.180532,0
1493741031700.0,-4.2075987,2.753168,2.369294,0
1493741034200.0,6.0719997754716974,-0.5642270320754723,1.1586033132075468,0
1493741036700.0,10.358827239495799,-9.736856615126051,3.198554670252101,0
1493741039200.0,11.033495726890756,-6.688921993277312,1.978158926554622,0
1493741041700.0,11.708164214285715,-3.6409873714285714,0.757763182857143,0
1493741044200.0,8.173180654545455,-0.05475672727272762,-1.39239809090909,0
1493741046700.0,5.978088268181819,8.746493840909089,5.311007136363638,0
1493741049200.0,3.0310627999999995,4.3164597,-3.1985192,0
1493741051700.0,3.5512729,2.7685986,0.7007606,0
1493741054200.0,-2.4204264,1.7201214,-0.6971265,0
1493741056700.0,0.19465637,1.5754395,-4.7586203000000005,0
1493741059200.0,-1.9483032,-7.0556917000000015,2.4330952,0
1493741061700.0,4.9916306,4.3228455000000015,-1.6424983,0
1493741064200.0,-0.29805629074747475,-9.641528787878787,2.024943795959596,0
1493741066700.0,-0.6713085311515151,-10.026597727272726,-0.839696557575758,0
1493741069200.0,-0.7359270223790323,-9.026970612903225,1.7791612427419354,0
1493741071700.0,-0.41457386713709676,-9.610623838709678,1.3472369282258065,0
1493741074200.0,-0.09322071189516123,-10.194277064516129,0.9153126137096774,0
1493741076700.0,0.2281324433467743,-10.77793029032258,0.4833882991935483,0
1493741079200.0,0.5494855985887098,-11.361583516129032,0.051463984677419417,0
1493741081700.0,0.8708387538306454,-11.945236741935483,-0.3804603298387097,0
1493741084200.0,1.192191909072581,-12.528889967741936,-0.8123846443548388,0
1493741086700.0,1.5135450643145165,-13.112543193548387,-1.244308958870968,0
1493741089200.0,1.834898219556452,-13.696196419354838,-1.6762332733870966,0
1493741091700.0,2.1562513747983876,-14.27984964516129,-2.108157587903226,0
1493741094200.0,1.0936756,-12.402691,-1.8738142,0
1493741096700.0,0.09414101,2.5158422000000003,-0.4100818,0
1493741099200.0,1.5049796,6.3128357,-6.645838,0
1493741101700.0,0.4425269739130435,-0.7546638173913038,-5.848195065217392,0
1493741104200.0,5.0559689304347835,-9.129382513043478,-7.142640173913045,0
1493741106700.0,-0.4945798,-11.572472,-1.9895561,0
1493741109200.0,-1.748205208653846,-1.031270387403846,-2.800334488048077,0
1493741111700.0,-2.8461023721153844,-3.3177962383653843,-1.0995356500673075,0
1493741114200.0,1.4224424,-0.54761076,-0.31596428,0
1493741116700.0,-3.0362477872340428,-1.1739612510638295,1.2686138531914894,0
1493741119200.0,-2.9914038156028373,-3.404522137588652,1.7088365127659575,0
1493741121700.0,1.8545201566084788,-5.1460010478803,0.2778459835411471,0
1493741124200.0,2.810504433416459,-4.660201845885287,0.5111407092269327,0
1493741126700.0,3.766488710224439,-4.174402643890274,0.7444354349127182,0
1493741129200.0,4.722472987032419,-3.6886034418952622,0.9777301605985038,0
1493741131700.0,5.678457263840399,-3.2028042399002494,1.2110248862842894,0
1493741134200.0,6.634441540648379,-2.717005037905237,1.444319611970075,0
1493741136700.0,7.590425817456359,-2.2312058359102243,1.6776143376558605,0
1493741139200.0,8.546410094264338,-1.745406633915212,1.910909063341646,0
1493741141700.0,4.893568,-8.126329,2.7794058,0
1493741144200.0,5.049802884313726,9.146342117647059,2.2604114392156864,0
1493741146700.0,0.8906274,1.1122112,1.5159535,0
1493741149200.0,-0.4203303872340425,1.439008765957447,-0.2722120234042553,0
1493741151700.0,-2.561512621276596,-1.1601577765957445,1.8734820723404255,0
1493741154200.0,0.7444593076923076,-1.8793504384615387,1.4492113153846158,0
1493741156700.0,-3.4365908632478637,1.015442638461538,-3.757264026495725,0
1493741159200.0,5.868824,5.056875700000001,1.0518541,0
1493741161700.0,1.7172499,1.7014898999999997,5.8595896,0
1493741164200.0,-3.066118,-1.8684039,-4.5449467000000014,0
1493741166700.0,1.2422686,-2.3101807,4.602797499999999,0
1493741169200.0,-2.186777789655172,-2.608292503448276,0.6449402689655173,0
1493741171700.0,-7.2447963,4.0059214,4.218979,0
1493741174200.0,3.5253234,-0.4443636,1.2758336,0
1493741176700.0,11.835513,-1.3271875,1.1847955,0
1493741179200.0,-4.1791716,7.6161766,2.4177258,0
1493741181700.0,5.4267970000000005,-0.38242626,1.300764,0
1493741184200.0,1.8051538931034483,3.0986856931034485,-1.5857730786206896,0
1493741186700.0,0.9173349850574715,4.0790217850574715,-0.7510099636781609,0
1493741189200.0,-7.785284496590909,0.45491745,-1.2475415363636362,0
1493741191700.0,-2.0482447806818174,0.51862995,0.3796398272727275,0
1493741194200.0,-1.62762393,1.5770015000000006,-5.23663875,0
1493741196700.0,-7.1370397,3.5301838,3.3768769999999995,0
1493741199200.0,-10.237575847826088,6.315439839130434,-2.342984,0
1493741201700.0,-3.968108,4.522113,-3.3143134,0
1493741204200.0,-5.703581535694444,1.6883719291666668,-2.7200224805555555,0
1493741206700.0,-1.4854303620833331,1.6743171375,0.39476765833333305,0
1493741209200.0,9.675316904761905,-3.4331755809523807,-3.8152374809523804,0
1493741211700.0,8.165228809523809,-2.967397961904762,-1.9402448619047616,0
1493741214200.0,-2.2360160152317885,-10.403265427019868,4.836786738410597,0
1493741216700.0,-1.3829993264900664,-5.552793996556291,3.467476175496689,0
1493741219200.0,-0.5299826377483448,-0.7023225660927146,2.0981656125827817,0
1493741221700.0,-0.5361378000000001,-0.7750081999999999,-3.5328932,0
1493741224200.0,-5.98200444923077,-0.26717035600000005,-0.7393749098461538,0
1493741226700.0,-7.778142999999999,-9.242027,-16.977857999999998,0
1493741229200.0,9.564984,-1.0006628,-10.921833,0
1493741231700.0,-4.427439,3.8317728,-0.3256579,0
1493741234200.0,2.2764601672727274,0.4497364858181818,-0.304301956,0
1493741236700.0,4.650032,-7.5914220000000014,-3.4157805,0
1493741239200.0,-1.264277,-0.039979935,1.7363352,0
1493741241700.0,-3.73897,-0.6806506999999999,0.7598416,0
1493741244200.0,-2.159119317021277,-0.09012283165957446,-1.0266570957446808,0
1493741246700.0,1.1462687,-0.2256546,-1.531776,0
1493741249200.0,2.09381757393617,-1.8013174154787233,-1.1788992255319148,0
1493741251700.0,2.1538204728723405,-1.2522576734574469,-2.54920965106383,0
1493741254200.0,2.2138233718085107,-0.7031979314361703,-3.9195200765957448,0
1493741256700.0,2.273826270744681,-0.15413818941489366,-5.28983050212766,0
1493741259200.0,3.12191,-0.7961425999999999,-1.16981,0
1493741261700.0,6.919846745901639,2.505361467213115,-2.307186987704918,0
1493741264200.0,8.130021581967213,4.448985155737705,-2.7507439959016393,0
1493741266700.0,4.978889822222222,3.4134183664126985,-0.8697250853968255,0
1493741269200.0,2.427826211111111,1.9330925314920635,-0.23225849412698407,0
1493741271700.0,-0.12323740000000072,0.45276669657142854,0.4052080971428572,0
1493741274200.0,-0.7383728153846154,0.3378583982051282,0.23939849230769228,0
1493741276700.0,-0.34864667435897445,0.5442147785470086,-0.3539936871794872,0
1493741279200.0,-0.77458,-0.3502015999999999,0.39685994,0
1493741281700.0,0.4506029,0.36688423,-1.0127175,0
1493741284200.0,-7.434951387654323,-13.854265543209877,-4.5982702444444445,0
1493741286700.0,-6.636282560493828,-11.975868938271605,-4.820338022222222,0
1493741289200.0,-5.837613733333334,-10.097472333333332,-5.0424058,0
1493741291700.0,-5.038944906172839,-8.219075728395062,-5.264473577777777,0
1493741294200.0,-3.301115121686747,-3.337976673493976,6.338798362650603,0
1493741296700.0,-3.5403030734939764,-3.0774352879518077,5.324643001204819,0
1493741299200.0,-0.5473919,-1.4682188,3.0837288,0
1493741301700.0,1.1103098676767678,-1.4736735474747475,1.471750317171717,0
1493741304200.0,5.6120877,1.4962548999999998,-3.3037617,0
1493741306700.0,5.698460061718752,-4.603101296875,0.36827410156249996,0
1493741309200.0,5.323565960156252,-2.733897390625,1.4849068880208331,0
1493741311700.0,4.948671858593752,-0.8646934843750005,2.6015396744791666,0
1493741314200.0,4.573777757031251,1.0045104218749996,3.7181724609374998,0
1493741316700.0,4.198883655468751,2.8737143281249997,4.834805247395833,0
1493741319200.0,3.8239895539062507,4.742918234374999,5.951438033854167,0
1493741321700.0,3.4490954523437507,6.612122140624999,7.068070820312499,0
1493741324200.0,3.0742013507812507,8.481326046875,8.184703606770833,0
1493741326700.0,1.4099271897142858,3.8113590199999994,3.0716729857142853,0
1493741329200.0,-0.014245652,-0.026692271,0.2220583,0
1493741331700.0,0.039063532,-0.026663065,0.18377304,0
1493741334200.0,1.4764556,0.338243,-2.3953614,0
1493741336700.0,0.033310354,0.14050484,-0.041765213,0
1493741339200.0,-0.10757673,0.09076643,-0.0018897057,0
1493741341700.0,0.030435622,0.09146643,0.01051569,0
1493741344200.0,0.1645999,0.098279,0.0039954185,0
1493741346700.0,-0.03834331,-0.006568432,0.13237715,0
1493741349200.0,0.07799276,0.08237314,-0.031093597,0
1493741351700.0,0.12552094,0.026879787,-0.0764122,0
1493741354200.0,-0.25159,0.32337093,-0.24418736,0
1493741356700.0,0.40002036,-0.50017715,0.3111925,0
1493741359200.0,0.031036377,0.057297707,0.14914608,0
1493741361700.0,0.029596806,0.08494425,0.10366726,0
1493741364200.0,0.08442402,0.07771063,0.08712578,0
1493741366700.0,0.30394658,0.020703793,0.24805689,0
1493741369200.0,0.18593222,0.31707478,0.51213646,0
1493741371700.0,-0.021034747,0.08879423,0.01761818,0
1493741374200.0,-0.13498557,0.05329275,-0.036026955,0
1493741376700.0,0.083357334,0.017128944,0.14768457,0
1493741379200.0,0.018460233666666666,0.021157225833333335,-0.04119205383333333,0
1493741381700.0,0.016706863794871796,0.08987580435897435,-0.011360388128205126,0
1493741384200.0,0.014953493923076922,0.1585943828846154,0.01847127757692308,0
1493741386700.0,0.17812675,-0.15717614,-0.44509315,0
1493741389200.0,-0.009477019,0.13448703,0.15727997,0
1493741391700.0,1.3481610000000002,0.27028656,0.010035515,0
1493741394200.0,0.023835637,0.14425278,0.09751463,0
1493741396700.0,0.026125208,0.092886925,0.054686546,0
1493741399200.0,-0.04728885,0.14250946,0.0071229935,0
1493741401700.0,-0.044799358,0.091734886,0.14358997,0
1493741404200.0,-0.2423467,0.6256793,-0.08202553,0
1493741406700.0,-0.030208495,-0.04224831,0.18391132,0
1493741409200.0,-0.06657609,-0.04263711,0.20438957,0
1493741411700.0,0.00059626997,-0.016852885,0.16435719,0
1493741414200.0,0.010166636,-0.032493994,0.12595654,0
1493741416700.0,0.008401386,-0.01172553,0.10684395,0
1493741419200.0,-0.0044017321999999,0.019968346,0.22150898,0
1493741421700.0,0.15678462,-0.15924358,0.1977148,0
1493741424200.0,-1.2577078000000002,-0.06379986,3.0336475,0
1493741426700.0,0.013985187,0.13485861,0.059451103,0
1493741429200.0,0.118580416,0.09543753,0.70804405,0
1493741431700.0,-0.117429435,0.05123663,0.07572889,0
1493741434200.0,-0.18580353,0.06529093,-0.10024786,0
1493741436700.0,-0.1355803,-0.09527111,0.3822155,0
1493741439200.0,-0.0069549083999999,0.18880558,0.07477617,0
1493741441700.0,0.03172697,0.051779747,0.08212471,0
1493741444200.0,-0.045129985,0.2116456,0.45217133,0
1493741446700.0,0.0037800968,0.13504219,0.17355442,0
1493741449200.0,0.08286312,0.010114193,0.14643192,0
1493741451700.0,0.03296922,0.040655613,0.16281605,0
1493741454200.0,-0.04458821,0.17465639,0.29537106,0
1493741456700.0,0.030010827,0.13717231,0.12517452,0
1493741459200.0,-0.06773248,-0.12798926,0.07016754,0
1493741461700.0,0.050430395,0.02066949,0.06888485,0
1493741464200.0,0.105800524,-0.025050968,0.050442696,0
1493741466700.0,0.005502131,-0.07808165,0.14694881,0
1493741469200.0,0.011448122,0.010489017,0.12617207,0
1493741471700.0,-0.04906555,-0.028528288,0.16415977,0
1493741474200.0,-0.03954351,0.046549678,0.1255703,0
1493741476700.0,-0.049543742,0.08400127,0.14504337,0
1493741479200.0,-0.036605272,0.06437649,0.049280167,0
1493741481700.0,-0.011425736,0.0027447194,0.08801174,0
1493741484200.0,0.0059561003,0.0025823414,0.14550495,0
1493741486700.0,0.030019078,0.018858016,0.16480541,0
1493741489200.0,0.06694112,0.008833453,0.12631702,0
1493741491700.0,0.009287633,0.024430797,0.18376923,0
1493741494200.0,-0.046467118,0.030973092,0.16445827,0
1493741496700.0,-0.02292136,0.0066030025,0.14540768,0
1493741499200.0,-0.032598168,-0.031036913,0.08795452,0
1493741501700.0,-0.018334946,0.041502804,0.06886673,0
1493741504200.0,0.019722687,0.002578348,0.14549255,0
1493741506700.0,0.00023696385,0.00090263784,0.107216835,0
1493741509200.0,-0.0011140853,-0.02868542,0.12657642,0
1493741511700.0,0.048278823,0.008134484,0.22210026,0
1493741514200.0,0.020509902,0.029031888,0.12626171,0
1493741516700.0,0.01315641,0.052873403,0.14566708,0
1493741519200.0,0.00065253675,0.033208326,0.16443157,0
1493741521700.0,-0.0045919083,0.029419139,0.14533806,0
1493741524200.0,0.0433838,0.023800865,0.16458797,0
1493741526700.0,-0.013583088,0.08210853,0.12626457,0
1493741529200.0,-0.0650724,-0.04555255,0.18397999,0
1493741531700.0,-0.003462946,-0.009110495,0.10740948,0
1493741534200.0,0.04627465777777778,0.011285695888888888,0.36068376,0
1493741536700.0,-0.046366587,0.032654822,0.10733414,0
1493741539200.0,0.053845957,-0.021986723,0.22220516,0
1493741541700.0,0.03158801,0.009258926,0.14535332,0
1493741544200.0,0.0019022301,-0.016516894,0.10718632,0
1493741546700.0,0.015069531,0.03919427,0.10721016,0
1493741549200.0,0.0032880548,0.044272393,0.1458149,0
1493741551700.0,-0.010598921,-0.007656604,0.12652588,0
1493741554200.0,0.035829376,-0.011357442,0.08797836,0
1493741556700.0,0.0020567316,-0.05081351,0.12624168,0
1493741559200.0,-0.01751956,-0.01567249,0.12630177,0
1493741561700.0,0.0011503117,-0.01253964,0.12624264,0
1493741564200.0,0.03467656,-0.04150255,0.16443825,0
1493741566700.0,-0.009443654,-0.030736476,0.107112885,0
1493741569200.0,-0.023489267,0.047719672,0.12624836,0
1493741571700.0,0.033132397,-0.001751855,0.06899834,0
1493741574200.0,-0.006063333,-0.04880613,0.068751335,0
1493741576700.0,-0.0610722,-0.015092,0.068841934,0
1493741579200.0,0.4963805,-0.26817727,0.16469193,0
1493741581700.0,0.019576186,0.045709535,0.12660599,0
1493741584200.0,0.006302831,0.022456288,0.10715389,0
1493741586700.0,0.03476152,-0.0009149909,0.08809185,0
1493741589200.0,0.022019926,-0.002033174,0.08812618,0
1493741591700.0,0.030288545,0.006291896,0.14544773,0
1493741594200.0,-0.020078555,0.038273916,0.16469383,0
1493741596700.0,-0.0027473625,-0.002587214,0.030665398,0
1493741599200.0,-0.0036394754,-0.042554617,0.10731125,0
1493741601700.0,0.002330074,-0.0174900139999999,0.14551353,0
1493741604200.0,-0.005995875,-0.0015371144,0.12640762,0
1493741606700.0,0.027544376,0.028557107,0.14534664,0
1493741609200.0,-0.07569178,0.055373713,0.12648201,0
1493741611700.0,0.001581816,-0.010499731,0.10707188,0
1493741614200.0,0.037913363,0.019564897,0.030666351,0
1493741616700.0,-0.013606574,-0.0529899,0.07008839,0
1493741619200.0,0.0107430555,-0.0656392,0.18440819,0
1493741621700.0,-0.05053866,-0.053056806,0.16539955,0
1493741624200.0,0.010231389,-0.035812005,0.14586735,0
1493741626700.0,-0.00470615,0.0386696,0.18383312,0
1493741629200.0,0.015296436,0.0030832142,0.068860054,0
1493741631700.0,-0.013355207,0.0046517253,0.1454648999999999,0
1493741634200.0,-0.0052116523,0.0050967634,0.087973595,0
1493741636700.0,0.017237702444444444,-0.013981322777777777,0.1539530222222222,0
1493741639200.0,-0.0017196087,-0.069241345,0.14712048,0
1493741641700.0,-0.010753559,0.0095369965,0.14657974,0
1493741644200.0,-0.008997728,-0.041632026,0.16514587,0
1493741646700.0,-0.029189032,0.0017132759,0.1458826,0
1493741649200.0,-0.0055679595,0.02390936,0.16459465,0
1493741651700.0,-0.004046088,-0.0027663112,0.16474247,0
1493741654200.0,-0.042103574,-0.004149273,0.14561749,0
1493741656700.0,-0.0038929433,0.0027742088,0.14548111,0
1493741659200.0,-0.013212984,-0.035485417,0.068855286,0
1493741661700.0,-0.02537585,-0.03293954,0.12753391,0
1493741664200.0,0.008506109,-0.06999019,0.18545151,0
1493741666700.0,-0.02298268,-0.06178339,0.14645958,0
1493741669200.0,-0.031581663,-0.020027295,0.050168037,0
1493741671700.0,-0.010634951,-0.0043834895,0.04984474,0
1493741674200.0,-0.028673964,-0.019365966,0.12637806,0
1493741676700.0,0.006651302,-0.01995483,0.10687637,0
1493741679200.0,0.0033052713,-0.04565996,0.1836319,0
1493741681700.0,0.0059898198,0.042718068,0.14543915,0
1493741684200.0,0.01625239,0.01372464,0.12612438,0
1493741686700.0,0.013336269,-0.039803505,0.18516827,0
1493741689200.0,0.015132751,-0.086147726,0.09013462,0
1493741691700.0,0.013441182,-0.06883919,0.16627216,0
1493741694200.0,-0.018475596,-0.028826296,0.1269741,0
1493741696700.0,0.012237911,0.009327933,0.12657356,0
1493741699200.0,0.030121058,0.06253186,0.12639523,0
1493741701700.0,0.038449056,-0.010646388,0.16453266,0
1493741704200.0,0.003734565,0.02729024,0.14472675,0
1493741706700.0,-0.03831926,0.007961854,0.106155396,0
1493741709200.0,-0.035188653,0.059205532,0.068208694,0
1493741711700.0,-0.03809279,-0.022731408,0.1264391,0
1493741714200.0,0.04461235,-0.0104971975,0.12621212,0
1493741716700.0,0.02468757,0.032658666,0.1261158,0
1493741719200.0,0.00052277267,-0.014806539,0.12628555,0
1493741721700.0,0.0073872059999999,-0.013095945,0.18371582,0
1493741724200.0,0.028073637,0.023475707,0.10713577,0
1493741726700.0,-0.030419314,0.027829066,0.1070528,0
1493741729200.0,0.011755727,0.037284628,0.12608051,0
1493741731700.0,-0.010620247,-0.025204554,0.06866646,0
1493741734200.0,0.010415838,0.006979689,0.068779945,0
1493741736700.0,0.0226369523,0.00760261416,0.164533516,0
1493741739200.0,-0.01579006,0.004320979,0.08799076,0
1493741741700.0,-0.010171726,-0.004082799,0.1452446,0
1493741744200.0,-0.03165633,-0.05008939,0.24115086,0
1493741746700.0,0.03726872,0.0024932325,0.126338,0
1493741749200.0,0.011918205,-0.013898149,0.10712147,0
1493741751700.0,-0.016686466,-0.044515997,0.14527893,0
1493741754200.0,0.02639663,0.0067777633999999,0.14539528,0
1493741756700.0,-0.014892815,-0.027131185,0.14531136,0
1493741759200.0,-0.018982211,0.0069383085,0.14540863,0
1493741761700.0,0.028895918,-0.0073774904,0.087843895,0
1493741764200.0,0.006003862,0.007894412,0.12621975,0
1493741766700.0,0.0060647847,-0.040577322,0.10690212,0
1493741769200.0,-0.01136364,0.014160529,0.14525986,0
1493741771700.0,0.029644758,-0.011101231,0.1262207,0
1493741774200.0,-0.020947136,-0.013084561,0.20286655,0
1493741776700.0,-0.0011764462,-0.028396204,0.14533424,0
1493741779200.0,-0.052995957,0.03410642,0.1069355,0
1493741781700.0,-0.011820836,-0.046577483,0.0878582,0
1493741784200.0,0.014247279,-0.050929815,0.12625408,0
1493741786700.0,-0.0022198632,0.028467134,0.06874561,0
1493741789200.0,-0.019143037,0.038266122,0.12637043,0
1493741791700.0,-0.016963031,-0.029520988,0.10704708,0
1493741794200.0,0.030238613,0.071184754,0.14527035,0
1493741796700.0,0.04577682,-0.00041809678,0.06856346,0
1493741799200.0,0.018707618,0.060771078,0.1643362,0
1493741801700.0,0.014497057,-0.024061218,0.049497604,0
1493741804200.0,0.0063051693,-0.043132573,0.18356228,0
1493741806700.0,0.015890365,0.0029420406,0.22208023,0
1493741809200.0,0.0123345265,-0.017674267,0.18380833,0
1493741811700.0,-0.016605103,-0.03716418,0.12634754,0
1493741814200.0,-0.012284298,0.0047989488,0.10712528,0
1493741816700.0,-0.0068609854,-0.03813824,0.14517212,0
1493741819200.0,0.038056508,0.021994442,0.087675095,0
1493741821700.0,0.053851955,-0.009395063,0.12619591,0
1493741824200.0,-0.041275196,-0.023976594,0.08780575,0
1493741826700.0,0.0111571485,0.0063067675,0.08794689,0
1493741829200.0,-0.009553472,-0.009293228,0.06872463,0
1493741831700.0,-0.03282706,0.0078303219999999,0.18368149,0
1493741834200.0,0.0010889916,-0.034863085,0.16460991,0
1493741836700.0,0.0012243949,-0.012901336,0.14542389,0
1493741839200.0,-0.026072755,-0.024379283,0.049865723,0
1493741841700.0,-0.004817876,-0.004402876,0.18392754,0
1493741844200.0,0.018154355,-0.010627359,0.107069016,0
1493741846700.0,-0.035231344,-0.026351705,0.14529705,0
1493741849200.0,0.0050226185,0.033199057,0.10695267,0
1493741851700.0,-0.021017175,0.018116862,0.14520073,0
1493741854200.0,0.001793094,-0.0031620264,0.12609196,0
1493741856700.0,0.008154459,0.034450367,0.14523888,0
1493741859200.0,-0.017931538,-0.032983586,0.12626648,0
1493741861700.0,-0.001990594,0.030428723,0.14530945,0
1493741864200.0,0.02082678,0.0034940243,0.14586353,0
1493741866700.0,-0.01960274,0.040893495,0.10718346,0
1493741869200.0,-0.0029977746,0.026418597,0.12624359,0
1493741871700.0,-0.0050892998,0.061221197,0.12595749,0
1493741874200.0,-0.0033324696,-0.01973623,0.12603664,0
1493741876700.0,0.030671148,0.04273133,0.14544392,0
1493741879200.0,0.009728983,-0.019342273,0.14553165,0
1493741881700.0,-0.026429765,0.025458157,0.10675812,0
1493741884200.0,-0.009785335,0.055867583,0.12604618,0
1493741886700.0,0.041055642,0.028033048,0.06876373,0
1493741889200.0,-0.01593094,-0.0006567836,0.14517975,0
1493741891700.0,-0.004968377,0.060684368,0.12596703,0
1493741894200.0,0.015056389,0.0032227337,0.20258331,0
1493741896700.0,0.03625376,-0.025174648,0.12613583,0
1493741899200.0,-0.018959936,0.008160487,0.10707855,0
1493741901700.0,0.012550069,0.022179455,0.18377876,0
1493741904200.0,0.053558473,0.004071206,0.0879945759999999,0
1493741906700.0,-0.030981813,0.033592597,0.14492702,0
1493741909200.0,0.0073830182999999,-0.031046838,0.1453867,0
1493741911700.0,-0.007181906,-0.012290642,0.087937355,0
1493741914200.0,-0.028164294,-0.004296899,0.10694122,0
1493741916700.0,-0.002442032,-0.0019455999,0.1260624,0
1493741919200.0,0.010179842,-0.0110568255,0.16452694,0
1493741921700.0,-0.0023008063,0.044667363,0.16422558,0
1493741924200.0,0.027579108,0.045380056,0.1836977,0
1493741926700.0,-0.014774796,-0.048822924,0.12620544,0
1493741929200.0,0.0021104347,-0.026128903,0.14529228,0
1493741931700.0,-0.0046610693,0.072376266,0.14525318,0
1493741934200.0,-0.0068179453,0.0025615543,0.10717392,0
1493741936700.0,-0.0016139112,-0.034451485,0.14546394,0
1493741939200.0,0.010946457777777778,0.017946961777777777,0.17503569,0
1493741941700.0,-0.0047338735,0.012188867,0.12614918,0
1493741944200.0,-0.033622783,0.011542618,0.087872505,0
1493741946700.0,0.036237348,-0.005414471,0.14527893,0
1493741949200.0,-0.0018801335,-0.026204899,0.1261549,0
1493741951700.0,-0.012983341,-0.02175577,0.20267582,0
1493741954200.0,0.0122520905,-0.033958644,0.16425323,0
1493741956700.0,-0.0070992969999999,-0.0038196146,0.1069355,0
1493741959200.0,0.058654718,0.026627734,0.18370724,0
1493741961700.0,0.02922752,0.007613167,0.20284271,0
1493741964200.0,-0.04548834,-0.0074822605,0.12615585,0
1493741966700.0,-0.011200197,0.0026362091,0.08804798,0
1493741969200.0,0.015517868,0.012854725,0.16449451,0
1493741971700.0,-0.014554234,-0.004498869,0.12612247,0
1493741974200.0,-0.02808962,0.020898148,0.18344975,0
1493741976700.0,-0.045172274,0.013650477,0.1835804,0
1493741979200.0,0.012268485,0.023176879,0.1646061,0
1493741981700.0,-0.00078278966,0.023647785,0.087991714,0
1493741984200.0,0.009073744,0.06424138,0.20285797,0
1493741986700.0,-0.021802127,0.015027776,0.1069479,0
1493741989200.0,0.027439248,-0.0070714653,0.145298,0
1493741991700.0,0.024161391,0.03331165,0.12613201,0
1493741994200.0,0.047602404,0.022989318,0.10683441,0
1493741996700.0,0.015000019,0.039820984,0.18345928,0
1493741999200.0,0.0008452461,-0.05298789,0.20289707,0
1493742001700.0,0.019648721,-0.04245241,0.10695362,0
1493742004200.0,-0.010228622,-0.018890187,0.16506863,0
1493742006700.0,-0.020107828,-0.030613303,0.08829212,0
1493742009200.0,0.009944197,-0.027241081,0.16484165,0
1493742011700.0,-0.02684373,0.0056450814,0.14541721,0
1493742014200.0,-0.014867159,0.04621482,0.12624645,0
1493742016700.0,-0.020438712,0.019203976,0.12636852,0
1493742019200.0,-0.033716656,-0.0384001,0.12677479,0
1493742021700.0,0.010235371,-0.046908423,0.1456994999999999,0
1493742024200.0,-0.0033317748,0.044490024,0.16422749,0
1493742026700.0,0.05033155,0.026457712,0.1450491,0
1493742029200.0,0.021160692,-0.06645722,0.20279026,0
1493742031700.0,0.061457578,0.105759114,0.20279408,0
1493742034200.0,0.0038488712,0.03006278,0.14531708,0
1493742036700.0,0.003494345,-0.0084180384999999,0.0878582,0
1493742039200.0,0.054255612,-0.023758471,0.2027235,0
1493742041700.0,-0.047854032,-0.056940243,0.14551735,0
1493742044200.0,0.0018857772,-0.032645866,0.08833504,0
1493742046700.0,-0.02547286,-0.060008347,0.06896019,0
1493742049200.0,-0.03494628,0.0056768805,0.12626076,0
1493742051700.0,0.04517481,-0.030537501,0.107069016,0
1493742054200.0,0.010400023,0.038712963,0.14552021,0
1493742056700.0,-0.02812955,-0.004953027,0.12610626,0
1493742059200.0,-0.03510257,0.0149953365,0.12608814,0
1493742061700.0,-0.018603181,-0.007409483,0.14529991,0
1493742064200.0,0.039095372,0.016543776,0.12642002,0
1493742066700.0,-0.0130848065,0.050660104,0.16481304,0
1493742069200.0,-0.027772453,-0.037503675,0.08887005,0
1493742071700.0,-0.047885615,-0.031814322,0.088739395,0
1493742074200.0,0.007605982,-0.01977253,0.08808136,0
1493742076700.0,0.0015851321,-0.005888462,0.22188663,0
1493742079200.0,-0.030816082,-0.02963546,0.16451359,0
1493742081700.0,-0.022997936,-0.06657737,0.0687294,0
1493742084200.0,0.037230894,-0.0030971467,0.12608528,0
1493742086700.0,-0.052869834,0.0062247515,0.068790436,0
1493742089200.0,0.0051227408,0.017263293,0.16435528,0
1493742091700.0,0.004862464,0.004894078,0.1645832,0
1493742094200.0,-0.043555822,-0.037473813,0.088866234,0
1493742096700.0,-0.017450774,0.0048033446,0.20371056,0
1493742099200.0,0.035042774,-0.010558158,0.16488838,0
1493742101700.0,-0.013871225,-0.011090875,0.18367672,0
1493742104200.0,-0.0006595325,0.044821396,0.16455078,0
1493742106700.0,0.03958796,0.03518322,0.18355083,0
1493742109200.0,-0.026361886,0.007894218,0.14537907,0
1493742111700.0,0.014280514,-0.0073244423,0.16446304,0
1493742114200.0,-0.0053686694999999,-0.014889389,0.12629604,0
1493742116700.0,-0.01919753054,-0.015400168499999999,0.126416872,0
1493742119200.0,-0.02945235,-0.046419173,0.16569805,0
1493742121700.0,-0.015267429,-0.009477213,0.12698174,0
1493742124200.0,-0.00857879,0.00413613,0.12629414,0
1493742126700.0,-0.0018771738,-0.019187495,0.14552402,0
1493742129200.0,-0.014801757,0.025587901,0.08793926,0
1493742131700.0,-0.0055125756,-0.028906852,0.0878848999999999,0
1493742134200.0,-0.0058854595,0.04710637,0.1645174,0
1493742136700.0,0.0024414565,0.0037951767,0.22208786,0
1493742139200.0,-0.0021217186,-0.04947862,0.14538479,0
1493742141700.0,0.016874133,-0.002367869,0.14556885,0
1493742144200.0,-0.025034498,-0.03042014,0.08915806,0
1493742146700.0,-0.03510162,-0.060878605,0.18522167,0
1493742149200.0,-0.03245347,-0.009125501,0.14657307,0
1493742151700.0,-0.0065695057,-0.02114217,0.14596081,0
1493742154200.0,-0.034243524,-0.010985911,0.08790684,0
1493742156700.0,-0.033997744,-0.02889277,0.14534378,0
1493742159200.0,-0.010792252,-0.020982549,0.18350983,0
1493742161700.0,-0.0209408,-0.063129984,0.18359089,0
1493742164200.0,0.03446518,0.053937003,0.10693455,0
1493742166700.0,-0.019638183,0.012298733,0.087846756,0
1493742169200.0,-0.0053752037,-0.030007794,0.107442856,0
1493742171700.0,-0.015944442,-0.03506832,0.16499996,0
1493742174200.0,-0.019210413,-0.030921206,0.14575958,0
1493742176700.0,-0.029226761,0.03378053,0.2413845,0
1493742179200.0,0.043846,-0.015619472,0.18376255,0
1493742181700.0,-0.012887776,-0.00072684884,0.14553833,0
1493742184200.0,0.01524307,-0.0020099282,0.12640953,0
1493742186700.0,-0.004220157,-0.0728832859999999,0.16460514,0
1493742189200.0,-0.005980134,-0.01083748,0.16452599,0
1493742191700.0,0.024092637,0.015820041,0.10692024,0
1493742194200.0,0.0034883628,-0.04928492,0.18405056,0
1493742196700.0,0.06490254,0.17907317,-0.313488,0
1493742199200.0,-0.007083885,-0.042338237,0.16515923,0
1493742201700.0,0.04486071,-0.055904925,0.14549446,0
1493742204200.0,0.0063894913,0.04906839,0.087859154,0
1493742206700.0,-0.015057841,-0.015251309,0.12629414,0
1493742209200.0,0.028742572,0.0297198,0.16448021,0
1493742211700.0,0.011160469,-0.04799086,0.12619495,0
1493742214200.0,-0.008908808,0.0021449476,0.16428947,0
1493742216700.0,-0.0034788046,0.0641021,0.10675812,0
1493742219200.0,0.020999707,-0.030953616,0.107453346,0
1493742221700.0,-0.0027992663,-0.040344417,0.069345474,0
1493742224200.0,0.02662116,-0.0046090484,0.16477013,0
1493742226700.0,0.0038408209,0.028170615,0.12659931,0
1493742229200.0,0.05580037,0.04195939,0.14546776,0
1493742231700.0,0.050182994,0.0153364989999999,0.18354988,0
1493742234200.0,-0.0090292785,0.028689817,0.12619305,0
1493742236700.0,-0.007933127,-0.02020377,0.12603855,0
1493742239200.0,0.006931845,-0.017410517,0.16429234,0
1493742241700.0,-0.012052645,-0.026778415,0.18361378,0
1493742244200.0,0.015031752,0.0037101656,0.107541084,0
1493742246700.0,0.014553545,-0.050615415,0.18450546,0
1493742249200.0,-0.0061949864,-0.024288878,0.16518879,0
1493742251700.0,-0.0038841479,-0.038605317,0.14554024,0
1493742254200.0,-0.029781962,-0.026804864,0.12652493,0
1493742256700.0,0.009025566,0.008420318,0.2028265,0
1493742259200.0,0.010025076,0.048827156,0.12617397,0
1493742261700.0,-0.019698713,0.012517706,0.16445732,0
1493742264200.0,0.02210679,0.0022769421,0.1068448999999999,0
1493742266700.0,0.0066357846,-0.01950796,0.16432953,0
1493742269200.0,-0.052325197,0.03620623,0.16471863,0
1493742271700.0,-0.030974392,-0.007388249,0.08861828,0
1493742274200.0,0.0030272305,-0.073734745,0.14587879,0
1493742276700.0,0.025828026,-0.06554206,0.16483974,0
1493742279200.0,0.044069078,-0.0095130205,0.14534092,0
1493742281700.0,-0.010926044,0.062383205,0.16458511,0
1493742284200.0,-0.0023251597,0.001469776,0.10718727,0
1493742286700.0,0.050011553,-0.03127727,0.12624073,0
1493742289200.0,0.025693007,-0.008437097,0.10704517,0
1493742291700.0,-0.018272214,-0.06987896,0.1262598,0
1493742294200.0,0.012404659799999999,-0.010511632100000001,0.124259281,0
1493742296700.0,-0.03935394,-0.075099796,0.10759258,0
1493742299200.0,0.01415575,-0.031818464,0.16494179,0
1493742301700.0,-0.006898473,-0.024455622,0.107328415,0
1493742304200.0,0.0030595884,-0.051382035,0.12665844,0
1493742306700.0,-0.00647121,-0.018054575,0.2412777,0
1493742309200.0,-0.0089120725,0.036554247,0.087742805,0
1493742311700.0,0.0017013012,-0.006968558,0.18359947,0
1493742314200.0,-0.028233344,0.018257886,0.16434193,0
1493742316700.0,0.03385527,-0.02152349,0.183527,0
1493742319200.0,-0.011962241,-0.022844553,0.08777428,0
1493742321700.0,0.03563967,-0.016766593,0.1267251999999999,0
1493742324200.0,-0.020772196,-0.033205748,0.16539669,0
1493742326700.0,0.0394298,-0.0027664453,0.18430328,0
1493742329200.0,0.0068343715,-0.05521196,0.12632751,0
1493742331700.0,0.027566409,-0.042445138,0.22185898,0
1493742334200.0,0.014994197,0.010337666,0.18364525,0
1493742336700.0,-0.015826648,0.044846073,0.10709,0
1493742339200.0,-1.7215997e-06,0.026075304,0.12623596,0
1493742341700.0,-0.05094604,0.0061670393,0.16455936,0
1493742344200.0,-0.009721521,-0.04828605,0.18365955,0
1493742346700.0,0.017087918,-0.049755067,0.22238255,0
1493742349200.0,0.010210844,-0.041899607,0.1268835,0
1493742351700.0,-0.007592136,-0.012225226,0.1266222,0
1493742354200.0,0.015256546,0.027883261,0.20320511,0
1493742356700.0,-0.002117509,-0.018816724,0.16468525,0
1493742359200.0,0.0062067136,0.029178932,0.14533424,0
1493742361700.0,-0.020824565,-0.005047202,0.14527321,0
1493742364200.0,-0.011114108,-0.011652574,0.18368912,0
1493742366700.0,-0.0116551295,0.030730918,0.1069994,0
1493742369200.0,-0.05737601,0.0083734095,0.14536285,0
1493742371700.0,-0.0046820613,0.0016929209,0.16465378,0
1493742374200.0,0.029270232,-0.026141927,0.20357323,0
1493742376700.0,0.035230797,-0.009707227,0.0887317659999999,0
1493742379200.0,0.008612821,-0.027509078,0.16488266,0
1493742381700.0,0.008368943,-0.003438294,0.22220802,0
1493742384200.0,0.0016963235999999,0.031261355,0.14529419,0
1493742386700.0,-0.021725953,0.0179070089999999,0.06858921,0
1493742389200.0,0.022382125,-0.046631545,0.18362427,0
1493742391700.0,0.033473417,-0.039908305,0.18351364,0
1493742394200.0,-0.023561485,-0.03905362,0.1451912,0
1493742396700.0,-0.03386526,-0.0064548105,0.10697651,0
1493742399200.0,0.017260896,-0.013648331,0.08835316,0
1493742401700.0,0.027077142,-0.1059922,0.1466999,0
1493742404200.0,0.026139421,-0.066906914,0.16576004,0
1493742406700.0,0.024565674,-0.04872212,0.16532993,0
1493742409200.0,-0.029625693,0.006577283,0.088355064,0
1493742411700.0,0.035353236,0.014185876,0.14531994,0
1493742414200.0,0.03709002,0.018283159,0.14519882,0
1493742416700.0,0.013948619,-0.06724561,0.14535427,0
1493742419200.0,-0.021285616,-0.00022773445,0.18347931,0
1493742421700.0,0.0043782243,0.039610118,0.12599182,0
1493742424200.0,0.014043179,-0.036092326,0.1263361,0
1493742426700.0,0.008623872,-0.023669332,0.12689972,0
1493742429200.0,0.002489265,-0.07597661,0.08846474,0
1493742431700.0,0.011497436,-0.040767103,0.107271194,0
1493742434200.0,-0.026188422,-0.0074203609999999,0.14530754,0
1493742436700.0,-0.03535288,0.03027837,0.10700512,0
1493742439200.0,-0.051137295,0.052532315,0.106949806,0
1493742441700.0,-0.01976234,-0.02191855,0.16436958,0
1493742444200.0,0.009728791,0.021317393,0.14513397,0
1493742446700.0,0.006697073,0.017720923,0.14519405,0
1493742449200.0,0.020763272,-0.03910932,0.16433525,0
1493742451700.0,0.024908898,-0.053718105,0.20332909,0
1493742454200.0,0.008594308,-0.030839011,0.16495037,0
1493742456700.0,0.02282441,-0.00065246224,0.12640858,0
1493742459200.0,0.03059563,0.0032996237,0.1454648999999999,0
1493742461700.0,0.012612023,0.014348581,0.12610722,0
1493742464200.0,-0.027390303,0.050894663,0.14529133,0
1493742466700.0,-0.014440276,-0.04166831,0.18353462,0
1493742469200.0,-0.026884386,0.031728566,0.12613773,0
1493742471700.0,-0.03366531,-0.0039475113,0.14523792,0
1493742474200.0,0.01691326085,-0.0398490954,0.172150425,0
1493742476700.0,0.023562936,-0.018809631,0.12678242,0
1493742479200.0,0.024257516,-0.05175492,0.10751724,0
1493742481700.0,0.059321724,-0.009742126,0.2032013,0
1493742484200.0,0.03586833,-0.030142263,0.10707283,0
1493742486700.0,-0.030093936,-0.024541035,0.12611294,0
1493742489200.0,-0.009589926,0.027106196,0.10744572,0
1493742491700.0,0.022080794,-0.012845427,0.068787575,0
1493742494200.0,-0.024064396,0.0044633895,0.10648441,0
1493742496700.0,0.022096202,0.043172672,0.14479923,0
1493742499200.0,0.01460542577777778,-0.01856588188888889,0.11518870333333334,0
1493742501700.0,0.010244112,-0.0089799459999999,0.16460323,0
1493742504200.0,0.032466665,0.0018483847,0.1261177,0
1493742506700.0,0.028875258,-0.007990494,0.12619972,0
1493742509200.0,0.01997268,0.019939393,0.14517403,0
1493742511700.0,0.019079333,0.0027463287,0.18344498,0
1493742514200.0,0.0076624565,0.037027076,0.1643467,0
1493742516700.0,0.05167699,-0.063886054,0.16444492,0
1493742519200.0,-0.0006624825,-0.01540193,0.10679436,0
1493742521700.0,0.011944782,0.016436383,0.1452178999999999,0
1493742524200.0,0.04103693586,0.011010372299999998,0.147162249,0
1493742526700.0,0.020325936,0.035886467,0.18369198,0
1493742529200.0,0.07298286,-0.019893259,0.08786678,0
1493742531700.0,0.004342817,-0.006632343,0.12622547,0
1493742534200.0,-0.03627666,0.021403566,0.16430473,0
1493742536700.0,0.013184197,-0.000984326,0.1451931,0
1493742539200.0,0.040193893,-0.0051234066,0.12610435,0
1493742541700.0,0.028137308,0.036441863,0.12605095,0
1493742544200.0,0.012626723,-0.020066068,0.18349838,0
1493742546700.0,-0.011194814,0.0420862,0.1454525,0
1493742549200.0,0.00026708085,0.031114668,0.10698891,0
1493742551700.0,-0.027718818,0.004776165,0.1071682,0
1493742554200.0,0.024497632,-0.009674549,0.16459274,0
1493742556700.0,-0.0025580674,0.0010355711,0.14521408,0
1493742559200.0,-0.05026143,0.0006765872,0.12603664,0
1493742561700.0,-0.0013387147,0.014150813,0.1644267999999999,0
1493742564200.0,0.032935895,-0.017968535,0.1834631,0
1493742566700.0,-0.017316734,0.0010072887,0.12599659,0
1493742569200.0,0.013980111,0.03791763,0.10687637,0
1493742571700.0,0.004600895,0.033130646,0.12610722,0
1493742574200.0,0.012004258,0.007890448,0.14537907,0
1493742576700.0,0.03194277,0.019361883,0.14521599,0
1493742579200.0,0.008932672,-0.0074284375,0.18338871,0
1493742581700.0,0.05393485,0.01626499,0.14527988,0
1493742584200.0,-0.039159156,0.015567705,0.14524746,0
1493742586700.0,-0.0036072722,0.0012700707,0.10684967,0
1493742589200.0,0.009005506,0.021520302,0.18343735,0
1493742591700.0,0.005891999,-0.0021826774,0.12605476,0
1493742594200.0,0.009166394,-0.0109876245,0.12621784,0
1493742596700.0,-0.002463947,-0.04962696,0.18368053,0
1493742599200.0,0.0020977166,0.0134465689999999,0.16442299,0
1493742601700.0,0.029225318,0.023830906,0.14547634,0
1493742604200.0,0.02694637,-0.0431979,0.1453619,0
1493742606700.0,0.034725327,0.019021109,0.1452302999999999,0
1493742609200.0,0.014594402,0.07840544,0.16429996,0
1493742611700.0,-0.006006154,0.016256899,0.18353462,0
1493742614200.0,0.007339138,-0.018398032,0.14515686,0
1493742616700.0,0.0023768486,-0.0011763573,0.14518833,0
1493742619200.0,-0.035268996,-0.034956977,0.18341637,0
1493742621700.0,0.01881598,0.018103734,0.1068964,0
1493742624200.0,-0.031530473,-0.021663666,0.12606049,0
1493742626700.0,0.0010764336,0.035542697,0.20267677,0
1493742629200.0,-0.0015975349,0.01920399,0.06862068,0
1493742631700.0,0.01752216,0.0016502291,0.08774662,0
1493742634200.0,-0.020252634,0.07850258,0.16430473,0
1493742636700.0,0.050915055,-0.0024730265,0.16437244,0
1493742639200.0,-0.009258498,-0.019373655,0.08771515,0
1493742641700.0,-0.01198796,0.03489384,0.1452302999999999,0
1493742644200.0,-0.027701795,-0.018042713,0.087693214,0
1493742646700.0,0.008009452,0.02229768,0.16426945,0
1493742649200.0,0.002770853,-0.011113107,0.2024908,0
1493742651700.0,-0.01725104,-0.019820333,0.08771801,0
1493742654200.0,0.037136614,-0.0005607456,0.16440105,0
1493742656700.0,0.035826746,-0.015865415,0.20263577,0
1493742659200.0,-0.02047413,-0.033738643,0.14510345,0
1493742661700.0,0.012612453,-0.0028956532,0.22184086,0
1493742664200.0,0.012453043,0.036929607,0.14519978,0
1493742666700.0,0.03575736,0.0010454208,0.16431618,0
1493742669200.0,0.011710786,0.059857383,0.12597847,0
1493742671700.0,0.0022810465,0.0065318793,0.14505482,0
1493742674200.0,-0.008279122,-0.026160315,0.08783817,0
1493742676700.0,-0.021092231333333336,-0.014362860222222221,0.11760817444444444,0
1493742679200.0,0.027398743,0.017950729,0.14529896,0
1493742681700.0,0.041149758,-0.037913382,0.08778572,0
1493742684200.0,0.05916506,-0.002683714,0.16444969,0
1493742686700.0,0.01975601,-0.0011975318,0.14520836,0
1493742689200.0,0.018989267,-0.0017209648999999,0.1069088,0
1493742691700.0,-0.012990506,-0.02585207,0.10698223,0
1493742694200.0,-0.007270475,-0.0049618483,0.2218771,0
1493742696700.0,0.040522035,0.07305707,0.22184467,0
1493742699200.0,0.0069076014,0.04825054,0.20279694,0
1493742701700.0,-0.010561913,0.03482783,0.0877714159999999,0
1493742704200.0,-0.033478834,-0.009823203,0.10679531,0
1493742706700.0,0.05347771,0.003335297,0.14525509,0
1493742709200.0,0.05301628,0.03608863,0.18357182,0
1493742711700.0,0.04480466,0.058201134,0.14518738,0
1493742714200.0,-0.0062937344999999,0.01030767,0.16448879,0
1493742716700.0,0.0004836325,-0.008596525,0.10701561,0
1493742719200.0,0.0062129013,-0.0084411055,0.16447449,0
1493742721700.0,-0.005704203,0.017118871,0.1260519,0
1493742724200.0,0.010417811,-0.018880054,0.1643219,0
1493742726700.0,0.004060966,0.028717324,0.16449547,0
1493742729200.0,-0.024444802,0.0035892278,0.1642684999999999,0
1493742731700.0,0.040082186,-0.01163134,0.20258045,0
1493742734200.0,0.04420739,0.023283958,0.145195,0
1493742736700.0,0.040566687,0.01796098,0.12605762,0
1493742739200.0,0.0337726,-0.055759437,0.08768749,0
1493742741700.0,-0.03493472,-0.026405022,0.1644516,0
1493742744200.0,-0.019016443,-0.010786265,0.107055664,0
1493742746700.0,0.034109738,0.05675055,0.1260376,0
1493742749200.0,-0.011986663,-0.011043921,0.12621593,0
1493742751700.0,-0.0137490835,-0.0011617243,0.12603569,0
1493742754200.0,0.05064517,0.019007012,0.14517784,0
1493742756700.0,0.040130045,-0.015385345,0.18349075,0
1493742759200.0,0.011588663,-0.07914451,0.1644144,0
1493742761700.0,0.013688121,-0.03632228,0.12603378,0
1493742764200.0,0.02347649,0.050063387,0.12617397,0
1493742766700.0,0.032888558,0.07539292,0.10689163,0
1493742769200.0,-0.021855338,-0.02079676,0.12605572,0
1493742771700.0,0.023123348,-0.01811269,0.12599659,0
1493742774200.0,-0.033323273,-0.0032632798,0.08777428,0
1493742776700.0,-0.01275398,-0.041441217,0.12607098,0
1493742779200.0,-0.016988631,-0.008923873,0.14499378,0
1493742781700.0,0.09413795,0.03512317,0.18336582,0
1493742784200.0,0.06291965,-0.037492253,0.1450386,0
1493742786700.0,0.054607894,0.020151496,0.16436672,0
1493742789200.0,0.010324196,0.047677413,0.18365669,0
1493742791700.0,-0.011064918,-0.02948317,0.18366432,0
1493742794200.0,0.05236522,0.018807694,0.10687637,0
1493742796700.0,0.040910155,0.013227686,0.087836266,0
1493742799200.0,-0.045402743,-0.0034831166,0.10692978,0
1493742801700.0,-0.00843845,-0.025089025,0.18358612,0
1493742804200.0,-0.040830202,-0.004964754,0.16442394,0
1493742806700.0,0.07629698,0.024129957,0.18355465,0
1493742809200.0,0.054471623,0.080222994,0.18356323,0
1493742811700.0,-0.020926218,0.0326267779999999,0.22195148,0
1493742814200.0,-0.011739222,0.029757634,0.12617111,0
1493742816700.0,0.02600275,0.033586577,0.0686388,0
1493742819200.0,-0.029788468,0.0023850352,0.1834364,0
1493742821700.0,0.02715908,0.07459825,0.18351364,0
1493742824200.0,0.017756063,0.03037244,0.1832838,0
1493742826700.0,0.0028157653,0.011591315,0.14530373,0
1493742829200.0,0.030317297,0.0022883564,0.14548397,0
1493742831700.0,0.04194169,-0.025567338,0.06875706,0
1493742834200.0,0.04291166,-0.005015239,0.18365765,0
1493742836700.0,0.00735745,-0.044978157,0.1261692,0
1493742839200.0,0.026413247,-0.00034739077,0.20263672,0
1493742841700.0,-0.00091211445,0.018739998,0.20263481,0
1493742844200.0,-0.030634664,-0.015120521,0.12594604,0
1493742846700.0,-0.008279556,-0.0015550703,0.087739944,0
1493742849200.0,-0.01077073,-0.01849091,0.16431236,0
1493742851700.0,-0.0015666782999999,-0.0026097447,0.16438293,0
1493742854200.0,-0.01772877384,-0.008410743,0.11074495499999998,0
1493742856700.0,0.0021732152,0.024571195,0.20261765,0
1493742859200.0,0.018612348,-0.00020945072,0.18355083,0
1493742861700.0,0.026741339,0.033567235,0.14528847,0
1493742864200.0,0.022006063,-0.0019525737,0.10691929,0
1493742866700.0,0.0111544775,0.01441741,0.18356514,0
1493742869200.0,-0.007694875,-0.011701286,0.1453867,0
1493742871700.0,0.00015960644,0.030438349,0.18328285,0
1493742874200.0,0.00029128828,0.0132687089999999,0.106965065,0
1493742876700.0,0.009100184,-0.0053874105,0.20272827,0
1493742879200.0,-0.030295506,-0.042529628,0.14524555,0
1493742881700.0,0.033828776,0.019760996,0.12574387,0
1493742884200.0,0.06104606,0.015255928,0.12617207,0
1493742886700.0,0.0075377709999999,-0.010415256,0.16454601,0
1493742889200.0,0.0030304175,0.021881402,0.18345165,0
1493742891700.0,0.03184223,-0.0019350648,0.10690212,0
1493742894200.0,-0.014971711,0.01942581,0.20262432,0
1493742896700.0,0.0074456446,0.022930548,0.08764362,0
1493742899200.0,0.06264255,0.029252455,0.14533234,0
1493742901700.0,0.027478129,-0.00020726025,0.16432858,0
1493742904200.0,-0.007767885,0.03667395,0.14520264,0
1493742906700.0,0.026029231,-0.013613641,0.20256615,0
1493742909200.0,0.0074552369999999,0.023440003,0.14519978,0
1493742911700.0,0.03997075,0.00010597706,0.1452465,0
1493742914200.0,0.005043205,0.011055216,0.16449642,0
1493742916700.0,0.025682846,0.03214027,0.14527893,0
1493742919200.0,-0.014194936,0.018149123,0.14518642,0
1493742921700.0,-0.004500636,-0.0040534735,0.18355751,0
1493742924200.0,0.010494863,0.037876144,0.18348694,0
1493742926700.0,-0.0070911776,-0.022088394,0.22184086,0
1493742929200.0,0.048863277,-0.035255164,0.18346596,0
1493742931700.0,0.033643488,0.039702296,0.18350792,0
1493742934200.0,0.0340361,0.010897383,0.14546013,0
1493742936700.0,0.02693358,-0.0548658,0.1260767,0
1493742939200.0,0.023856197,0.07719889,0.14518547,0
1493742941700.0,0.007812857,-0.029080734,0.16450405,0
1493742944200.0,-0.010443246,0.03747098,0.14518547,0
1493742946700.0,0.0128178075,-0.030051291,0.12588024,0
1493742949200.0,-0.04702341,-0.007823303,0.12582684,0
1493742951700.0,-0.01287109,-0.014436796,0.12593365,0
1493742954200.0,-0.0164572999999999,0.024689808,0.10710907,0
1493742956700.0,0.012226111,-0.028007552,0.1453352,0
1493742959200.0,0.045113385,0.05039984,0.16421986,0
1493742961700.0,0.014637742,0.023037285,0.12600422,0
1493742964200.0,0.05656141,-0.0033782423,0.1643982,0
1493742966700.0,-0.0021613967,-0.017557383,0.145154,0
1493742969200.0,-0.0021516886,-0.016842723,0.1451416,0
1493742971700.0,-0.004942028,-0.031334072,0.14505768,0
1493742974200.0,0.010348846,0.052475467,0.1644144,0
1493742976700.0,-0.017378703,0.033201188,0.12610435,0
1493742979200.0,0.011035417,0.01274617,0.22190285,0
1493742981700.0,0.02679057,-0.034145877,0.12594414,0
1493742984200.0,0.03256651,-0.006044373,0.14508152,0
1493742986700.0,0.041315917,0.0026308894,0.10700035,0
1493742989200.0,0.048295025,0.07192792,0.14536953,0
1493742991700.0,0.040581584,-0.012807488,0.14508152,0
1493742994200.0,-0.002873145,0.01492624,0.10694885,0
1493742996700.0,-0.0019540887,-0.014421135,0.106778145,0
1493742999200.0,-0.033453815,-0.0025236458,0.10690498,0
1493743001700.0,-0.004416547,-0.0164873,0.22174644,0
1493743004200.0,-0.0066868393,0.032112926,0.1452856,0
1493743006700.0,-0.00704608332,-0.011189914899999999,0.118418693,0
1493743009200.0,0.01506001,0.041253224,0.20258808,0
1493743011700.0,0.027788442,0.07061897,0.12590313,0
1493743014200.0,0.027065627,-0.00029721856,0.12612724,0
1493743016700.0,-0.0120340865,0.011824727,0.08787346,0
1493743019200.0,-0.0003933236,-0.0094444305,0.14501953,0
1493743021700.0,0.031199422,0.016579255,0.1452197999999999,0
1493743024200.0,0.009047541,-0.0074416846,0.12615108,0
1493743026700.0,-0.03430795,0.017517194,0.14519691,0
1493743029200.0,0.022548968,-0.011651993,0.16421795,0
1493743031700.0,0.018521685,0.01349026,0.1644392,0
1493743034200.0,0.035652995,0.030187473,0.12631321,0
1493743036700.0,0.073672645,0.021396369,0.14540482,0
1493743039200.0,0.027875815,-0.03319192,0.106884,0
1493743041700.0,0.032216042,-0.0013992041,0.16435432,0
1493743044200.0,0.012341888,-0.019863695,0.16434097,0
1493743046700.0,-0.008522937,-0.001986891,0.12605476,0
1493743049200.0,-0.028578512,-0.027201891,0.12616348,0
1493743051700.0,-0.0140211689999999,-0.022400245,0.10691929,0
1493743054200.0,-0.02697965,0.01660344,0.22183323,0
1493743056700.0,-0.009224139,-0.004812196,0.12610435,0
1493743059200.0,0.04701162,0.007872269,0.16429806,0
1493743061700.0,0.030972358,0.061021134,0.12607956,0
1493743064200.0,0.036832195,0.0032972544,0.1260252,0
1493743066700.0,0.0042903367,0.019712195,0.18349266,0
1493743069200.0,0.012404216,0.03759986,0.14518738,0
1493743071700.0,0.0307572,0.010251358,0.18364239,0
1493743074200.0,0.02200472,0.07642335,0.16432476,0
1493743076700.0,0.02725948,-0.0054777116,0.24103642,0
1493743079200.0,0.008183274,0.034536615,0.08745098,0
1493743081700.0,0.0077836625,0.0051891804,0.2025404,0
1493743084200.0,0.008281516,-0.0053566843,0.12614727,0
1493743086700.0,0.0077401623,-0.037961587,0.1261158,0
1493743089200.0,0.065323345,0.039234757,0.12603474,0
1493743091700.0,-0.009449599,0.0026952773,0.10685539,0
1493743094200.0,-0.011131663,0.0021977276,0.14513206,0
1493743096700.0,0.00060994364,0.07531652,0.14520836,0
1493743099200.0,-0.005309454,0.05602412,0.20266247,0
1493743101700.0,0.009167843,0.0011718124,0.18345833,0
1493743104200.0,-0.014717275,-0.0053583532999999,0.10695648,0
1493743106700.0,-0.026732635,0.014576897,0.12610245,0
1493743109200.0,0.015889082,0.01726003,0.06864929,0
1493743111700.0,0.03666238,0.015301332,0.16445827,0
1493743114200.0,0.023936396,0.0013246983,0.08771229,0
1493743116700.0,0.05602684,0.01367636,0.14528084,0
1493743119200.0,0.06667313,0.018501684,0.18360138,0
1493743121700.0,0.05371586,-0.004149154,0.12609959,0
1493743124200.0,0.0243149,0.027375937,0.20248795,0
1493743126700.0,0.053452536,0.0044258386,0.1451025,0
1493743129200.0,-0.0015406947,0.031355157,0.0878315,0
1493743131700.0,0.0017760698,0.015506342,0.1260786,0
1493743134200.0,0.0181181,0.022759601,0.2025814,0
1493743136700.0,0.049418617,-0.0036097616,0.08789539,0
1493743139200.0,0.033048302,-0.023871988,0.1645441,0
1493743141700.0,0.0071372682999999,-0.012234226,0.14539242,0
1493743144200.0,0.045976363,-0.024718925,0.16445637,0
1493743146700.0,-0.013814467,-0.019856393,0.20265102,0
1493743149200.0,0.025608525,-0.029245108,0.16416836,0
1493743151700.0,-0.005561338,0.0008736252999999,0.12600803,0
1493743154200.0,0.019887956,-0.051569574,0.12591171,0
1493743156700.0,0.01382497,-0.022913262,0.18354225,0
1493743159200.0,0.013534345,-0.0059682876,0.18395805,0
1493743161700.0,0.026753247,-0.035353094,0.14557266,0
1493743164200.0,-0.041298453,-0.022117049,0.18359089,0
1493743166700.0,0.0030165631,-0.04187247,0.1261015,0
1493743169200.0,-0.0059299152,-0.024341479,0.20240116,0
1493743171700.0,0.00091376755,0.024779394,0.18337631,0
1493743174200.0,0.01427703,-0.040722355,0.1643734,0
1493743176700.0,0.032473452,-0.0022155195,0.20267677,0
1493743179200.0,0.024743466,-0.00019448996,0.14517212,0
1493743181700.0,0.02469984,0.0714609,0.16408634,0
1493743184200.0,-0.0023672264,0.037045717,0.12605,0
1493743186700.0,0.060468454,-0.021561086,0.106666565,0
1493743189200.0,0.06564945,0.02604331,0.12570095,0
1493743191700.0,0.015540741,0.00992164,0.12590504,0
1493743194200.0,-0.016926242,0.050594643,0.12613678,0
1493743196700.0,-0.06547336,-0.024010956,0.10742092,0
1493743199200.0,-0.03264969,0.041767344,0.16466331,0
1493743201700.0,-0.042459697,0.0016751289,0.12636375,0
1493743204200.0,-0.03989961,0.007715985,0.14537525,0
1493743206700.0,-0.015400828,-0.04897943,0.10705471,0
1493743209200.0,0.016084389999999997,-0.017785360666666666,0.18356990666666667,0
1493743211700.0,-0.025911108,-0.0074721873,0.12652016,0
1493743214200.0,-0.03567807,0.0014102607999999,0.10720253,0
1493743216700.0,0.02139546,-0.0072114766,0.1261568,0
1493743219200.0,-0.016879288,-0.03451234,0.20256233,0
1493743221700.0,-0.029972147,0.021037698,0.12598419,0
1493743224200.0,-0.01340015,0.029604718,0.16447926,0
1493743226700.0,0.0256882,0.031102419,0.14533043,0
1493743229200.0,-0.0040418087,0.038238764,0.12602615,0
1493743231700.0,0.02920707,-0.05478049,0.14512539,0
1493743234200.0,0.026930582,0.0043388605,0.12594128,0
1493743236700.0,0.00599914,0.0012263507,0.12634754,0
1493743239200.0,-0.007329206,-0.05188425,0.16457176,0
1493743241700.0,-0.036698,0.016119242,0.18352795,0
1493743244200.0,0.02405967,0.0127092,0.18359089,0
1493743246700.0,-0.004885329,-0.041645944,0.10692024,0
1493743249200.0,0.0036168206,0.001871258,0.18344212,0
1493743251700.0,-0.0016658098,-0.004166335,0.14524174,0
1493743254200.0,0.042884927,-0.017951071,0.14514732,0
1493743256700.0,0.04823282,0.0004413426,0.1260108999999999,0
1493743259200.0,0.02611975,0.015303016,0.14523792,0
1493743261700.0,-0.012268969,0.014639467,0.18392658,0
1493743264200.0,-0.048022088,-0.024092376,0.14573765,0
1493743266700.0,0.0029791258,-0.017088681,0.18380356,0
1493743269200.0,-0.011878617,0.037123412,0.08773041,0
1493743271700.0,0.017934762,0.012190118,0.1261549,0
1493743274200.0,0.013212857,-0.0031101108,0.10692406,0
1493743276700.0,-0.012954672,-0.061605774,0.14524269,0
1493743279200.0,0.006564738,-0.048614725,0.14535618,0
1493743281700.0,0.015660867,-0.0032373816,0.18353271,0
1493743284200.0,-0.00019907994,-0.024496526,0.14526272,0
1493743286700.0,-0.00509746,-0.037079185,0.14589024,0
1493743289200.0,-0.024790706,-0.010622263,0.14573765,0
1493743291700.0,-0.056841467,-0.02352354,0.1264553,0
1493743294200.0,-0.027216233,-0.025629938,0.12613297,0
1493743296700.0,0.03933825,0.0083093345,0.049595833,0
1493743299200.0,-0.02067254,0.050375044,0.14529419,0
1493743301700.0,0.029453482,0.014414355,0.16441059,0
1493743304200.0,-0.009322586,-0.018336326,0.08769703,0
1493743306700.0,-0.008526823,-0.05596269,0.14514637,0
1493743309200.0,-0.04255314,-0.00886789,0.20279884,0
1493743311700.0,-0.014587027,-0.028583229,0.18402958,0
1493743314200.0,-0.0359051174,0.008133390839999997,0.180226518,0
1493743316700.0,-0.024534946,0.018896058,0.18386555,0
1493743319200.0,-0.0034020545,0.042572647,0.08798027,0
1493743321700.0,0.024983179,0.016055688,0.18353081,0
1493743324200.0,0.041428544,0.028160006,0.14501286,0
1493743326700.0,-0.017611306,-0.02568774,0.18359184,0
1493743329200.0,-0.007472099,0.013414666,0.10696983,0
1493743331700.0,0.026579695,-0.022874936,0.12608337,0
1493743334200.0,0.020532666,-0.0062209369999999,0.10697174,0
1493743336700.0,-0.014137146,0.029534444,0.18329906,0
1493743339200.0,-0.012374204,-0.006970823,0.10703564,0
1493743341700.0,-0.021234648,-0.038545206,0.14554977,0
1493743344200.0,-0.030952448,-0.037718534,0.12636471,0
1493743346700.0,0.03640206,-0.030899227,0.107073784,0
1493743349200.0,-0.01663042,-0.041321278,0.12606716,0
1493743351700.0,0.0238275,0.022489205,0.16426373,0
1493743354200.0,-0.012307277,-0.0025628954,0.16436863,0
1493743356700.0,-0.01892856,0.014046535,0.10695171,0
1493743359200.0,0.0071164127,-0.0056392998,0.14527035,0
1493743361700.0,0.0396649625,-0.0073142798333333345,0.19962787499999998,0
1493743364200.0,-0.06261073,0.021607563,0.12632275,0
1493743366700.0,-0.040030453,-0.043728903,0.16480541,0
1493743369200.0,-0.013984714,0.018698677,0.20300198,0
1493743371700.0,-0.025308423,-0.008705527,0.14532566,0
1493743374200.0,-0.010360838,0.014106005,0.10695362,0
1493743376700.0,-0.037406206,-0.015901446,0.10680294,0
1493743379200.0,0.02841362,0.020675167,0.16429806,0
1493743381700.0,0.08508043,0.030854955,0.16445827,0
1493743384200.0,-0.002850704,0.016888365,0.10691357,0
1493743386700.0,-0.016173286,-0.026246086,0.14529514,0
1493743389200.0,-0.039822135,-0.050390407,0.14540863,0
1493743391700.0,-0.03282805,-0.0013921261,0.16475868,0
1493743394200.0,-0.07602236,-0.009701148,0.08789921,0
1493743396700.0,-0.046422496,-0.047745958,0.10703373,0
1493743399200.0,-0.02065826,-0.02523984,0.06866169,0
1493743401700.0,0.0072331023,-0.0012592077,0.18349838,0
1493743404200.0,0.010791283,-0.035327747,0.16427517,0
1493743406700.0,-0.01777812,0.02163352,0.14512444,0
1493743409200.0,0.0498493,0.030495211,0.1453104,0
1493743411700.0,-0.011834134,0.013003141,0.14527988,0
1493743414200.0,-0.0028158985,-0.02781406,0.12656689,0
1493743416700.0,-0.029855484,-0.032413587,0.18414307,0
1493743419200.0,0.00768191,-0.0026634336,0.12642765,0
1493743421700.0,-0.03147503,-0.00087822974,0.14518547,0
1493743424200.0,0.016870726,0.046208993,0.14503098,0
1493743426700.0,-0.029004086,-0.024410427,0.14526558,0
1493743429200.0,0.014201608,0.03851886,0.14517307,0
1493743431700.0,0.0046511823,-0.040589675,0.12605572,0
1493743434200.0,0.008088847,-0.011415452,0.18334484,0
1493743436700.0,0.028013185,-0.07231337,0.10678959,0
1493743439200.0,-0.0146514615,0.035461307,0.106921196,0
1493743441700.0,-0.0458139,-0.021126539,0.18351269,0
1493743444200.0,-0.01569838,-0.011874929,0.08792305,0
1493743446700.0,-0.016267454,-0.01717326,0.12633038,0
1493743449200.0,0.0079605719999999,0.024584845,0.12626743,0
1493743451700.0,0.01582361,-0.0023607165,0.14522171,0
1493743454200.0,0.0036162362,0.00058327615,0.18347645,0
1493743456700.0,-0.0021789286,0.015454575,0.18354034,0
1493743459200.0,0.028903425,0.018348724,0.22179985,0
1493743461700.0,-0.010446187,-0.040992007,0.18352604,0
1493743464200.0,-0.0090756025,-0.018539742,0.18346786,0
1493743466700.0,0.003999048,0.0041401684,0.12630081,0
1493743469200.0,-0.04700657,-0.047085762,0.12617588,0
1493743471700.0,-0.015822688,-0.00308761,0.16437626,0
1493743474200.0,0.0069273882999999,0.028376698,0.20281029,0
1493743476700.0,-0.016905798,0.009937152,0.12618065,0
1493743479200.0,0.0116281139999999,-0.020168632,0.08773041,0
1493743481700.0,0.027385928,-0.01714927,0.12598228,0
1493743484200.0,-0.01644731,0.019273415,0.16431904,0
1493743486700.0,0.009563664,-0.019608065,0.14517975,0
1493743489200.0,0.02125486,-0.0060103685,0.2027359,0
1493743491700.0,-0.030541634,-0.04375343,0.10732937,0
1493743494200.0,-0.004290021,0.06521253,0.20283604,0
1493743496700.0,0.017290693,0.005839169,0.16456413,0
1493743499200.0,-0.02515708,-0.022431642,0.12608051,0
1493743501700.0,0.019805433,0.051022053,0.12614918,0
1493743504200.0,-0.024747882,-0.021198854,0.16436577,0
1493743506700.0,-0.0036443388,0.0141724795,0.14525604,0
1493743509200.0,-0.007156507,0.016496047,0.1643753,0
1493743511700.0,0.0022235122,0.017264858,0.18350792,0
1493743514200.0,-0.02225442,0.008681938,0.18404102,0
1493743516700.0,-0.048239425,0.013113737,0.1265316,0
1493743519200.0,-0.0112480875,-0.017940477,0.1455059,0
1493743521700.0,0.02267265,-0.06675353,0.16448879,0
1493743524200.0,0.015876396,-0.01689203,0.12598705,0
1493743526700.0,-0.02788696,0.0019854754,0.14513874,0
1493743529200.0,0.007228385,-0.013937265,0.14507961,0
1493743531700.0,0.00030165896,-0.05681189,0.18346214,0
1493743534200.0,-0.014691493,0.036500454,0.16435337,0
1493743536700.0,0.026192052,-0.022914946,0.22185135,0
1493743539200.0,0.014590347,0.022661373,0.12595367,0
1493743541700.0,-0.052025467,-0.015594587,0.1263094,0
1493743544200.0,-0.030309528,-0.04815787,0.1648797999999999,0
1493743546700.0,0.0203417,-0.03351663,0.16458416,0
1493743549200.0,-0.0060801785,0.05419673,0.06861973,0
1493743551700.0,0.019286117,-0.03925237,0.14518356,0
1493743554200.0,0.0099436715,0.03873925,0.16431808,0
1493743556700.0,0.021329332,-0.023519367,0.14524555,0
1493743559200.0,0.04055604,0.040018454,0.22175217,0
1493743561700.0,0.013515873,0.011735067,0.1261568,0
1493743564200.0,-0.00550227623999992,-0.0144637016,0.118341828,0
1493743566700.0,-0.028667822,-0.01982911,0.12678051,0
1493743569200.0,-0.06398349,-0.08995844,0.107486725,0
1493743571700.0,0.012317305,0.039947376,0.1646471,0
1493743574200.0,0.020801157,-0.042203844,0.10692978,0
1493743576700.0,-0.014687492,-0.023988545,0.12610054,0
1493743579200.0,0.008191947,-0.027388439,0.08786011,0
1493743581700.0,-0.019650439,-0.056139894,0.1642971,0
1493743584200.0,-0.044327073,-0.039280906,0.1260395,0
1493743586700.0,0.0056339004,0.033454195,0.14525509,0
1493743589200.0,0.014257457,0.016477495,0.12607098,0
1493743591700.0,0.052693494,-0.0017074942999999,0.12640381,0
1493743594200.0,-0.019457884,-0.06579457,0.14568901,0
1493743596700.0,0.0070350864,0.012856498,0.18358994,0
1493743599200.0,-0.012138991,-0.007499844,0.10699749,0
1493743601700.0,-0.020093625,-0.028121784,0.2027893,0
1493743604200.0,-0.0017801751,0.047111467,0.18366241,0
1493743606700.0,0.02378888,-0.00036551058,0.16432858,0
1493743609200.0,-0.019157823,0.0012331307,0.16429901,0
1493743611700.0,-0.010105187,0.019424677,0.10685921,0
1493743614200.0,0.0026398015,0.02154097,0.14512634,0
1493743616700.0,-0.01770142,-0.02203326,0.16473293,0
1493743619200.0,-0.037528634,-0.0687388,0.18405724,0
1493743621700.0,0.06415593,-0.02265881,0.10728645,0
1493743624200.0,0.04258755,0.0128083825,0.1261549,0
1493743626700.0,-0.0026138183,-0.020855963,0.16436481,0
1493743629200.0,0.0072519714,0.024931684,0.12591553,0
1493743631700.0,-0.0040288265,0.011140525,0.14531231,0
1493743634200.0,-0.027144078,0.013995826,0.16441631,0
1493743636700.0,-0.003487938,-0.0019640476,0.12604904,0
1493743639200.0,0.01741518,0.023863807,0.16425419,0
1493743641700.0,-0.014162038,0.011616245,0.18361092,0
1493743644200.0,-0.03199345,-0.05006838,0.12661457,0
1493743646700.0,-0.028076038,-0.051620394,0.12664223,0
1493743649200.0,0.020624513,0.0041083395,0.2029047,0
1493743651700.0,-0.034523875,0.040806904,0.106817245,0
1493743654200.0,-0.013870394,0.031827524,0.14495373,0
1493743656700.0,0.02060283,-0.04494378,0.06867123,0
1493743659200.0,-0.017399773,0.023533389,0.22170639,0
1493743661700.0,0.00039973992,0.0224801,0.12630463,0
1493743664200.0,0.0037359488,0.0256546,0.18336296,0
1493743666700.0,0.0036734383999999995,-0.022610212333333334,0.15173149,0
1493743669200.0,-0.034364115,-0.039595768,0.14595509,0
1493743671700.0,0.052550837,-0.059675634,0.16472149,0
1493743674200.0,0.0073015597,-0.0050556809999999,0.14526081,0
1493743676700.0,-0.034572784,0.06180027,0.14509201,0
1493743679200.0,-0.008972795,-0.03747873,0.10684967,0
1493743681700.0,-0.017232286,-0.021992892,0.16473198,0
1493743684200.0,-0.0053576687,0.0042762905,0.18340969,0
1493743686700.0,-0.03656376,-0.02099058,0.0685853959999999,0
1493743689200.0,0.011612774,-0.02594608,0.16444969,0
1493743691700.0,0.039030623,-0.013486296,0.16422272,0
1493743694200.0,-0.03327717,-0.06587906,0.10739422,0
1493743696700.0,-0.028974257,-0.048512146,0.14573193,0
1493743699200.0,-0.011329162,-0.012433916,0.06878281,0
1493743701700.0,-0.025339719,-0.03693615,0.14515209,0
1493743704200.0,-0.05795118,-0.03424783,0.12594318,0
1493743706700.0,-0.02067995,-0.034847856,0.16426086,0
1493743709200.0,-0.010392119,0.031489834,0.1832695,0
1493743711700.0,0.010565151,0.02059029,0.068532944,0
1493743714200.0,0.007097676,0.040745735,0.22174072,0
1493743716700.0,0.02698300437500002,0.025468645999999998,0.157038455,0
1493743719200.0,0.0067476705,-0.091375515,0.1645937,0
1493743721700.0,-0.026782354,-0.029366896,0.14573097,0
1493743724200.0,-0.016923672,-0.005001545,0.106949806,0
1493743726700.0,-0.013726291,-0.015245333,0.18340778,0
1493743729200.0,0.008755165,0.04583639,0.16419506,0
1493743731700.0,-0.0045696506,0.02773872,0.12587738,0
1493743734200.0,-0.03418646,0.010598719,0.1832943,0
1493743736700.0,0.007026666,0.046800494,0.16451645,0
1493743739200.0,0.026995875,-0.051206693,0.10709858,0
1493743741700.0,0.005979004100000001,0.0138523552,0.160553743,0
1493743744200.0,-0.023411691,-0.023844734,0.12646294,0
1493743746700.0,0.022417318,0.047268495,0.14535236,0
1493743749200.0,0.009156307,-0.028040454,0.18363857,0
1493743751700.0,0.031680666,-0.028669953,0.12618732,0
1493743754200.0,-0.0063414825,0.0015428066,0.14514923,0
1493743756700.0,0.033077396,-0.019141078,0.18348408,0
1493743759200.0,0.027536832,0.0061435103,0.14506435,0
1493743761700.0,0.025039777,0.01351358,0.1261158,0
1493743764200.0,0.017818032,0.013258174,0.08781147,0
1493743766700.0,-0.02387273,0.021983668,0.16462326,0
1493743769200.0,-0.03533635,-0.0062307864,0.22227383,0
1493743771700.0,-0.052715957,-0.030007169,0.18405819,0
1493743774200.0,-0.032759413,0.009529129,0.08788204,0
1493743776700.0,0.028914224,0.014559045,0.14525318,0
1493743779200.0,0.025556915,-0.035867497,0.24089432,0
1493743781700.0,0.03084759,0.018729195,0.16433525,0
1493743784200.0,0.0076378244,0.036646605,0.16435337,0
1493743786700.0,0.052790064,0.026587516,0.22199535,0
1493743789200.0,-0.018977024,0.009421885,0.12618923,0
1493743791700.0,0.0134855639999999,0.00044599175,0.16432285,0
1493743794200.0,-0.015114942,0.0076315254,0.1258831,0
1493743796700.0,-0.008565652,-0.011159182,0.1645279,0
1493743799200.0,0.00068886817,-0.017468318,0.18379688,0
1493743801700.0,0.009128702,0.031029567,0.14530182,0
1493743804200.0,-0.0241693,-0.016757235,0.14513588,0
1493743806700.0,0.0046415376,-0.002439037,0.16436481,0
1493743809200.0,-0.016465118,0.019522116,0.16431522,0
1493743811700.0,0.04477423,-0.01770541,0.10683727,0
1493743814200.0,-0.009057135,0.033755124,0.20271397,0
1493743816700.0,0.052378945,-0.02553168,0.14529133,0
1493743819200.0,-0.02223682,0.01860103,0.20263863,0
1493743821700.0,-0.03612477,0.0034231693,0.12630272,0
1493743824200.0,-0.011001127,0.0461286,0.12622261,0
1493743826700.0,-0.023671137,-0.054374993,0.1071558,0
1493743829200.0,-0.018333105,0.0017424077,0.10682964,0
1493743831700.0,-0.013956679,-0.002917707,0.1452197999999999,0
1493743834200.0,0.029608764,-0.030695364,0.18368912,0
1493743836700.0,0.024920557,0.02100867,0.22175121,0
1493743839200.0,0.031483766,0.018897638,0.1835289,0
1493743841700.0,-0.035867155,-0.00097575784,0.12603092,0
1493743844200.0,0.014254393,-0.026760712,0.18327999,0
1493743846700.0,0.015915029,-0.004283175,0.1643982,0
1493743849200.0,0.022725554,0.02812782,0.1645049999999999,0
1493743851700.0,0.028645208,-0.02272375,0.14523506,0
1493743854200.0,0.010008664,-0.0059990585,0.106972694,0
1493743856700.0,0.02461941,-0.043457925,0.1644144,0
1493743859200.0,0.022856126,-0.035444558,0.24088573,0
1493743861700.0,0.027032595,0.03732288,0.18349552,0
1493743864200.0,0.0035369785,0.0143993795,0.18356037,0
1493743866700.0,-0.0029810115,0.019430742,0.20262337,0
1493743869200.0,-0.0059137765000000005,0.0010222942999999996,0.13574599999999998,0
1493743871700.0,-0.04148826,-0.08068148,0.20306396,0
1493743874200.0,-0.0011711176,0.002695918,0.18379402,0
1493743876700.0,0.016790895,-0.027071506,0.14532375,0
1493743879200.0,-0.044290293,-0.018009156,0.04938793,0
1493743881700.0,0.03718927,0.00417158,0.10678768,0
1493743884200.0,0.029094294,0.006627783,0.12590408,0
1493743886700.0,0.01157726,0.018321589,0.16434193,0
1493743889200.0,-0.02467414,0.033199877,0.12611485,0
1493743891700.0,-0.032266587,0.015794158,0.18353558,0
1493743894200.0,0.00047754069,0.008802459,0.18366146,0
1493743896700.0,0.018037861,-0.012466297,0.068779945,0
1493743899200.0,0.016550235,-0.020662278,0.16434765,0
1493743901700.0,0.0010759312,-0.010163784,0.1836586,0
1493743904200.0,0.030254789,0.024471283,0.14508152,0
1493743906700.0,0.026129723,0.022144526,0.16427135,0
1493743909200.0,0.0023634,-0.0167709,0.14512634,0
1493743911700.0,-0.00314992,-0.013506591,0.20253086,0
1493743914200.0,0.030157873,-0.02222246,0.14522743,0
1493743916700.0,0.025033206,-0.021438777,0.12605572,0
1493743919200.0,-0.012314273,-0.013764054,0.08761597,0
1493743921700.0,0.012693226,-0.023059472,0.14560223,0
1493743924200.0,-0.011548833,-0.053801954,0.16461277,0
1493743926700.0,0.0033867748,0.02878511,0.1644926,0
1493743929200.0,0.0073652269999999,-0.0042743236,0.18355274,0
1493743931700.0,-0.012940612,-0.019877285,0.08772087,0
1493743934200.0,0.026644632,0.029339299,0.14533234,0
1493743936700.0,0.022823155,0.0001358538899999,0.16431904,0
1493743939200.0,0.040170502,0.037408397,0.18349075,0
1493743941700.0,-0.03560373,0.015566707,0.08777046,0
1493743944200.0,-0.0016408215,-0.019854695,0.14517975,0
1493743946700.0,0.012150361,-0.048530936,0.20319557,0
1493743949200.0,0.007946306,-0.0075618774,0.14567661,0
1493743951700.0,0.032308973,-0.015185848,0.18380642,0
1493743954200.0,-0.01766489,-0.04135172,0.22183609,0
1493743956700.0,-0.02273809,0.007374823,0.1641941,0
1493743959200.0,-0.0033038546999999,0.025804594,0.1642065,0
1493743961700.0,0.012661657,0.044500485,0.16422176,0
1493743964200.0,-0.018551059,-0.0069427043,0.16444588,0
1493743966700.0,-0.0158828939999999,-0.02089496,0.12604523,0
1493743969200.0,0.0061645005,-0.016482234,0.12596893,0
1493743971700.0,-0.036915112,-0.026903078,0.20276737,0
1493743974200.0,-0.0460405,0.035224482,0.2030468,0
1493743976700.0,0.019926636,-0.020024553,0.14553928,0
1493743979200.0,0.009219591,-0.022955194,0.14523888,0
1493743981700.0,-0.013074417,0.035027057,0.18353462,0
1493743984200.0,-0.06356284,-0.0020865798,0.1643591,0
1493743986700.0,0.0070351367,0.03486064,0.14523125,0
1493743989200.0,-0.017099664,0.0046283454,0.16424084,0
1493743991700.0,-0.035368454,-0.0005854517,0.10687065,0
1493743994200.0,-0.016974667,0.04565911,0.10673332,0
1493743996700.0,0.00701756,-0.034003496,0.2029028,0
1493743999200.0,-0.006491746,-0.06823844,0.18404865,0
1493744001700.0,-0.022529013,-0.037325084,0.10719681,0
1493744004200.0,-0.043292254,-0.010812819,0.1645174,0
1493744006700.0,-0.009512071,-0.020818576,0.16435528,0
1493744009200.0,0.0045019602,-0.026939675,0.12582207,0
1493744011700.0,0.0074276933,-0.029023409,0.20247173,0
1493744014200.0,0.013942482,0.0015766919,0.14514923,0
1493744016700.0,-0.019599924,0.020583823,0.20260239,0
1493744019200.0,0.039008148,0.010697439,0.14531994,0
1493744021700.0,0.0059761107,-0.0098237395,0.14534664,0
1493744024200.0,-0.051011212,-0.020266801,0.12639332,0
1493744026700.0,0.0011114181,0.050692588,0.14528847,0
1493744029200.0,0.012447951,-0.035378307,0.12596989,0
1493744031700.0,0.03161584,0.008947074,0.16417599,0
1493744034200.0,0.00497703,-0.0054782927,0.16441917,0
1493744036700.0,0.00366919,0.009978473,0.20245838,0
1493744039200.0,0.004519711,-0.017445326,0.16429138,0
1493744041700.0,0.0060534277,-0.0153244585,0.18340969,0
1493744044200.0,-0.014615715,0.039232433,0.18345928,0
1493744046700.0,0.0016122895,-0.0111236125,0.22198391,0
1493744049200.0,-0.018905913,-0.007539749,0.1265192,0
1493744051700.0,0.0047051,-0.014796555,0.22205353,0
1493744054200.0,-0.01250796,-0.028789863,0.14534378,0
1493744056700.0,-0.009106604,-0.04329413,0.14526081,0
1493744059200.0,-0.00901958,0.039046884,0.18346691,0
1493744061700.0,-0.028172033,-0.036365554,0.10683155,0
1493744064200.0,0.0076488024,-0.009212613,0.16415405,0
1493744066700.0,0.041571192,0.0066358595999999,0.1833601,0
1493744069200.0,0.0073640671999999,0.08246341,0.14506912,0
1493744071700.0,0.0010985863333333344,-0.035707061799999995,0.16427962,0
1493744074200.0,-0.0068123424,-0.050663322,0.18370724,0
1493744076700.0,-0.0028178152,-0.070139326,0.20287228,0
1493744079200.0,-0.0002483856,-0.026772767,0.1644764,0
1493744079200.0,-0.0002483856,-0.026772767,0.1644764,0
