1493736470000.0,-0.0554,-0.0279,-0.0521,0
1493736495000.0,0.0042,0.0039,-0.0027,0
1493736520000.0,0.007894142259414226,-0.003197489539748954,0.0038711297071129707,0
1493736545000.0,-0.0577,-0.0751,0.0508,0
1493736570000.0,-0.0011,0.4343,-0.3107,0
1493736595000.0,0.0492,-0.0765,-0.0779,0
1493736620000.0,0.0084,0.0087,-0.0124,0
1493736645000.0,0.0344,-0.0386,0.0239,0
1493736670000.0,0.0061,-0.0043,-0.0088,0
1493736695000.0,0.0229,0.0021,-0.0252,0
1493736720000.0,0.0103,0.0055,-0.0881,0
1493736745000.0,0.0172,-0.0125,0.0037,0
1493736770000.0,-0.001,0.0075,0.0043,0
1493736795000.0,-0.0026,-0.0281,-0.0105,0
1493736820000.0,-0.0084,0.0101,0.0116,0
1493736845000.0,-0.0006,0.0039,-0.0088,0
1493736870000.0,-0.1747844301500907,0.25873016658419923,-0.674271680686129,0
1493736895000.0,-0.14088207158172522,0.2275409863104074,-0.6264323272307438,0
1493736920000.0,-0.10697971301335972,0.19635180603661553,-0.5785929737753587,0
1493736945000.0,-0.07307735444499422,0.1651626257628237,-0.5307536203199735,0
1493736970000.0,-0.03917499587662873,0.13397344548903184,-0.48291426686458844,0
1493736995000.0,-0.005272637308263217,0.10278426521523998,-0.43507491340920335,0
1493737020000.0,0.02862972126010227,0.07159508494144812,-0.3872355599538182,0
1493737045000.0,0.06253207982846776,0.040405904667656284,-0.33939620649843305,0
1493737070000.0,0.09643443839683324,0.009216724393864395,-0.29155685304304796,0
1493737095000.0,0.1303367969651988,-0.02197245587992741,-0.2437174995876628,0
1493737120000.0,0.16423915553356427,-0.05316163615371927,-0.19587814613227772,0
1493737145000.0,0.19814151410192976,-0.08435081642751113,-0.14803879267689257,0
1493737170000.0,-0.4222200180662645,0.3362447882053102,-0.4144120624576572,0
1493737195000.0,-0.422337771397232,0.3370964835306643,-0.41624772397328774,0
1493737220000.0,-0.4224555247281995,0.33794817885601836,-0.4180833854889183,0
1493737245000.0,-0.42257327805916706,0.3387998741813724,-0.41991904700454885,0
1493737270000.0,-0.42269103139013453,0.3396515695067265,-0.4217547085201794,0
1493737295000.0,-0.42280878472110206,0.34050326483208054,-0.42359037003580996,0
1493737320000.0,-0.4229265380520696,0.3413549601574346,-0.4254260315514405,0
1493737345000.0,-0.42304429138303706,0.34220665548278867,-0.427261693067071,0
1493737370000.0,-0.4231620447140046,0.34305835080814273,-0.4290973545827016,0
1493737395000.0,-0.4232797980449721,0.3439100461334968,-0.4309330160983321,0
1493737420000.0,-0.4233975513759396,0.34476174145885086,-0.43276867761396265,0
1493737445000.0,-0.4235153047069071,0.3456134367842049,-0.43460433912959323,0
1493737470000.0,-0.42363305803787465,0.346465132109559,-0.43644000064522376,0
1493737495000.0,-0.4237508113688422,0.34731682743491304,-0.4382756621608543,0
1493737520000.0,-0.42386856469980966,0.3481685227602671,-0.44011132367648487,0
1493737545000.0,-0.4239863180307772,0.3490202180856212,-0.4419469851921154,0
1493737570000.0,-0.4241040713617447,0.3498719134109753,-0.4437826467077459,0
1493737595000.0,-0.4242218246927122,0.35072360873632935,-0.4456183082233765,0
1493737620000.0,-0.4243395780236797,0.3515753040616834,-0.44745396973900703,0
1493737645000.0,-0.42445733135464725,0.3524269993870375,-0.44928963125463756,0
1493737670000.0,-0.4245750846856147,0.35327869471239154,-0.45112529277026814,0
1493737695000.0,-0.42469283801658225,0.3541303900377456,-0.45296095428589866,0
1493737720000.0,-0.4248105913475498,0.35498208536309966,-0.4547966158015292,0
1493737745000.0,-0.4249283446785173,0.3558337806884537,-0.4566322773171598,0
1493737770000.0,-0.4250460980094848,0.3566854760138078,-0.4584679388327903,0
1493737795000.0,-0.4251638513404523,0.35753717133916185,-0.4603036003484208,0
1493737820000.0,-0.42528160467141984,0.3583888666645159,-0.4621392618640514,0
1493737845000.0,-0.4253993580023873,0.35924056198987,-0.46397492337968194,0
1493737870000.0,-0.42551711133335485,0.3600922573152241,-0.46581058489531246,0
1493737895000.0,-0.4256348646643224,0.36094395264057816,-0.46764624641094305,0
1493737920000.0,-0.42575261799528985,0.3617956479659322,-0.46948190792657357,0
1493737945000.0,-0.4258703713262574,0.3626473432912863,-0.4713175694422041,0
1493737970000.0,-0.4259881246572249,0.36349903861664035,-0.4731532309578347,0
1493737995000.0,-0.42610587798819244,0.3643507339419944,-0.4749888924734652,0
1493738020000.0,-0.4262236313191599,0.36520242926734847,-0.47682455398909573,0
1493738045000.0,-0.42634138465012744,0.36605412459270253,-0.4786602155047263,0
1493738070000.0,-0.42645913798109497,0.3669058199180566,-0.48049587702035684,0
1493738095000.0,-0.42657689131206245,0.36775751524341066,-0.48233153853598737,0
1493738120000.0,-0.42669464464303,0.3686092105687647,-0.48416720005161795,0
1493738145000.0,-0.4268123979739975,0.3694609058941188,-0.4860028615672485,0
1493738170000.0,-0.426930151304965,0.37031260121947285,-0.487838523082879,0
1493738195000.0,-0.4270479046359325,0.37116429654482697,-0.4896741845985096,0
1493738220000.0,-0.42716565796690004,0.37201599187018103,-0.4915098461141401,0
1493738245000.0,-0.4272834112978675,0.3728676871955351,-0.49334550762977064,0
1493738270000.0,-0.42740116462883504,0.37371938252088915,-0.4951811691454012,0
1493738295000.0,-0.42751891795980257,0.3745710778462432,-0.49701683066103175,0
1493738320000.0,-0.4276366712907701,0.3754227731715973,-0.4988524921766623,0
1493738345000.0,-0.4277544246217376,0.37627446849695134,-0.5006881536922928,0
1493738370000.0,-0.4278721779527051,0.3771261638223054,-0.5025238152079234,0
1493738395000.0,-0.42798993128367263,0.37797785914765947,-0.504359476723554,0
1493738420000.0,-0.4281076846146401,0.37882955447301353,-0.5061951382391845,0
1493738445000.0,-0.42822543794560763,0.3796812497983676,-0.508030799754815,0
1493738470000.0,-0.42834319127657516,0.38053294512372166,-0.5098664612704455,0
1493738495000.0,-0.42846094460754264,0.3813846404490757,-0.5117021227860761,0
1493738520000.0,-0.42857869793851017,0.38223633577442984,-0.5135377843017066,0
1493738545000.0,-0.4286964512694777,0.38308803109978384,-0.5153734458173372,0
1493738570000.0,-0.4288142046004452,0.38393972642513796,-0.5172091073329678,0
1493738595000.0,-0.4289319579314127,0.384791421750492,-0.5190447688485983,0
1493738620000.0,-0.42904971126238023,0.3856431170758461,-0.5208804303642288,0
1493738645000.0,-0.42916746459334776,0.38649481240120015,-0.5227160918798593,0
1493738670000.0,-0.42928521792431523,0.3873465077265542,-0.52455175339549,0
1493738695000.0,-0.42940297125528276,0.3881982030519083,-0.5263874149111205,0
1493738720000.0,-0.0936,0.0129,-0.0076,0
1493738745000.0,0.1987853217651679,-0.08588888486648341,0.023107037846063223,0
1493738770000.0,0.19876875490869822,-0.08598920638621638,0.02300211442175535,0
1493738795000.0,0.19875218805222855,-0.08608952790594934,0.022897190997447477,0
1493738820000.0,0.19873562119575888,-0.08618984942568231,0.022792267573139603,0
1493738845000.0,0.19871905433928921,-0.08629017094541527,0.02268734414883173,0
1493738870000.0,0.19870248748281957,-0.08639049246514824,0.022582420724523856,0
1493738895000.0,0.1986859206263499,-0.0864908139848812,0.02247749730021598,0
1493738920000.0,0.19866935376988024,-0.08659113550461418,0.022372573875908106,0
1493738945000.0,0.19865278691341057,-0.08669145702434715,0.022267650451600233,0
1493738970000.0,0.1986362200569409,-0.08679177854408011,0.02216272702729236,0
1493738995000.0,0.19861965320047123,-0.08689210006381308,0.022057803602984486,0
1493739020000.0,0.19860308634400156,-0.08699242158354605,0.021952880178676613,0
1493739045000.0,0.19858651948753192,-0.08709274310327901,0.02184795675436874,0
1493739070000.0,0.19856995263106225,-0.08719306462301198,0.021743033330060866,0
1493739095000.0,0.19855338577459258,-0.08729338614274494,0.021638109905752993,0
1493739120000.0,0.19853681891812291,-0.0873937076624779,0.02153318648144512,0
1493739145000.0,0.19852025206165325,-0.08749402918221087,0.021428263057137246,0
1493739170000.0,0.19850368520518358,-0.08759435070194385,0.021323339632829372,0
1493739195000.0,0.19848711834871394,-0.08769467222167682,0.0212184162085215,0
1493739220000.0,0.19847055149224427,-0.08779499374140978,0.021113492784213626,0
1493739245000.0,0.1984539846357746,-0.08789531526114275,0.021008569359905752,0
1493739270000.0,0.19843741777930493,-0.08799563678087571,0.02090364593559788,0
1493739295000.0,0.19842085092283526,-0.08809595830060868,0.020798722511290006,0
1493739320000.0,0.1984042840663656,-0.08819627982034164,0.020693799086982132,0
1493739345000.0,0.19838771720989593,-0.08829660134007461,0.02058887566267426,0
1493739370000.0,0.19837115035342628,-0.08839692285980758,0.020483952238366385,0
1493739395000.0,0.19835458349695662,-0.08849724437954054,0.02037902881405851,0
1493739420000.0,0.19833801664048695,-0.08859756589927352,0.020274105389750635,0
1493739445000.0,0.19832144978401728,-0.08869788741900649,0.020169181965442762,0
1493739470000.0,0.1983048829275476,-0.08879820893873945,0.02006425854113489,0
1493739495000.0,0.19828831607107794,-0.08889853045847242,0.019959335116827015,0
1493739520000.0,0.1982717492146083,-0.08899885197820538,0.01985441169251914,0
1493739545000.0,0.19825518235813863,-0.08909917349793835,0.019749488268211268,0
1493739570000.0,0.19823861550166896,-0.08919949501767131,0.019644564843903395,0
1493739595000.0,0.1982220486451993,-0.08929981653740428,0.01953964141959552,0
1493739620000.0,0.19820548178872963,-0.08940013805713724,0.019434717995287648,0
1493739645000.0,0.19818891493225996,-0.08950045957687021,0.019329794570979775,0
1493739670000.0,0.19817234807579032,-0.08960078109660319,0.0192248711466719,0
1493739695000.0,0.19815578121932065,-0.08970110261633615,0.019119947722364028,0
1493739720000.0,0.19813921436285098,-0.08980142413606912,0.019015024298056155,0
1493739745000.0,0.1981226475063813,-0.08990174565580208,0.01891010087374828,0
1493739770000.0,0.19810608064991164,-0.09000206717553505,0.018805177449440408,0
1493739795000.0,0.19808951379344197,-0.09010238869526802,0.018700254025132534,0
1493739820000.0,0.1980729469369723,-0.09020271021500098,0.01859533060082466,0
1493739845000.0,0.19805638008050266,-0.09030303173473395,0.018490407176516788,0
1493739870000.0,0.198039813224033,-0.09040335325446691,0.018385483752208914,0
1493739895000.0,0.19802324636756333,-0.09050367477419988,0.01828056032790104,0
1493739920000.0,0.19800667951109366,-0.09060399629393284,0.018175636903593168,0
1493739945000.0,0.197990112654624,-0.09070431781366582,0.018070713479285294,0
1493739970000.0,0.19797354579815432,-0.09080463933339879,0.01796579005497742,0
1493739995000.0,0.19795697894168468,-0.09090496085313175,0.017860866630669547,0
1493740020000.0,0.197940412085215,-0.09100528237286472,0.017755943206361674,0
1493740045000.0,0.19792384522874534,-0.09110560389259768,0.017651019782053797,0
1493740070000.0,0.19790727837227567,-0.09120592541233065,0.017546096357745924,0
1493740095000.0,0.197890711515806,-0.09130624693206361,0.01744117293343805,0
1493740120000.0,0.19787414465933634,-0.09140656845179658,0.017336249509130177,0
1493740145000.0,0.19785757780286667,-0.09150688997152955,0.017231326084822304,0
1493740170000.0,0.19784101094639703,-0.09160721149126251,0.01712640266051443,0
1493740195000.0,0.19782444408992736,-0.09170753301099549,0.017021479236206557,0
1493740220000.0,0.1978078772334577,-0.09180785453072846,0.016916555811898683,0
1493740245000.0,0.19779131037698802,-0.09190817605046142,0.01681163238759081,0
1493740270000.0,0.19777474352051835,-0.09200849757019439,0.016706708963282937,0
1493740295000.0,0.19775817666404868,-0.09210881908992735,0.016601785538975063,0
1493740320000.0,0.19774160980757904,-0.09220914060966032,0.01649686211466719,0
1493740345000.0,0.19772504295110938,-0.09230946212939328,0.016391938690359317,0
1493740370000.0,0.1977084760946397,-0.09240978364912625,0.016287015266051443,0
1493740395000.0,0.19769190923817004,-0.09251010516885921,0.01618209184174357,0
1493740420000.0,0.19767534238170037,-0.09261042668859218,0.016077168417435696,0
1493740445000.0,0.1976587755252307,-0.09271074820832516,0.01597224499312782,0
1493740470000.0,0.19764220866876103,-0.09281106972805812,0.015867321568819946,0
1493740495000.0,0.1976256418122914,-0.09291139124779109,0.015762398144512073,0
1493740520000.0,0.19760907495582172,-0.09301171276752405,0.0156574747202042,0
1493740545000.0,0.19759250809935205,-0.09311203428725702,0.015552551295896328,0
1493740570000.0,0.19757594124288239,-0.09321235580698999,0.015447627871588454,0
1493740595000.0,0.19755937438641272,-0.09331267732672295,0.015342704447280581,0
1493740620000.0,0.19754280752994305,-0.09341299884645592,0.015237781022972708,0
1493740645000.0,0.1975262406734734,-0.09351332036618888,0.015132857598664834,0
1493740670000.0,0.19750967381700374,-0.09361364188592185,0.01502793417435696,0
1493740695000.0,0.19749310696053407,-0.09371396340565483,0.014923010750049086,0
1493740720000.0,0.1974765401040644,-0.09381428492538779,0.014818087325741212,0
1493740745000.0,0.19745997324759473,-0.09391460644512076,0.014713163901433339,0
1493740770000.0,0.19744340639112506,-0.09401492796485372,0.014608240477125466,0
1493740795000.0,0.1974268395346554,-0.09411524948458669,0.014503317052817592,0
1493740820000.0,0.19741027267818576,-0.09421557100431965,0.014398393628509719,0
1493740845000.0,0.1973937058217161,-0.09431589252405262,0.014293470204201845,0
1493740870000.0,0.19737713896524642,-0.09441621404378558,0.014188546779893972,0
1493740895000.0,0.19736057210877675,-0.09451653556351855,0.014083623355586099,0
1493740920000.0,0.19734400525230708,-0.09461685708325152,0.013978699931278224,0
1493740945000.0,0.1973274383958374,-0.09471717860298448,0.01387377650697035,0
1493740970000.0,0.19731087153936777,-0.09481750012271746,0.013768853082662477,0
1493740995000.0,0.1972943046828981,-0.09491782164245043,0.013663929658354603,0
1493741020000.0,0.19727773782642843,-0.09501814316218339,0.01355900623404673,0
1493741045000.0,0.19726117096995877,-0.09511846468191636,0.013454082809738857,0
1493741070000.0,0.1972446041134891,-0.09521878620164932,0.013349159385430983,0
1493741095000.0,0.19722803725701943,-0.09531910772138229,0.01324423596112311,0
1493741120000.0,0.1972114704005498,-0.09541942924111525,0.013139312536815237,0
1493741145000.0,0.19719490354408012,-0.09551975076084822,0.013034389112507363,0
1493741170000.0,0.19717833668761045,-0.09562007228058118,0.01292946568819949,0
1493741195000.0,0.19716176983114078,-0.09572039380031416,0.012824542263891615,0
1493741220000.0,0.1971452029746711,-0.09582071532004713,0.012719618839583741,0
1493741245000.0,0.19712863611820144,-0.0959210368397801,0.012614695415275868,0
1493741270000.0,0.19711206926173178,-0.09602135835951306,0.012509771990967995,0
1493741295000.0,0.19709550240526214,-0.09612167987924602,0.012404848566660121,0
1493741320000.0,0.19707893554879247,-0.09622200139897899,0.012299925142352248,0
1493741345000.0,0.1970623686923228,-0.09632232291871196,0.012195001718044374,0
1493741370000.0,0.19704580183585313,-0.09642264443844492,0.012090078293736501,0
1493741395000.0,0.19702923497938346,-0.09652296595817789,0.011985154869428628,0
1493741420000.0,0.1970126681229138,-0.09662328747791085,0.011880231445120754,0
1493741445000.0,0.19699610126644415,-0.09672360899764382,0.011775308020812881,0
1493741470000.0,0.19697953440997448,-0.09682393051737678,0.011670384596505006,0
1493741495000.0,0.19696296755350481,-0.09692425203710976,0.011565461172197132,0
1493741520000.0,0.19694640069703515,-0.09702457355684273,0.011460537747889259,0
1493741545000.0,0.19692983384056548,-0.09712489507657569,0.011355614323581386,0
1493741570000.0,0.1969132669840958,-0.09722521659630866,0.011250690899273512,0
1493741595000.0,0.19689670012762614,-0.09732553811604162,0.011145767474965639,0
1493741620000.0,0.1968801332711565,-0.09742585963577459,0.011040844050657765,0
1493741645000.0,0.19686356641468683,-0.09752618115550755,0.010935920626349892,0
1493741670000.0,0.19684699955821716,-0.09762650267524052,0.010830997202042019,0
1493741695000.0,0.1968304327017475,-0.09772682419497349,0.010726073777734145,0
1493741720000.0,0.19681386584527782,-0.09782714571470646,0.010621150353426272,0
1493741745000.0,0.19679729898880816,-0.09792746723443943,0.010516226929118397,0
1493741770000.0,0.19678073213233852,-0.0980277887541724,0.010411303504810523,0
1493741795000.0,0.19676416527586885,-0.09812811027390536,0.01030638008050265,0
1493741820000.0,0.19674759841939918,-0.09822843179363833,0.010201456656194777,0
1493741845000.0,0.1967310315629295,-0.09832875331337129,0.010096533231886903,0
1493741870000.0,0.19671446470645984,-0.09842907483310426,0.00999160980757903,0
1493741895000.0,0.19669789784999017,-0.09852939635283722,0.009886686383271157,0
1493741920000.0,0.1966813309935205,-0.09862971787257019,0.009781762958963283,0
1493741945000.0,0.19666476413705086,-0.09873003939230315,0.00967683953465541,0
1493741970000.0,0.1966481972805812,-0.09883036091203612,0.009571916110347536,0
1493741995000.0,0.19663163042411153,-0.0989306824317691,0.009466992686039663,0
1493742020000.0,0.19661506356764186,-0.09903100395150206,0.009362069261731788,0
1493742045000.0,0.1965984967111722,-0.09913132547123503,0.009257145837423915,0
1493742070000.0,0.19658192985470252,-0.099231646990968,0.009152222413116041,0
1493742095000.0,0.19656536299823288,-0.09933196851070096,0.009047298988808168,0
1493742120000.0,0.1965487961417632,-0.09943229003043393,0.008942375564500294,0
1493742145000.0,0.19653222928529354,-0.09953261155016689,0.008837452140192421,0
1493742170000.0,0.19651566242882387,-0.09963293306989986,0.008732528715884548,0
1493742195000.0,0.1964990955723542,-0.09973325458963282,0.008627605291576674,0
1493742220000.0,0.19648252871588454,-0.0998335761093658,0.008522681867268801,0
1493742245000.0,0.1964659618594149,-0.09993389762909877,0.008417758442960927,0
1493742270000.0,0.19644939500294523,-0.10003421914883173,0.008312835018653054,0
1493742295000.0,0.19643282814647556,-0.1001345406685647,0.008207911594345179,0
1493742320000.0,0.1964162612900059,-0.10023486218829766,0.008102988170037306,0
1493742345000.0,0.19639969443353622,-0.10033518370803063,0.007998064745729432,0
1493742370000.0,0.19638312757706655,-0.1004355052277636,0.007893141321421559,0
1493742395000.0,0.19636656072059688,-0.10053582674749656,0.0077882178971136855,0
1493742420000.0,0.19634999386412724,-0.10063614826722952,0.007683294472805812,0
1493742445000.0,0.19633342700765757,-0.10073646978696249,0.007578371048497939,0
1493742470000.0,0.1963168601511879,-0.10083679130669546,0.007473447624190065,0
1493742495000.0,0.19630029329471824,-0.10093711282642842,0.007368524199882192,0
1493742520000.0,0.19628372643824857,-0.1010374343461614,0.007263600775574319,0
1493742545000.0,0.1962671595817789,-0.10113775586589437,0.007158677351266445,0
1493742570000.0,0.19625059272530926,-0.10123807738562733,0.007053753926958572,0
1493742595000.0,0.1962340258688396,-0.1013383989053603,0.006948830502650698,0
1493742620000.0,0.19621745901236992,-0.10143872042509326,0.006843907078342825,0
1493742645000.0,0.19620089215590025,-0.10153904194482623,0.006738983654034952,0
1493742670000.0,0.19618432529943058,-0.1016393634645592,0.006634060229727078,0
1493742695000.0,0.19616775844296092,-0.10173968498429216,0.0065291368054192014,0
1493742720000.0,0.19615119158649125,-0.10184000650402514,0.006424213381111328,0
1493742745000.0,0.1961346247300216,-0.1019403280237581,0.006319289956803455,0
1493742770000.0,0.19611805787355194,-0.10204064954349107,0.006214366532495581,0
1493742795000.0,0.19610149101708227,-0.10214097106322403,0.006109443108187708,0
1493742820000.0,0.1960849241606126,-0.102241292582957,0.0060045196838798345,0
1493742845000.0,0.19606835730414293,-0.10234161410268997,0.005899596259571961,0
1493742870000.0,0.19605179044767326,-0.10244193562242293,0.005794672835264088,0
1493742895000.0,0.19603522359120362,-0.1025422571421559,0.005689749410956214,0
1493742920000.0,0.19601865673473395,-0.10264257866188886,0.005584825986648341,0
1493742945000.0,0.19600208987826429,-0.10274290018162183,0.005479902562340468,0
1493742970000.0,0.19598552302179462,-0.10284322170135479,0.005374979138032594,0
1493742995000.0,0.19596895616532495,-0.10294354322108776,0.005270055713724721,0
1493743020000.0,0.19595238930885528,-0.10304386474082072,0.0051651322894168475,0
1493743045000.0,0.1959358224523856,-0.1031441862605537,0.005060208865108974,0
1493743070000.0,0.19591925559591597,-0.10324450778028667,0.004955285440801101,0
1493743095000.0,0.1959026887394463,-0.10334482930001963,0.004850362016493227,0
1493743120000.0,0.19588612188297663,-0.1034451508197526,0.004745438592185354,0
1493743145000.0,0.19586955502650696,-0.10354547233948556,0.004640515167877481,0
1493743170000.0,0.1958529881700373,-0.10364579385921853,0.004535591743569607,0
1493743195000.0,0.19583642131356763,-0.1037461153789515,0.004430668319261734,0
1493743220000.0,0.19581985445709799,-0.10384643689868447,0.0043257448949538604,0
1493743245000.0,0.19580328760062832,-0.10394675841841744,0.004220821470645984,0
1493743270000.0,0.19578672074415865,-0.1040470799381504,0.00411589804633811,0
1493743295000.0,0.19577015388768898,-0.10414740145788337,0.004010974622030237,0
1493743320000.0,0.1957535870312193,-0.10424772297761634,0.0039060511977223634,0
1493743345000.0,0.19573702017474964,-0.1043480444973493,0.00380112777341449,0
1493743370000.0,0.19572045331827997,-0.10444836601708227,0.0036962043491066167,0
1493743395000.0,0.19570388646181033,-0.10454868753681523,0.0035912809247987433,0
1493743420000.0,0.19568731960534066,-0.1046490090565482,0.00348635750049087,0
1493743445000.0,0.195670752748871,-0.10474933057628116,0.0033814340761829965,0
1493743470000.0,0.19565418589240133,-0.10484965209601413,0.003276510651875123,0
1493743495000.0,0.19563761903593166,-0.1049499736157471,0.00317158722756725,1
1493743520000.0,0.195621052179462,-0.10505029513548006,0.0030666638032593764,1
1493743545000.0,0.19560448532299235,-0.10515061665521304,0.002961740378951503,1
1493743570000.0,0.19558791846652268,-0.105250938174946,0.0028568169546436296,1
1493743595000.0,0.195571351610053,-0.10535125969467897,0.0027518935303357563,1
1493743620000.0,0.19555478475358334,-0.10545158121441194,0.002646970106027883,1
1493743645000.0,0.19553821789711368,-0.1055519027341449,0.0025420466817200095,1
1493743670000.0,0.195521651040644,-0.10565222425387787,0.002437123257412136,1
1493743695000.0,0.19550508418417434,-0.10575254577361083,0.0023321998331042627,1
1493743720000.0,0.1954885173277047,-0.1058528672933438,0.0022272764087963894,1
1493743745000.0,0.19547195047123503,-0.10595318881307678,0.002122352984488516,1
1493743770000.0,0.19545538361476536,-0.10605351033280974,0.0020174295601806426,1
1493743795000.0,0.1954388167582957,-0.10615383185254271,0.0019125061358727657,1
1493743820000.0,0.19542224990182602,-0.10625415337227567,0.0018075827115648924,1
1493743845000.0,0.19540568304535635,-0.10635447489200864,0.001702659287257019,1
1493743870000.0,0.1953891161888867,-0.1064547964117416,0.0015977358629491456,1
1493743895000.0,0.19537254933241704,-0.10655511793147457,0.0014928124386412722,1
1493743920000.0,0.19535598247594738,-0.10665543945120753,0.0013878890143333988,1
1493743945000.0,0.1953394156194777,-0.1067557609709405,0.0012829655900255255,1
1493743970000.0,0.19532284876300804,-0.10685608249067347,0.001178042165717652,1
1493743995000.0,0.19530628190653837,-0.10695640401040643,0.0010731187414097787,1
1493744020000.0,0.19528971505006873,-0.1070567255301394,0.0009681953171019053,1
1493744045000.0,0.19527314819359906,-0.10715704704987236,0.0008632718927940319,1
1493744070000.0,0.1952565813371294,-0.10725736856960534,0.0007583484684861586,1
1493744095000.0,0.19524001448065972,-0.1073576900893383,0.0006534250441782852,1
1493744120000.0,0.19522344762419006,-0.10745801160907127,0.0005485016198704118,1
1493744145000.0,0.1952068807677204,-0.10755833312880424,0.0004435781955625384,1
1493744170000.0,0.19519031391125072,-0.1076586546485372,0.00033865477125466503,1
1493744195000.0,0.19517374705478108,-0.10775897616827017,0.00023373134694679165,1
1493744220000.0,0.1951571801983114,-0.10785929768800313,0.00012880792263891827,1
1493744245000.0,0.19514061334184174,-0.10795961920773611,2.388449833104489e-05,1
1493744270000.0,0.19512404648537207,-0.10805994072746908,-8.103892597682849e-05,1
1493744295000.0,0.1951074796289024,-0.10816026224720204,-0.00018596235028470187,1
1493744320000.0,0.19509091277243273,-0.10826058376693501,-0.00029088577459257525,1
1493744345000.0,0.1950743459159631,-0.10836090528666797,-0.0003958091989004521,1
1493744370000.0,0.19505777905949342,-0.10846122680640094,-0.0005007326232083255,1
1493744395000.0,0.19504121220302376,-0.1085615483261339,-0.0006056560475161989,1
1493744420000.0,0.1950246453465541,-0.10866186984586687,-0.0007105794718240722,1
1493744445000.0,0.19500807849008442,-0.10876219136559984,-0.0008155028961319456,1
1493744470000.0,0.19499151163361475,-0.1088625128853328,-0.000920426320439819,1
1493744495000.0,0.19497494477714508,-0.10896283440506577,-0.0010253497447476924,1
1493744520000.0,0.19495837792067544,-0.10906315592479873,-0.0011302731690555658,1
1493744545000.0,0.19494181106420577,-0.1091634774445317,-0.0012351965933634391,1
1493744570000.0,0.1949252442077361,-0.10926379896426468,-0.0013401200176713125,1
1493744595000.0,0.19490867735126644,-0.10936412048399764,-0.001445043441979186,1
1493744620000.0,0.19489211049479677,-0.10946444200373061,-0.0015499668662870593,1
1493744645000.0,0.1948755436383271,-0.10956476352346357,-0.0016548902905949327,1
1493744670000.0,0.19485897678185746,-0.10966508504319654,-0.001759813714902806,1
1493744695000.0,0.1948424099253878,-0.1097654065629295,-0.0018647371392106794,1
1493744720000.0,0.19482584306891812,-0.10986572808266247,-0.001969660563518553,1
1493744745000.0,0.19480927621244845,-0.10996604960239544,-0.002074583987826426,1
1493744770000.0,0.19479270935597878,-0.11006637112212841,-0.0021795074121342996,1
1493744795000.0,0.19477614249950911,-0.11016669264186138,-0.002284430836442173,1
1493744820000.0,0.19475957564303945,-0.11026701416159435,-0.0023893542607500463,1
1493744845000.0,0.1947430087865698,-0.11036733568132731,-0.0024942776850579197,1
1493744870000.0,0.19472644193010014,-0.11046765720106028,-0.002599201109365793,1
1493744895000.0,0.19470987507363047,-0.11056797872079324,-0.00270412453367367,1
1493744920000.0,0.1946933082171608,-0.11066830024052621,-0.0028090479579815433,1
1493744945000.0,0.19467674136069113,-0.11076862176025917,-0.0029139713822894167,1
1493744970000.0,0.19466017450422146,-0.11086894327999214,-0.00301889480659729,1
1493744995000.0,0.19464360764775182,-0.1109692647997251,-0.0031238182309051635,1
1493745020000.0,0.19462704079128215,-0.11106958631945807,-0.003228741655213037,1
1493745045000.0,0.19461047393481248,-0.11116990783919103,-0.0033336650795209102,1
1493745070000.0,0.19459390707834281,-0.11127022935892401,-0.0034385885038287836,1
1493745095000.0,0.19457734022187315,-0.11137055087865698,-0.003543511928136657,1
1493745120000.0,0.19456077336540348,-0.11147087239838994,-0.0036484353524445304,1
1493745145000.0,0.19454420650893384,-0.11157119391812291,-0.0037533587767524038,1
1493745170000.0,0.19452763965246417,-0.11167151543785588,-0.003858282201060277,1
1493745195000.0,0.1945110727959945,-0.11177183695758884,-0.0039632056253681505,1
1493745220000.0,0.19449450593952483,-0.1118721584773218,-0.004068129049676024,1
1493745245000.0,0.19447793908305516,-0.11197247999705477,-0.004173052473983897,1
1493745270000.0,0.1944613722265855,-0.11207280151678775,-0.004277975898291771,1
1493745295000.0,0.19444480537011583,-0.11217312303652072,-0.004382899322599644,1
1493745320000.0,0.19442823851364618,-0.11227344455625368,-0.004487822746907517,1
1493745345000.0,0.19441167165717652,-0.11237376607598665,-0.004592746171215391,1
1493745370000.0,0.19439510480070685,-0.11247408759571961,-0.004697669595523264,1
1493745395000.0,0.19437853794423718,-0.11257440911545258,-0.0048025930198311376,1
1493745420000.0,0.1943619710877675,-0.11267473063518554,-0.004907516444139014,1
1493745445000.0,0.19434540423129784,-0.11277505215491851,-0.005012439868446888,1
1493745470000.0,0.1943288373748282,-0.11287537367465147,-0.005117363292754761,1
1493745495000.0,0.19431227051835853,-0.11297569519438444,-0.0052222867170626346,1
1493745520000.0,0.19429570366188886,-0.1130760167141174,-0.005327210141370508,1
1493745545000.0,0.1942791368054192,-0.11317633823385037,-0.005432133565678381,1
1493745570000.0,0.19426256994894953,-0.11327665975358334,-0.005537056989986255,1
1493745595000.0,0.19424600309247986,-0.11337698127331632,-0.005641980414294128,1
1493745620000.0,0.1942294362360102,-0.11347730279304928,-0.0057469038386020015,1
1493745645000.0,0.19421286937954055,-0.11357762431278225,-0.005851827262909875,1
1493745670000.0,0.19419630252307088,-0.11367794583251521,-0.005956750687217748,1
1493745695000.0,0.1941797356666012,-0.11377826735224818,-0.006061674111525622,1
1493745720000.0,0.19416316881013154,-0.11387858887198114,-0.006166597535833495,1
1493745745000.0,0.19414660195366187,-0.11397891039171411,-0.006271520960141368,1
1493745770000.0,0.1941300350971922,-0.11407923191144707,-0.006376444384449242,1
1493745795000.0,0.19411346824072256,-0.11417955343118005,-0.006481367808757115,1
1493745820000.0,0.1940969013842529,-0.11427987495091302,-0.0065862912330649885,1
1493745845000.0,0.19408033452778323,-0.11438019647064598,-0.006691214657372862,1
1493745870000.0,0.19406376767131356,-0.11448051799037895,-0.006796138081680735,1
1493745895000.0,0.1940472008148439,-0.11458083951011191,-0.006901061505988609,1
1493745920000.0,0.19403063395837422,-0.11468116102984488,-0.007005984930296482,1
1493745945000.0,0.19401406710190455,-0.11478148254957785,-0.007110908354604355,1
1493745970000.0,0.1939975002454349,-0.11488180406931081,-0.007215831778912232,1
1493745995000.0,0.19398093338896524,-0.11498212558904378,-0.007320755203220106,1
1493746020000.0,0.19396436653249557,-0.11508244710877674,-0.007425678627527979,1
1493746045000.0,0.1939477996760259,-0.11518276862850971,-0.007530602051835852,1
1493746070000.0,0.19393123281955624,-0.11528309014824267,-0.007635525476143726,1
1493746095000.0,0.19391466596308657,-0.11538341166797565,-0.007740448900451599,1
1493746120000.0,0.19389809910661693,-0.11548373318770862,-0.007845372324759473,1
1493746145000.0,0.19388153225014726,-0.11558405470744158,-0.007950295749067346,1
1493746170000.0,0.1938649653936776,-0.11568437622717455,-0.00805521917337522,1
1493746195000.0,0.19384839853720792,-0.11578469774690751,-0.008160142597683093,1
1493746220000.0,0.19383183168073825,-0.11588501926664048,-0.008265066021990966,1
1493746245000.0,0.19381526482426858,-0.11598534078637344,-0.00836998944629884,1
1493746270000.0,0.19379869796779892,-0.11608566230610641,-0.008474912870606713,1
1493746295000.0,0.19378213111132928,-0.11618598382583939,-0.008579836294914586,1
1493746320000.0,0.1937655642548596,-0.11628630534557235,-0.00868475971922246,1
1493746345000.0,0.19374899739838994,-0.11638662686530532,-0.008789683143530333,1
1493746370000.0,0.19373243054192027,-0.11648694838503829,-0.008894606567838206,1
1493746395000.0,0.1937158636854506,-0.11658726990477125,-0.00899952999214608,1
1493746420000.0,0.19369929682898093,-0.11668759142450422,-0.009104453416453953,1
1493746445000.0,0.1936827299725113,-0.11678791294423718,-0.009209376840761826,1
1493746470000.0,0.19366616311604162,-0.11688823446397015,-0.0093143002650697,1
1493746495000.0,0.19364959625957195,-0.11698855598370311,-0.009419223689377573,1
1493746520000.0,0.19363302940310229,-0.11708887750343608,-0.009524147113685447,1
1493746545000.0,0.19361646254663262,-0.11718919902316904,-0.00962907053799332,1
1493746570000.0,0.19359989569016295,-0.11728952054290201,-0.009733993962301193,1
1493746595000.0,0.19358332883369328,-0.11738984206263497,-0.009838917386609067,1
1493746620000.0,0.19356676197722364,-0.11749016358236794,-0.00994384081091694,1
1493746645000.0,0.19355019512075397,-0.11759048510210092,-0.010048764235224814,1
1493746670000.0,0.1935336282642843,-0.11769080662183388,-0.010153687659532687,1
1493746695000.0,0.19351706140781463,-0.11779112814156685,-0.01025861108384056,1
1493746720000.0,0.19350049455134496,-0.11789144966129982,-0.010363534508148434,1
1493746745000.0,0.1934839276948753,-0.11799177118103278,-0.010468457932456307,1
1493746770000.0,0.19346736083840566,-0.11809209270076576,-0.01057338135676418,1
1493746795000.0,0.193450793981936,-0.11819241422049873,-0.01067830478107206,1
1493746820000.0,0.19343422712546632,-0.11829273574023169,-0.010783228205379934,1
1493746845000.0,0.19341766026899665,-0.11839305725996466,-0.010888151629687808,1
1493746870000.0,0.19340109341252698,-0.11849337877969762,-0.010993075053995681,1
1493746895000.0,0.0277,-0.0358,-0.0147,1
1493746920000.0,-0.0014,-0.0001,-0.0036,1
1493746945000.0,0.0087,-0.0472,0.3147,1
1493746970000.0,0.0047,-0.0063,-0.0208,1
1493746995000.0,0.0162,-0.0148,-0.0225,1
1493747020000.0,-0.0076,0.0058,0.0312,1
1493747045000.0,0.0161,-0.0494,0.0905,1
1493747070000.0,-0.0038,-0.0007,-0.0058,1
1493747095000.0,-0.0049,0.0015,0.0089,1
1493747120000.0,0.0008,-0.0,0.0036,1
1493747145000.0,-0.0053,-0.0033,0.0174,1
1493747170000.0,0.1175,-0.0902,-0.521,1
1493747195000.0,0.0032,0.0034,-0.0052,1
1493747220000.0,0.0016,-0.0031,0.0003,1
1493747245000.0,1.4644,-0.502,1.8526,1
1493747270000.0,-0.0019,-0.001,-0.0006,1
1493747295000.0,-0.0009,0.0009,0.0005,1
1493747320000.0,0.0021,0.0014,-0.0009,1
1493747345000.0,-0.0014,0.0014,0.0001,1
1493747370000.0,-0.0003,0.0025,-0.0002,1
1493747395000.0,-0.0038,-0.0035,0.0029,1
1493747420000.0,0.0001,0.0004,-0.002,1
1493747445000.0,0.0017,0.0104,0.0221,1
1493747470000.0,-0.0,0.0006,0.0004,1
1493747495000.0,-0.0019,-0.0022,0.0034,1
1493747520000.0,0.0017,0.0039,0.0036,1
1493747545000.0,-0.0062,-0.0048,0.0057,1
1493747570000.0,-0.0193,0.0412,-0.0195,1
1493747595000.0,-0.0049,0.0885,-0.0465,1
1493747620000.0,-0.0039,-0.0198,-0.0003,1
1493747645000.0,-0.0131,-0.0235,-0.0431,1
1493747670000.0,-0.0012,0.0045,-0.0028,1
1493747695000.0,-0.0153,0.0248,0.0143,1
1493747720000.0,0.0043,-0.0003,-0.0166,1
1493747745000.0,0.0024,-0.0003,-0.0027,1
1493747770000.0,-0.0002,0.002,-0.0001,1
1493747795000.0,0.0002,-0.0004,0.0012,1
1493747820000.0,0.0,0.001,0.0167,1
1493747845000.0,-0.0002,-0.0003,-0.0003,1
1493747870000.0,0.0011,0.0009,-0.0023,1
1493747895000.0,0.0011,0.0007,-0.0172,1
1493747920000.0,-0.001,-0.0015,-0.0037,1
1493747945000.0,-0.0,0.0015,-0.0051,1
1493747970000.0,0.0006,-0.0002,0.0003,1
1493747995000.0,0.0001,0.0019,-0.0061,1
1493748020000.0,-0.2281,0.1561,-0.4968,1
1493748045000.0,0.0133,0.0284,-0.1106,1
1493748070000.0,-0.0071,-0.0021,0.0136,1
1493748095000.0,0.0204,-0.034,-0.0162,1
1493748120000.0,0.0031,-0.0047,-0.0113,1
1493748145000.0,0.012,-0.0167,-0.0374,1
1493748170000.0,0.0078,-0.0065,-0.0059,1
1493748195000.0,0.0004,-0.0014,0.0071,1
1493748220000.0,0.0102,0.0018,0.0207,1
1493748245000.0,0.0038,-0.0215,-0.0398,1
1493748270000.0,-0.0194,-0.0195,0.035,1
1493748295000.0,0.0301,0.0107,0.0084,1
1493748320000.0,0.0046,-0.0036,-0.0117,1
1493748345000.0,0.01,-0.0012,-0.0057,1
1493748370000.0,-0.0157,0.0189,0.0492,1
1493748395000.0,-0.0412,0.022,-0.1049,1
1493748420000.0,0.0092,-0.0101,-0.0103,1
1493748445000.0,-0.0214,-0.008,0.0084,1
1493748470000.0,0.1369999999999999,-0.0038,-0.0007,1
1493748495000.0,0.07443444338725025,-0.000535014272121789,-0.030530827783063746,1
1493748520000.0,0.027669457659372038,-0.006862321598477642,0.0024853472882968713,1
1493748545000.0,0.0013,-0.0049,-0.0038,1
1493748570000.0,0.034877229601518026,-0.030900948766603417,0.012845351043643264,1
1493748595000.0,-0.0076,0.0067,-0.0036,1
1493748620000.0,0.032457604562737635,-0.0017937262357414496,-0.003422623574144487,1
1493748645000.0,-0.0595,-0.054,0.0173,1
1493748670000.0,0.004759505393317548,-0.01362088923967377,0.004392273962992195,1
1493748695000.0,0.004691102341489082,-0.013318337279663247,0.004210304305884416,1
1493748720000.0,0.004622699289660615,-0.013015785319652723,0.004028334648776637,1
1493748745000.0,0.004554296237832149,-0.012713233359642199,0.0038463649916688587,1
1493748770000.0,0.004485893186003682,-0.012410681399631675,0.00366439533456108,1
1493748795000.0,0.0044174901341752166,-0.012108129439621152,0.0034824256774533017,1
1493748820000.0,0.004349087082346751,-0.011805577479610628,0.003300456020345523,1
1493748845000.0,0.004280684030518284,-0.011503025519600104,0.0031184863632377443,1
1493748870000.0,0.004212280978689818,-0.011200473559589582,0.0029365167061299654,1
1493748895000.0,0.004143877926861352,-0.010897921599579058,0.002754547049022187,1
1493748920000.0,0.0040754748750328855,-0.010595369639568534,0.0025725773919144084,1
1493748945000.0,0.00400707182320442,-0.01029281767955801,0.0023906077348066295,1
1493748970000.0,0.003938668771375954,-0.009990265719547487,0.002208638077698851,1
1493748995000.0,0.003870265719547487,-0.009687713759536963,0.0020266684205910725,1
1493749020000.0,0.003801862667719021,-0.009385161799526441,0.0018446987634832936,1
1493749045000.0,0.0037334596158905544,-0.009082609839515917,0.0016627291063755151,1
1493749070000.0,0.0036650565640620886,-0.008780057879505393,0.0014807594492677366,1
1493749095000.0,0.0035966535122336223,-0.008477505919494869,0.0012987897921599577,1
1493749120000.0,0.003528250460405156,-0.008174953959484345,0.0011168201350521792,1
1493749145000.0,0.00345984740857669,-0.007872401999473823,0.0009348504779444007,1
1493749170000.0,0.003391444356748224,-0.0075698500394632984,0.0007528808208366218,1
1493749195000.0,0.0033230413049197575,-0.007267298079452775,0.0005709111637288433,1
1493749220000.0,0.0032546382530912916,-0.006964746119442251,0.00038894150662106483,1
1493749245000.0,0.003186235201262825,-0.006662194159431728,0.00020697184951328634,1
1493749270000.0,0.003117832149434359,-0.006359642199421205,2.500219240550699e-05,1
1493749295000.0,0.0030494290976058928,-0.006057090239410681,-0.0001569674647022715,1
1493749320000.0,0.0029810260457774265,-0.0057545382794001575,-0.00033893712181005,1
1493749345000.0,0.0029126229939489606,-0.0054519863193896335,-0.0005209067789178285,1
1493749370000.0,0.0028442199421204943,-0.005149434359379109,-0.000702876436025607,1
1493749395000.0,0.002775816890292028,-0.004846882399368587,-0.0008848460931333863,1
1493749420000.0,0.0027074138384635617,-0.004544330439358063,-0.0010668157502411648,1
1493749445000.0,0.002639010786635096,-0.004241778479347539,-0.0012487854073489433,1
1493749470000.0,0.0025706077348066295,-0.003939226519337017,-0.0014307550644567218,1
1493749495000.0,0.0025022046829781632,-0.0036366745593264926,-0.0016127247215645003,1
1493749520000.0,0.002433801631149697,-0.0033341225993159685,-0.0017946943786722788,1
1493749545000.0,0.002365398579321231,-0.003031570639305446,-0.001976664035780058,1
1493749570000.0,0.0022969955274927648,-0.002729018679294922,-0.0021586336928878366,1
1493749595000.0,0.0022285924756642985,-0.002426466719284398,-0.002340603349995615,1
1493749620000.0,0.002160189423835832,-0.002123914759273874,-0.0025225730071033936,1
1493749645000.0,0.0020917863720073663,-0.0018213627992633517,-0.002704542664211172,1
1493749670000.0,0.0020233833201789,-0.0015188108392528276,-0.0028865123213189505,1
1493749695000.0,0.0019549802683504337,-0.0012162588792423035,-0.00306848197842673,1
1493749720000.0,0.0018865772165219674,-0.0009137069192317812,-0.0032504516355345084,1
1493749745000.0,0.0018181741646935016,-0.0006111549592212571,-0.003432421292642286,1
1493749770000.0,0.0017497711128650353,-0.0003086029992107331,-0.0036143909497500662,1
1493749795000.0,0.001681368061036569,-6.051039200209024e-06,-0.0037963606068578447,1
1493749820000.0,0.0016129650092081027,0.0002965009208103133,-0.003978330263965623,1
1493749845000.0,0.0015445619573796364,0.0005990528808208374,-0.004160299921073402,1
1493749870000.0,0.0014761589055511705,0.0009016048408313614,-0.00434226957818118,1
1493749895000.0,0.0014077558537227042,0.0012041568008418838,-0.004524239235288959,1
1493749920000.0,0.001339352801894238,0.0015067087608524078,-0.004706208892396737,1
1493749945000.0,0.0012709497500657716,0.0018092607208629319,-0.004888178549504516,1
1493749970000.0,0.0012025466982373057,0.002111812680873456,-0.005070148206612294,1
1493749995000.0,0.0011341436464088394,0.00241436464088398,-0.005252117863720073,1
1493750020000.0,0.0010657405945803731,0.0027169166008945006,-0.005434087520827851,1
1493750045000.0,0.0009973375427519068,0.0030194685609050247,-0.005616057177935631,1
1493750070000.0,0.000928934490923441,0.0033220205209155487,-0.00579802683504341,1
1493750095000.0,0.0008605314390949742,0.003624572480926073,-0.005979996492151188,1
1493750120000.0,0.0007921283872665084,0.003927124440936597,-0.006161966149258967,1
1493750145000.0,0.0007237253354380425,0.004229676400947121,-0.006343935806366745,1
1493750170000.0,0.0006553222836095758,0.004532228360957645,-0.006525905463474524,1
1493750195000.0,0.0005869192317811099,0.004834780320968166,-0.006707875120582302,1
1493750220000.0,0.000518516179952644,0.00513733228097869,-0.006889844777690081,1
1493750245000.0,0.0004501131281241773,0.005439884240989214,-0.007071814434797859,1
1493750270000.0,0.00038171007629571145,0.005742436200999738,-0.007253784091905638,1
1493750295000.0,0.0003133070244672447,0.006044988161010262,-0.007435753749013416,1
1493750320000.0,0.00024490397263877885,0.006347540121020786,-0.007617723406121196,1
1493750345000.0,0.000176500920810313,0.00665009208103131,-0.007799693063228975,1
1493750370000.0,0.00010809786898184626,0.0069526440410418305,-0.007981662720336753,1
1493750395000.0,3.969481715338039e-05,0.007255196001052355,-0.008163632377444531,1
1493750420000.0,-2.8708234675085473e-05,0.007557747961062879,-0.00834560203455231,1
1493750445000.0,-9.71112865035522e-05,0.007860299921073403,-0.008527571691660088,1
1493750470000.0,-0.00016551433833201807,0.008162851881083927,-0.008709541348767866,1
1493750495000.0,-0.0002339173901604848,0.00846540384109445,-0.008891511005875645,1
1493750520000.0,-0.00030232044198895067,0.008767955801104975,-0.009073480662983423,1
1493750545000.0,-0.00037072349381741653,0.009070507761115496,-0.009255450320091202,1
1493750570000.0,-0.00043912654564588326,0.00937305972112602,-0.00943741997719898,1
1493750595000.0,-0.0005075295974743491,0.009675611681136544,-0.009619389634306759,1
1493750620000.0,-0.000575932649302815,0.009978163641147068,-0.009801359291414541,1
1493750645000.0,-0.0006443357011312817,0.010280715601157592,-0.00998332894852232,1
1493750670000.0,-0.0007127387529597476,0.010583267561168116,-0.010165298605630098,1
1493750695000.0,-0.0007811418047882143,0.01088581952117864,-0.010347268262737876,1
1493750720000.0,-0.0008495448566166802,0.01118837148118916,-0.010529237919845655,1
1493750745000.0,-0.000917947908445146,0.011490923441199685,-0.010711207576953433,1
1493750770000.0,-0.0009863509602736128,0.011793475401210209,-0.010893177234061212,1
1493750795000.0,-0.0010547540121020786,0.012096027361220733,-0.01107514689116899,1
1493750820000.0,-0.0011231570639305445,0.012398579321231257,-0.011257116548276769,1
1493750845000.0,-0.0011915601157590112,0.01270113128124178,-0.011439086205384547,1
1493750870000.0,-0.0012599631675874771,0.013003683241252301,-0.011621055862492326,1
1493750895000.0,-0.0013283662194159438,0.013306235201262825,-0.011803025519600104,1
1493750920000.0,-0.0013967692712444097,0.01360878716127335,-0.011984995176707883,1
1493750945000.0,-0.0014651723230728756,0.013911339121283874,-0.012166964833815661,1
1493750970000.0,-0.0015335753749013423,0.014213891081294398,-0.01234893449092344,1
1493750995000.0,-0.0016019784267298082,0.014516443041304922,-0.012530904148031218,1
1493751020000.0,-0.001670381478558274,0.014818995001315446,-0.012712873805138997,1
1493751045000.0,-0.0017387845303867408,0.015121546961325966,-0.012894843462246775,1
1493751070000.0,-0.0018071875822152066,0.01542409892133649,-0.013076813119354554,1
1493751095000.0,-0.0018755906340436734,0.015726650881347014,-0.013258782776462332,1
1493751120000.0,-0.0019439936858721392,0.01602920284135754,-0.01344075243357011,1
1493751145000.0,-0.002012396737700605,0.016331754801368063,-0.013622722090677889,1
1493751170000.0,-0.002080799789529072,0.016634306761378587,-0.013804691747785668,1
1493751195000.0,-0.0021492028413575377,0.01693685872138911,-0.013986661404893446,1
1493751220000.0,-0.0022176058931860044,0.01723941068139963,-0.014168631062001225,1
1493751245000.0,-0.0022860089450144703,0.017541962641410155,-0.014350600719109003,1
1493751270000.0,-0.002354411996842936,0.017844514601420683,-0.014532570376216782,1
1493751295000.0,-0.002422815048671403,0.018147066561431204,-0.01471454003332456,1
1493751320000.0,-0.0024912181004998687,0.018449618521441724,-0.014896509690432342,1
1493751345000.0,-0.0025596211523283346,0.01875217048145225,-0.01507847934754012,1
1493751370000.0,-0.0026280242041568013,0.019054722441462772,-0.015260449004647899,1
1493751395000.0,-0.002696427255985267,0.0193572744014733,-0.015442418661755677,1
1493751420000.0,-0.002764830307813734,0.01965982636148382,-0.015624388318863456,1
1493751445000.0,-0.0028332333596422,0.019962378321494348,-0.015806357975971234,1
1493751470000.0,-0.0029016364114706657,0.02026493028150487,-0.015988327633079013,1
1493751495000.0,-0.0029700394632991324,0.02056748224151539,-0.01617029729018679,1
1493751520000.0,-0.0030384425151275983,0.020870034201525917,-0.01635226694729457,1
1493751545000.0,-0.003106845566956065,0.021172586161536437,-0.01653423660440235,1
1493751570000.0,-0.00317524861878453,0.021475138121546965,-0.016716206261510127,1
1493751595000.0,-0.0032436516706129967,0.021777690081557485,-0.016898175918617905,1
1493751620000.0,-0.0033120547224414635,0.022080242041568013,-0.017080145575725684,1
1493751645000.0,-0.0033804577742699285,0.022382794001578533,-0.017262115232833462,1
1493751670000.0,-0.003448860826098395,0.022685345961589054,-0.01744408488994124,1
1493751695000.0,-0.003517263877926862,0.02298789792159958,-0.01762605454704902,1
1493751720000.0,-0.0035856669297553287,0.023290449881610102,-0.017808024204156798,1
1493751745000.0,-0.0036540699815837937,0.02359300184162063,-0.017989993861264576,1
1493751770000.0,-0.0037224730334122604,0.02389555380163115,-0.018171963518372355,1
1493751795000.0,-0.003790876085240727,0.024198105761641678,-0.018353933175480133,1
1493751820000.0,-0.003859279137069192,0.0245006577216522,-0.018535902832587912,1
1493751845000.0,-0.003927682188897659,0.02480320968166272,-0.01871787248969569,1
1493751870000.0,-0.003996085240726126,0.025105761641673247,-0.018899842146803472,1
1493751895000.0,-0.004064488292554591,0.025408313601683767,-0.01908181180391125,1
1493751920000.0,-0.004132891344383057,0.025710865561694295,-0.01926378146101903,1
1493751945000.0,-0.004201294396211524,0.026013417521704815,-0.019445751118126808,1
1493751970000.0,-0.004269697448039989,0.026315969481715343,-0.019627720775234586,1
1493751995000.0,-0.004338100499868456,0.026618521441725863,-0.019809690432342365,1
1493752020000.0,-0.0044065035516969225,0.026921073401736384,-0.019991660089450143,1
1493752045000.0,-0.0044749066035253875,0.02722362536174691,-0.02017362974655792,1
1493752070000.0,-0.004543309655353854,0.027526177321757432,-0.0203555994036657,1
1493752095000.0,-0.004611712707182321,0.02782872928176796,-0.02053756906077348,1
1493752120000.0,-0.004680115759010788,0.02813128124177848,-0.020719538717881257,1
1493752145000.0,-0.004748518810839253,0.028433833201789008,-0.020901508374989036,1
1493752170000.0,-0.004816921862667719,0.02873638516179953,-0.021083478032096814,1
1493752195000.0,-0.004885324914496186,0.02903893712181005,-0.021265447689204593,1
1493752220000.0,-0.004953727966324651,0.029341489081820576,-0.02144741734631237,1
1493752245000.0,-0.005022131018153118,0.029644041041831097,-0.02162938700342015,1
1493752270000.0,-0.005090534069981585,0.029946593001841625,-0.021811356660527928,1
1493752295000.0,-0.00515893712181005,0.030249144961852145,-0.021993326317635706,1
1493752320000.0,-0.005227340173638516,0.030551696921862673,-0.022175295974743485,1
1493752345000.0,-0.005295743225466983,0.030854248881873193,-0.022357265631851263,1
1493752370000.0,-0.005364146277295448,0.031156800841883714,-0.022539235288959042,1
1493752395000.0,-0.005432549329123915,0.03145935280189424,-0.02272120494606682,1
1493752420000.0,-0.0055009523809523815,0.03176190476190476,-0.0229031746031746,1
1493752445000.0,-0.0055693554327808465,0.03206445672191529,-0.02308514426028238,1
1493752470000.0,-0.005637758484609313,0.03236700868192581,-0.02326711391739016,1
1493752495000.0,-0.00570616153643778,0.03266956064193634,-0.023449083574497938,1
1493752520000.0,-0.005774564588266247,0.03297211260194686,-0.023631053231605716,1
1493752545000.0,-0.005842967640094712,0.03327466456195738,-0.023813022888713495,1
1493752570000.0,-0.0059113706919231785,0.033577216521967906,-0.023994992545821273,1
1493752595000.0,-0.005979773743751645,0.03387976848197843,-0.024176962202929052,1
1493752620000.0,-0.00604817679558011,0.034182320441988955,-0.02435893186003683,1
1493752645000.0,-0.006116579847408577,0.034484872401999475,-0.02454090151714461,1
1493752670000.0,-0.006184982899237044,0.034787424362009996,-0.024722871174252387,1
1493752695000.0,-0.006253385951065509,0.03508997632202052,-0.024904840831360166,1
1493752720000.0,-0.006321789002893975,0.035392528282031044,-0.025086810488467944,1
1493752745000.0,-0.006390192054722442,0.03569508024204157,-0.025268780145575723,1
1493752770000.0,-0.006458595106550907,0.03599763220205209,-0.0254507498026835,1
1493752795000.0,-0.006526998158379374,0.03630018416206262,-0.02563271945979128,1
1493752820000.0,-0.006595401210207841,0.03660273612207314,-0.025814689116899058,1
1493752845000.0,-0.006663804262036307,0.03690528808208366,-0.025996658774006837,1
1493752870000.0,-0.006732207313864772,0.03720784004209419,-0.026178628431114615,1
1493752895000.0,-0.006800610365693239,0.03751039200210471,-0.026360598088222394,1
1493752920000.0,-0.006869013417521706,0.037812943962115236,-0.026542567745330172,1
1493752945000.0,-0.006937416469350171,0.03811549592212576,-0.02672453740243795,1
1493752970000.0,-0.0070058195211786375,0.038418047882136284,-0.02690650705954573,1
1493752995000.0,-0.007074222573007104,0.038720599842146805,-0.02708847671665351,1
1493753020000.0,-0.007142625624835569,0.039023151802157326,-0.027270446373761286,1
1493753045000.0,-0.007211028676664036,0.03932570376216785,-0.027452416030869068,1
1493753070000.0,-0.007279431728492503,0.039628255722178374,-0.027634385687976843,1
1493753095000.0,-0.007347834780320968,0.0399308076821889,-0.027816355345084625,1
1493753120000.0,-0.007416237832149434,0.04023335964219942,-0.0279983250021924,1
1493753145000.0,-0.007484640883977901,0.04053591160220995,-0.028180294659300182,1
1493753170000.0,-0.007553043935806366,0.04083846356222047,-0.028362264316407957,1
1493753195000.0,-0.007621446987634833,0.04114101552223099,-0.02854423397351574,1
1493753220000.0,-0.0076898500394633,0.04144356748224152,-0.028726203630623514,1
1493753245000.0,-0.007758253091291766,0.04174611944225204,-0.028908173287731296,1
1493753270000.0,-0.007826656143120232,0.042048671402262566,-0.02909014294483907,1
1493753295000.0,-0.007895059194948699,0.04235122336227309,-0.029272112601946853,1
1493753320000.0,-0.007963462246777166,0.042653775322283614,-0.029454082259054635,1
1493753345000.0,-0.008031865298605629,0.042956327282294135,-0.02963605191616241,1
1493753370000.0,-0.008100268350434096,0.043258879242304656,-0.029818021573270192,1
1493753395000.0,-0.008168671402262562,0.04356143120231518,-0.029999991230377967,1
1493753420000.0,-0.00823707445409103,0.043863983162325704,-0.03018196088748575,1
1493753445000.0,-0.008305477505919496,0.04416653512233623,-0.030363930544593524,1
1493753470000.0,-0.008373880557747963,0.04446908708234675,-0.030545900201701306,1
1493753495000.0,-0.008442283609576426,0.04477163904235728,-0.03072786985880908,1
1493753520000.0,-0.008510686661404893,0.0450741910023678,-0.030909839515916863,1
1493753545000.0,-0.00857908971323336,0.04537674296237832,-0.031091809173024638,1
1493753570000.0,-0.008647492765061826,0.04567929492238885,-0.03127377883013242,1
1493753595000.0,-0.008715895816890293,0.04598184688239937,-0.0314557484872402,1
1493753620000.0,-0.00878429886871876,0.046284398842409896,-0.03163771814434798,1
1493753645000.0,-0.008852701920547226,0.04658695080242042,-0.031819687801455755,1
1493753670000.0,-0.00892110497237569,0.046889502762430944,-0.03200165745856354,1
1493753695000.0,-0.008989508024204156,0.047192054722441465,-0.03218362711567131,1
1493753720000.0,-0.009057911076032623,0.047494606682451986,-0.032365596772779094,1
1493753745000.0,-0.00912631412786109,0.04779715864246251,-0.03254756642988687,1
1493753770000.0,-0.009194717179689556,0.048099710602473034,-0.03272953608699465,1
1493753795000.0,-0.009263120231518023,0.04840226256248356,-0.032911505744102426,1
1493753820000.0,-0.009331523283346486,0.04870481452249408,-0.03309347540121021,1
1493753845000.0,-0.009399926335174953,0.04900736648250461,-0.03327544505831799,1
1493753870000.0,-0.00946832938700342,0.04930991844251512,-0.033457414715425765,1
1493753895000.0,-0.009536732438831887,0.04961247040252565,-0.03363938437253355,1
1493753920000.0,-0.009605135490660353,0.04991502236253618,-0.03382135402964132,1
1493753945000.0,-0.00967353854248882,0.050217574322546706,-0.034003323686749104,1
1493753970000.0,-0.009741941594317287,0.05052012628255722,-0.03418529334385688,1
1493753995000.0,-0.00981034464614575,0.05082267824256775,-0.03436726300096466,1
1493754020000.0,-0.009878747697974217,0.051125230202578274,-0.034549232658072436,1
1493754045000.0,-0.009947150749802684,0.05142778216258879,-0.03473120231518022,1
1493754070000.0,-0.01001555380163115,0.051730334122599315,-0.03491317197228799,1
1493754095000.0,-0.010083956853459617,0.05203288608260984,-0.035095141629395775,1
1493754120000.0,-0.010152359905288084,0.05233543804262037,-0.03527711128650355,1
1493754145000.0,-0.010220762957116547,0.052637990002630884,-0.03545908094361133,1
1493754170000.0,-0.010289166008945014,0.05294054196264141,-0.03564105060071911,1
1493754195000.0,-0.01035756906077348,0.05324309392265194,-0.03582302025782689,1
1493754220000.0,-0.010425972112601947,0.05354564588266245,-0.036004989914934664,1
1493754245000.0,-0.010494375164430414,0.05384819784267298,-0.036186959572042446,1
1493754270000.0,-0.01056277821625888,0.05415074980268351,-0.03636892922915022,1
1493754295000.0,-0.010631181268087344,0.054453301762694035,-0.036550898886258,1
1493754320000.0,-0.01069958431991581,0.05475585372270455,-0.03673286854336578,1
1493754345000.0,-0.010767987371744277,0.05505840568271508,-0.03691483820047356,1
1493754370000.0,0.0041,0.0015,0.0039,1
1493754395000.0,-0.0008,0.0011,0.0015,1
1493754420000.0,0.0002,-0.002,0.0092,1
1493754445000.0,-0.001,-0.0009,0.0087,1
1493754470000.0,-0.0409,0.1056,-0.0143,1
1493754495000.0,0.049833206831119546,0.07732106261859582,-0.026335104364326387,1
1493754520000.0,0.8155,0.0623,-0.4728,1
1493754545000.0,0.0555,0.1604,-1.0549,0
1493754570000.0,-0.8299,1.8026,-1.8681,0
1493754595000.0,0.9923,0.2129,-0.7624,0
1493754620000.0,1.0318,0.3335,-0.4453,0
1493754645000.0,1.3706,1.3239,-0.287,0
1493754670000.0,0.7894,1.4475,0.2478,0
1493754695000.0,0.4171,0.7054,-0.1444,0
1493754720000.0,0.8044,1.3106,0.7595,0
1493754745000.0,-0.1074,0.9956,0.5491,0
1493754770000.0,0.0361,-0.3011,0.1101,0
1493754795000.0,-0.0004,-0.0119,0.0025,0
1493754820000.0,-0.0033,-0.0151,0.0001,0
1493754845000.0,-0.0038,-0.0137,0.0011,0
1493754870000.0,0.0883,0.0119,-0.0164,0
1493754895000.0,0.0064,0.0086,0.0158,0
1493754920000.0,0.0024,-0.0137,0.0058,0
1493754945000.0,-0.0032,-0.0131,-0.001,0
1493754970000.0,0.0341,0.0327,-0.0014,0
1493754995000.0,0.0015,-0.0151,-0.0014,0
1493755020000.0,0.0021,-0.0057,0.0155,0
1493755045000.0,0.0066,-0.0147,0.0035,0
1493755070000.0,0.0107,-0.0055,-0.0012,0
1493755095000.0,-0.0007,-0.0142,0.0027,0
1493755120000.0,-0.0143,-0.002,0.0104,0
1493755145000.0,-0.0143,-0.0541,-0.0997,0
1493755170000.0,-0.0007,-0.0126,-0.0095,0
1493755195000.0,0.1117,0.0141,-0.0686,0
1493755220000.0,-0.0807,0.1472,0.0168,0
1493755245000.0,-0.0147,-0.0126,-0.0063,0
1493755270000.0,0.0069999999999999,-0.0069,-0.0299,0
1493755295000.0,-0.0264,-0.0542,-0.0371,0
1493755320000.0,0.22579353855379541,0.29275676877717255,0.17866169106991153,0
1493755345000.0,0.22288263954824847,0.28623535555444507,0.17188291939433312,0
1493755370000.0,0.21997174054270152,0.2797139423317176,0.16510414771875467,0
1493755395000.0,0.21706084153715458,0.27319252910899006,0.15832537604317626,0
1493755420000.0,0.21414994253160763,0.2666711158862626,0.15154660436759781,0
1493755445000.0,0.21123904352606068,0.2601497026635351,0.14476783269201937,0
1493755470000.0,0.20832814452051374,0.25362828944080756,0.13798906101644096,0
1493755495000.0,0.20541724551496676,0.24710687621808008,0.1312102893408625,0
1493755520000.0,0.20250634650941982,0.24058546299535258,0.1244315176652841,0
1493755545000.0,0.19959544750387287,0.23406404977262507,0.11765274598970565,0
1493755570000.0,0.19668454849832592,0.2275426365498976,0.11087397431412722,0
1493755595000.0,0.19377364949277898,0.22102122332717006,0.1040952026385488,0
1493755620000.0,0.19086275048723203,0.21449981010444258,0.09731643096297037,0
1493755645000.0,0.18795185148168508,0.20797839688171507,0.09053765928739194,0
1493755670000.0,0.18504095247613814,0.20145698365898757,0.0837588876118135,0
1493755695000.0,0.1821300534705912,0.19493557043626009,0.07698011593623508,0
1493755720000.0,0.17921915446504422,0.18841415721353258,0.07020134426065665,0
1493755745000.0,0.17630825545949727,0.18189274399080507,0.0634225725850782,0
1493755770000.0,0.17339735645395032,0.1753713307680776,0.056643800909499775,0
1493755795000.0,0.17048645744840338,0.1688499175453501,0.04986502923392136,0
1493755820000.0,0.16757555844285643,0.16232850432262258,0.043086257558342916,0
1493755845000.0,0.16466465943730949,0.15580709109989507,0.03630748588276447,0
1493755870000.0,0.16175376043176254,0.14928567787716757,0.029528714207186058,0
1493755895000.0,0.15884286142621556,0.1427642646544401,0.022749942531607614,0
1493755920000.0,0.15593196242066865,0.13624285143171258,0.0159711708560292,0
1493755945000.0,0.15302106341512167,0.12972143820898507,0.009192399180450755,0
1493755970000.0,0.15011016440957475,0.12320002498625757,0.00241362750487234,0
1493755995000.0,0.14719926540402778,0.11667861176353009,-0.004365144170706103,0
1493756020000.0,0.14428836639848083,0.11015719854080258,-0.011143915846284519,0
1493756045000.0,0.1413774673929339,0.10363578531807507,-0.017922687521862962,0
1493756070000.0,0.13846656838738694,0.09711437209534757,-0.024701459197441406,0
1493756095000.0,0.13555566938184,0.09059295887262006,-0.03148023087301982,0
1493756120000.0,0.13264477037629302,0.08407154564989258,-0.038259002548598264,0
1493756145000.0,0.1297338713707461,0.07755013242716507,-0.04503777422417668,0
1493756170000.0,0.12682297236519913,0.07102871920443757,-0.05181654589975512,0
1493756195000.0,0.1239120733596522,0.06450730598171006,-0.05859531757533354,0
1493756220000.0,0.12100117435410525,0.05798589275898258,-0.06537408925091198,0
1493756245000.0,0.11809027534855829,0.051464479536255076,-0.0721528609264904,0
1493756270000.0,0.11517937634301134,0.04494306631352757,-0.07893163260206884,0
1493756295000.0,0.1122684773374644,0.03842165309080009,-0.08571040427764728,0
1493756320000.0,-0.0006,0.0066,0.0043,0
1493756345000.0,-0.0013,0.0014,0.0048,0
1493756370000.0,0.003,0.0135,0.0075,0
1493756395000.0,0.0019,-0.0029,0.0036,0
1493756420000.0,0.0017,0.0003,0.0059,0
1493756445000.0,-0.0025,0.0012,0.0036,0
1493756470000.0,-0.0021,0.0039,0.0032,0
1493756495000.0,0.0008,0.0015,0.0076,0
1493756520000.0,0.0001,-0.0121,-0.0006,0
1493756545000.0,0.0017,-0.0017,0.0057,0
1493756570000.0,0.0005,-0.0006,0.0048,0
1493756595000.0,-0.0023,0.0098,0.0075,0
1493756620000.0,0.002,-0.0016,0.0052,0
1493756645000.0,-0.0,0.0025,0.0045,0
1493756670000.0,-0.0012,-0.0022,0.0036,0
1493756695000.0,-0.0034000000000000002,0.004200000000000001,0.0063999999999999994,0
1493756720000.0,0.0016,-0.0175,0.0023,0
1493756745000.0,0.0166,-0.0213,0.006,0
1493756770000.0,-0.0007,-0.0053,0.0041,0
1493756795000.0,-0.0043,0.0038,0.0044,0
1493756820000.0,0.001,-0.0074,0.0029,0
1493756845000.0,0.0008,-0.0041,0.0028,0
1493756870000.0,-0.008,-0.0067,-0.0008,0
1493756895000.0,0.0345,-0.0205,0.0061,0
1493756920000.0,-0.0013,-0.0015,0.0036,0
1493756945000.0,-0.0011,-0.0,0.0061,0
1493756970000.0,-0.001,-0.0022,0.0048,0
1493756995000.0,0.0001,-0.0015,0.0052,0
1493757020000.0,-0.0003,0.0023,-0.0022,0
1493757045000.0,0.0388,0.0459,0.1059,0
1493757070000.0,0.0003,-0.0013,0.005,0
1493757095000.0,-0.0019,-0.0012,0.0024,0
1493757120000.0,0.0016,0.0002,0.0036,0
1493757145000.0,-0.0458,-0.0132,-0.0182,0
1493757170000.0,-0.0019,0.0008,0.0057,0
1493757195000.0,0.002,-0.0005,0.0019,0
1493757220000.0,0.0005,0.0022,0.0037,0
1493757245000.0,-0.0042,0.0012,0.0034,0
1493757270000.0,0.0039,0.0123,0.0145,0
1493757295000.0,-0.0007,-0.0003,0.0049,0
1493757320000.0,-0.0002,0.0016,0.0048,0
1493757345000.0,0.0028,-0.0012,0.0051,0
1493757370000.0,0.0041,0.0013,0.0047,0
1493757395000.0,-0.0004,-0.0006,0.0026,0
1493757420000.0,-0.001,-0.0001,0.0058,0
1493757445000.0,0.0063,-0.0001,0.0078,0
1493757470000.0,-0.0014,0.0019,0.0034,0
1493757495000.0,0.0012,0.0008,0.0055,0
1493757520000.0,-0.0045,0.0316,0.0192,0
1493757545000.0,-0.0007,0.0007,0.0056,0
1493757570000.0,-0.0065,-0.0016,-0.0033,0
1493757595000.0,0.0081,-0.0194,-0.003,0
1493757620000.0,0.0035,0.0065,-0.006,0
1493757645000.0,-0.0002,0.0011,0.0069999999999999,0
1493757670000.0,-0.0003,0.0002,0.0093,0
1493757695000.0,-0.0015,0.0004,0.005,0
1493757720000.0,0.0034,-0.002,0.0075,0
1493757745000.0,0.0045,-0.0021,0.0086,0
1493757770000.0,0.0007,-0.0013,0.0018,0
1493757795000.0,0.0002,-0.0013,0.0072,0
1493757820000.0,0.0065,0.0011,0.0096,0
1493757845000.0,0.0037,0.0024,0.0066,0
1493757870000.0,-0.0031,-0.0025,0.0064,0
1493757895000.0,-0.0005,0.0001,0.0055,0
1493757920000.0,-0.004,-0.0008,0.0062,0
1493757945000.0,-0.0012,-0.0024,0.0069,0
1493757970000.0,-0.0013,-0.0002,0.005,0
1493757995000.0,0.0024,-0.0036,0.0072,0
1493758020000.0,0.0031,-0.0134,0.0063,0
1493758045000.0,-0.0006,-0.0024,0.0054,0
1493758070000.0,0.0151,0.005,0.0135,0
1493758095000.0,0.0002,-0.0087,-0.0042,0
1493758120000.0,0.0008,-0.0031,-0.0006,0
1493758145000.0,-0.0015,0.0044,0.0038,0
1493758170000.0,-0.0027,0.0007,0.0051,0
1493758195000.0,-0.0035,0.0009,0.0056,0
1493758220000.0,0.0698,-0.1241,-0.0635,0
1493758245000.0,-0.0228,-0.0804,-0.0556,0
1493758270000.0,0.09339201520912548,0.005487072243346007,-0.04803269961977186,0
1493758295000.0,0.5371,0.0725,-0.2115,0
1493758320000.0,-0.6559999999999999,-0.4193,-0.3061,0
1493758345000.0,0.1683,-0.7486,-0.1081,0
1493758370000.0,-0.4141,-0.0971,-1.1197,0
1493758395000.0,0.1426,1.2094,-1.1329,0
1493758420000.0,0.7018,0.5288,-0.2857,0
1493758445000.0,0.4702,0.7805,-1.0819,0
1493758470000.0,0.1598,-0.6897,-0.5845,0
1493758495000.0,-0.1045,1.0599,-0.2273,0
1493758520000.0,0.3013,0.2023,-1.1207,0
1493758545000.0,0.7876,0.2587,-0.38,0
1493758570000.0,1.239,0.1758,0.3087,0
1493758595000.0,0.7546,0.4364,0.0787,0
1493758620000.0,0.7765,0.9222,-0.0923,0
1493758645000.0,1.432,1.1018,0.0925,0
1493758670000.0,0.8484,1.0945,0.5742,0
1493758695000.0,-0.0815,0.8138,0.8216,0
1493758720000.0,0.3546,0.9426,-0.4270000000000001,0
1493758745000.0,0.3168,-0.7607,-0.2371,0
1493758770000.0,1.0074,0.8855,-0.4439,0
1493758795000.0,0.775,0.9022,-0.4851,0
1493758820000.0,0.3255,0.442,-1.5424,0
1493758845000.0,0.7537,-0.468,-0.0559,0
1493758870000.0,1.3323,1.6899,-0.069,0
1493758895000.0,-0.1483,-0.2368,0.2087,0
1493758920000.0,-0.153,0.1099,0.2481,0
1493758945000.0,0.2382,0.3151,0.0478,0
1493758970000.0,0.2104,-0.155,-0.1051,0
1493758995000.0,0.0986,-0.0051,-0.2129,0
1493759020000.0,0.019196384395813507,-0.0153,0.0008995242626070409,0
1493759045000.0,0.04907269267364414,-0.0153,-0.0004325404376784017,0
1493759070000.0,-0.2176,0.0667,0.2678,0
1493759095000.0,0.3786,0.2402,-0.1193,0
1493759120000.0,0.0565,-0.0194,-0.0388,0
1493759145000.0,-0.0505,-0.0764,0.0459,0
1493759170000.0,0.0029,-0.012,-0.0016,0
1493759195000.0,0.0769,0.0439,0.0527,0
1493759220000.0,-0.1138,0.3166,-0.2224,0
1493759244600.0,0.0089,0.0059,0.0118,0
1493759244600.0,0.0089,0.0059,0.0118,0
