1493739761050.0,0.028475033999999913,0.034770681377990345,0.03478711970334926,0
1493739786050.0,0.20174704416107384,0.49047531795973165,-0.2723083102013423,0
1493739811050.0,-0.018705089,0.0012603067,0.008603096,0
1493739836050.0,0.14897668,2.8174071,-0.17990112,0
1493739861050.0,0.011112124,0.0063796416,-0.01707077,0
1493739886050.0,0.2141701025,0.023291224400000008,0.01974844962500003,0
1493739911050.0,-0.13006106429499228,0.0002911835897172236,-0.0004075387300771158,0
1493739936050.0,-0.6302639467834241,-0.001591019334447301,0.10974061615424167,0
1493739961050.0,0.5648232,0.65081835,-3.688249,0
1493739986050.0,0.8611482,8.990505,-6.4536457,0
1493740011050.0,0.0031505445098038987,-0.15669520382352942,-0.02043401901960787,0
1493740036050.0,4.218045551898735,-0.06298653670886067,1.350859018037975,0
1493740061050.0,-1.1315746000000002,-2.9763856,0.7037456,0
1493740086050.0,2.3985562,3.5789518,-1.2306794,0
1493740111050.0,-1.4731717,-3.994217,0.3586383,0
1493740136050.0,-0.41378927,-1.4415116,-0.9216648,0
1493740161050.0,-0.43390551618181816,1.7578869956363639,-0.19318334045454544,0
1493740186050.0,-3.5157065000000003,0.23247528,-2.2172961,0
1493740211050.0,2.468958585900783,-1.5822164080939949,2.5620637122715406,0
1493740236050.0,1.5873544736292426,-2.013664602175805,2.2154631248041774,0
1493740261050.0,0.7057503613577021,-2.4451127962576154,1.8688625373368146,0
1493740286050.0,-0.17585375091383826,-2.876560990339426,1.5222619498694516,0
1493740311050.0,-4.950989,-6.809146000000001,-3.10487,0
1493740336050.0,1.830635126358025,-5.520878798395062,-5.7257495370370375,0
1493740361050.0,6.287649539938272,-3.3804810823456792,6.162130092592593,0
1493740386050.0,-2.523566,7.946182,8.4795065,0
1493740411050.0,6.815888,-3.0893927000000003,-10.810677,0
1493740436050.0,0.49685574,0.33265686,1.7219313000000005,0
1493740461050.0,-0.17557627428435113,-0.6650987447328243,-0.7154681333778625,0
1493740486050.0,-0.287967653101145,-2.4951014928244275,-3.645606425362595,0
1493740511050.0,8.892161999999997,-2.721075,16.155945000000006,0
1493740536050.0,16.275547,-10.632552,-16.438623,0
1493740561050.0,-2.648357,7.939319599999998,2.005704,0
1493740586050.0,-8.794003,12.049002,-2.7426362,0
1493740611050.0,-0.95067316,0.2054081,-9.261022,0
1493740636050.0,1.7663577,3.7840066,7.6845818,0
1493740661050.0,0.6415286734567901,0.6942632666666668,3.1498554074074097,0
1493740686050.0,6.8456807,-1.1752901000000002,1.2413757,0
1493740711050.0,7.202242999999998,-10.082453,-4.806181400000002,0
1493740736050.0,-3.6856608,1.7950830000000002,20.244114,0
1493740761050.0,-1.1048983,2.2118335,2.3594966,0
1493740786050.0,-0.21911297948717956,-3.478539609615385,-8.663651718589744,0
1493740811050.0,1.5691161,0.54173946,-0.7309513000000001,0
1493740836050.0,0.21885592,0.12440404,0.17723465,0
1493740861050.0,-0.0045840144,-0.011974931,0.02001667,0
1493740886050.0,0.0017808591026548671,0.005660883857522124,-0.007941857969026548,0
1493740911050.0,0.006936099046058091,-0.003657198414937759,0.02250031116182573,0
1493740936050.0,-0.00549720225,-0.004302084499999999,0.0005996227050000001,0
1493740961050.0,-0.001516223,0.01025939,0.010621071,0
1493740986050.0,-0.008438757984063669,0.008794552928286853,0.02527004056175299,0
1493741011050.0,-0.0014512547108173077,0.003560080562019231,0.02720520515384615,0
1493741036050.0,0.007609663305769173,-0.00424325722355769,-0.015376486341346156,0
1493741061050.0,0.00019872189,0.006565213,-0.0066099167,0
1493741086050.0,0.0025392011234756096,0.006842158399390244,-0.03349498418597561,0
1493741111050.0,0.0033206344,0.028159529,0.044950485,0
1493741136050.0,0.00039391078594361523,-0.0026296395993366493,-0.04535590363681592,0
1493741161050.0,-0.02964992479819277,0.010219361156626507,-0.2520663188554217,0
1493741186050.0,-0.013893936565,0.02147795719,-0.22932901125,0
1493741211050.0,-0.035150344065,0.010504468856666666,-0.26190255291666664,0
1493741236050.0,-0.010675749648026317,-0.001934338000888158,-0.22174363194078947,0
1493741261050.0,-0.01622057,0.007708937,-0.21598911,0
1493741286050.0,-0.014647809041237112,0.02064339948453608,-0.2105749372508591,0
1493741311050.0,-0.009466745633834586,0.028057271883458648,-0.21387209289473685,0
1493741336050.0,-0.057202708,0.027461767,-0.20527077,0
1493741361050.0,0.014190476,0.020914435,-0.27015495,0
1493741386050.0,0.050292205584415585,0.017703229111688312,-0.21119510677922076,0
1493741411050.0,-0.05094564,0.02151692,-0.20112228,0
1493741436050.0,-0.09018266,0.05619383,-0.21782494,0
1493741461050.0,-0.005520344,-0.01322639,-0.14744186,0
1493741486050.0,0.04248333,-0.016969025,-0.1961689,0
1493741511050.0,-0.029516697,0.020106435,-0.2123909,0
1493741536050.0,-0.077758074,0.0325554,-0.28864765,0
1493741561050.0,0.10023713,0.05347067,-0.2845707,0
1493741586050.0,0.0078868869999999,-0.0059061646,-0.2181549,0
1493741611050.0,-0.053547144,0.040264964,-0.21521759,0
1493741636050.0,-0.020752668,0.06958866,-0.21698952,0
1493741661050.0,-0.02137649,0.045624733,-0.21740723,0
1493741686050.0,-0.0023771524,0.013418555,-0.19427681,0
1493741711050.0,-0.05593872,0.043702543,-0.17247963,0
1493741736050.0,-0.054802895,0.010540128,-0.24485874,0
1493741761050.0,0.022240877,-0.014618933,-0.22789574,0
1493741786050.0,-0.031886578,-0.0034401417,-0.22112942,0
1493741811050.0,-0.061051488,0.00638628,-0.23846817,0
1493741836050.0,-0.036753774,-0.005749166,-0.17265034,0
1493741861050.0,-0.033954978,-0.0831449,-0.2273798,0
1493741886050.0,-0.09664214,0.010764658,-0.24108505,0
1493741911050.0,-0.06495881,0.016169429,-0.19629192,0
1493741936050.0,-0.06002307,-0.005845785,-0.18348217,0
1493741961050.0,-0.029555202,0.02796954,-0.20449829,0
1493741986050.0,-0.03321731,-0.09378195,0.019109726,0
1493742011050.0,-0.02476233,-0.015972912,-0.2866373,0
1493742036050.0,0.37765408,0.058350563,1.1321089,0
1493742061050.0,0.16247797,-0.12086487,-0.10370061,0
1493742086050.0,0.45829582,0.11539173,0.73419106,0
1493742111050.0,-0.18858469,-0.55062675,-1.1297351999999998,0
1493742136050.0,-0.36153398387096775,-0.4280934212903226,-0.4625996270967742,0
1493742161050.0,-0.036264658,0.263834,0.5102055,0
1493742186050.0,0.43421006,-0.21241856,-0.04339552,0
1493742211050.0,-0.374323291109375,0.06565245475446424,-0.23617513171875004,0
1493742236050.0,1.1799089535714287,0.2581029404910714,-0.07231648660714285,0
1493742261050.0,0.8768703000000001,0.296216,0.47838557,0
1493742286050.0,0.20373729999999998,0.12370179999999997,-0.25267092,0
1493742311050.0,0.3969195,-0.20645565,1.4290881000000002,0
1493742336050.0,0.00012442441618497335,-0.04498000830443158,-0.21823767506820807,0
1493742361050.0,-0.002029502123893745,0.4670524761061946,0.9192381912389382,0
1493742386050.0,-0.3608401564285714,1.0074521567857142,0.753573196388889,0
1493742411050.0,0.1039536,-0.06055188,-0.32584476,0
1493742436050.0,0.026214046904347837,0.015307694314782606,-0.1898197604347826,0
1493742461050.0,-0.13273584824921136,-0.021853466769716084,-0.14007168059936909,0
1493742486050.0,0.06413758,0.18326116,-0.09739876,0
1493742511050.0,0.043490216094420595,0.022052624077253218,-0.34300368721030045,0
1493742536050.0,-0.031080723,0.0661508999999999,-0.33345032,0
1493742561050.0,-0.32223988,0.15727592,-0.05308914,0
1493742586050.0,0.26026013,0.08263755,-0.21100712,0
1493742611050.0,-0.2398441,0.05589056,-0.19559193,0
1493742636050.0,-0.02179575,-0.10692406,0.07171631,0
1493742661050.0,1.0760218,-0.545166,0.41276836,0
1493742686050.0,0.2720852,-0.06962395,0.41865444,0
1493742711050.0,-0.10284102,-0.13928747,0.45708466,0
1493742736050.0,-0.31262028,-0.21538019,-0.9426503,0
1493742761050.0,0.39480627,-0.3773079,-0.5389018,0
1493742786050.0,-0.26737875,-0.04696703,-0.22650099,0
1493742811050.0,1.9564517,-0.5449724,5.3578877,0
1493742836050.0,-1.7292646,0.9313879,-1.0663106000000002,0
1493742861050.0,4.619246,-1.1696892,3.4943738,0
1493742886050.0,0.22819257,-1.4566555,0.35597557,0
1493742911050.0,0.1412976544242424,-0.31440024343030304,-0.9243857458181817,0
1493742936050.0,-0.110905886,-0.072831154,-1.2413688,0
1493742961050.0,-0.43336100245901643,-0.19545871188524588,-2.8138024721311474,0
1493742986050.0,0.33992267,0.09188557,-0.43480456,0
1493743011050.0,1.0867554542492015,0.1611893467891374,-0.7665382937571883,0
1493743036050.0,-0.060247138124999995,-0.13590443375,-0.23319166125000002,0
1493743061050.0,4.955144961883117,-1.9996350344155842,6.368762904545455,0
1493743086050.0,-0.5160579180571429,-0.005358521177142875,0.0364056353714286,0
1493743111050.0,0.11375519622857144,1.7579520331085712,5.851041892514286,0
1493743136050.0,-0.2335515,5.900908,6.985450999999999,0
1493743161050.0,-2.381412694360902,1.010404047368421,0.8766017894736842,0
1493743186050.0,-0.13469038416494844,-0.41550747113402065,-0.9341172468041237,0
1493743211050.0,-4.252686088089416,-2.6913738721131386,4.136659540109489,0
1493743236050.0,-0.06302357,-0.13999271,-0.4359984000000001,0
1493743261050.0,-0.41095597,-0.0124902725,0.5418214,0
1493743286050.0,0.21943331,0.13370419,0.53635824,0
1493743311050.0,0.01996547,-0.123636246,-0.9594656,0
1493743336050.0,0.0006765031908396862,-0.1246820774351145,0.1309460783664122,0
1493743361050.0,-0.18637411915983604,-1.613875640553279,1.9688507566803284,0
1493743386050.0,-0.047284365,-0.008366346,-0.080797195,0
1493743411050.0,0.67567134,0.4336577,0.3330145,0
1493743436050.0,-6.181941999999999,-4.134796,2.1889644,0
1493743461050.0,-5.172599,-1.219471,0.66974354,0
1493743486050.0,-0.01958577401686747,0.002473826995180728,-0.23385354053012047,0
1493743511050.0,0.19856530606459333,0.541003205031579,0.7107950820741626,0
1493743536050.0,-0.00257598027118644,-0.02342687615254237,-0.2358484420338983,0
1493743561050.0,0.029917253076723015,0.0014900439928478546,-0.1967791075552666,0
1493743586050.0,-0.0014132,-0.026948735,-0.06050968,0
1493743611050.0,-0.07800334,0.015245967,-0.2771635,0
1493743636050.0,0.062148705,0.018803,-0.3131914,0
1493743661050.0,0.09632608103794643,0.0008500970491071395,-0.1826433861049107,0
1493743686050.0,0.016389301110599077,0.011715831317972351,-0.2696561497004608,0
1493743711050.0,-0.026055332,0.052998126,-0.21719551,0
1493743736050.0,-0.0032831042,-0.038656354,-0.28918552,0
1493743761050.0,0.05392570673344947,0.01956562881358885,-0.22272226155052266,0
1493743786050.0,2.452996696224138,0.9232818260689656,-13.541887668103447,0
1493743811050.0,-0.08538038,-0.09730053,-0.17555857,0
1493743836050.0,0.09846842,-0.09417963,-0.013264656,0
1493743861050.0,0.1515724808888889,0.18424562962962965,0.09780586816296297,0
1493743886050.0,-0.0866970858333333,-0.00436666225,-0.22250365916666667,0
1493743911050.0,0.6183527933707865,-0.09522764550561798,0.18887839887640445,0
1493743936050.0,-0.21334621147887334,0.4302191796713616,3.8206041938967137,0
1493743961050.0,3.2630448,-0.5579219,4.005219,0
1493743986050.0,-0.1916214,-0.3788395,-0.13038445,0
1493744011050.0,0.17624071731034482,-0.1742810855632184,-0.36970432687356325,0
1493744036050.0,0.05367743491847826,0.03099473680434782,-0.12480242885869565,0
1493744061050.0,-0.043896437,0.24743545,1.1395664,0
1493744086050.0,-0.106244564,-0.12525237,0.15197086,0
1493744111050.0,0.5371852609729729,-0.04623924951351351,-0.15449906908108108,0
1493744136050.0,-0.5961460877551021,-0.2376136453061224,-1.177369715102041,0
1493744161050.0,0.1664576765882353,0.11221273282352942,-0.1471847105882353,0
1493744186050.0,-0.09088874,-0.43146563,-0.57248306,0
1493744211050.0,0.1055032,-0.08328128,0.88452625,0
1493744236050.0,-0.00456658,-0.039431095,0.21340752,0
1493744261050.0,0.6054027,-0.3307085,-0.38766766,0
1493744286050.0,-0.5204536,-0.27922153,0.3122511,0
1493744311050.0,0.021298513,-0.23961306,0.5605140000000001,0
1493744336050.0,-0.23266369,-0.44625425,-0.488482,0
1493744361050.0,0.7489901999999999,-0.15277576,0.5021553,0
1493744386050.0,-0.3813491,0.047045708,-0.2514634,0
1493744411050.0,0.1284095,-0.08629227,-0.5641408,0
1493744436050.0,-0.0959636,0.05172634,0.06600952,0
1493744461050.0,-0.1556914999999999,-0.12479591,-0.20778131,0
1493744486050.0,-0.5120938,-0.033550262,-1.4416924,0
1493744511050.0,0.1409527,-0.26755524,-0.44876432,0
1493744536050.0,0.015035033,0.14134693,-0.9310918,0
1493744561050.0,-0.035830855,-0.14030027,-0.1966896,0
1493744586050.0,-0.008331239,-0.2112813,0.169487,0
1493744611050.0,-0.44981733,-0.45930767,-1.1296659,0
1493744636050.0,0.2843536,-0.26306152,-0.15361214,0
1493744661050.0,-0.25454554,0.22688675,0.7827568,0
1493744686050.0,0.08656776,-0.15283537,1.0552678,0
1493744711050.0,-0.009062141,-0.17294216,-0.42494154,0
1493744736050.0,-0.3529665,-0.12317371,-0.3220439,0
1493744761050.0,-0.24215779,-0.24954224,-0.1768073999999999,0
1493744786050.0,0.26757833,0.39596844,0.593596,0
1493744811050.0,-1.1417325,1.5205398,0.80215645,0
1493744836050.0,1.0672877,-0.53609085,-0.088347435,0
1493744861050.0,-0.7506151,-0.03690958,-0.4157002,0
1493744886050.0,-0.007860541,-0.0346525,-0.14961529,0
1493744911050.0,0.038641214,-0.023238927,-0.19124279,0
1493744936050.0,-0.034564974845771146,-0.11473658561194028,-0.17516851417910448,0
1493744961050.0,0.026858091,-0.007695675,-0.14638901,0
1493744986050.0,-0.0015892893405994556,0.00040911502861035523,-0.19125897376021797,0
1493745011050.0,0.026757836,-0.021336585,-0.20180893,0
1493745036050.0,2.0159178,-180900768.0,180900768.0,0
1493745061050.0,2.4875755,-180900768.0,180900768.0,0
1493745086050.0,0.7074866,-180900768.0,180900784.0,0
1493745111050.0,1.3611037,-180900768.0,180900768.0,0
1493745136050.0,0.5674258000000001,-180900784.0,180900768.0,0
1493745161050.0,3.4991257000000004,-180900768.0,180900752.0,0
1493745186050.0,1.5586253,-180900768.0,180900752.0,0
1493745211050.0,3.4524388,-180900784.0,180900768.0,0
1493745236050.0,0.3878607,-180900784.0,180900768.0,0
1493745261050.0,2.3343468,-180900784.0,180900768.0,0
1493745286050.0,3.2022447999999994,-180900768.0,180900752.0,0
1493745311050.0,2.8299465,-180900768.0,180900752.0,0
1493745336050.0,5.282806,-180900768.0,180900752.0,0
1493745361050.0,3.144784,-180900768.0,180900768.0,0
1493745386050.0,3.876212600000001,-180900768.0,180900768.0,0
1493745411050.0,2.4384944,-180900768.0,180900752.0,0
1493745436050.0,2.743755,-180900768.0,180900752.0,0
1493745461050.0,0.009576807,-180900768.0,180900752.0,0
1493745486050.0,1.0582372,-180900768.0,180900752.0,0
1493745511050.0,1.816002,-180900768.0,180900752.0,0
1493745536050.0,2.3953989,-180900768.0,180900752.0,0
1493745561050.0,1.8088194,-180900768.0,180900752.0,0
1493745586050.0,1.7357962,-180900768.0,180900752.0,0
1493745611050.0,3.4129345,-180900768.0,180900768.0,0
1493745636050.0,1.6675615,-180900768.0,180900768.0,0
1493745661050.0,1.9282441608017815,-180900768.0,180900752.0,0
1493745686050.0,3.1542082734748007,-180900768.0,180900752.0,0
1493745711050.0,2.1815698042553198,-180900768.0,180900752.0,0
1493745736050.0,2.442795558702065,-180900768.0,180900752.0,0
1493745761050.0,2.690356580327869,-180900768.0,180900768.0,0
1493745786050.0,-1.2030864,-180900768.0,180900768.0,0
1493745811050.0,10.785878,-180900784.0,180900768.0,0
1493745836050.0,2.6001031,-180900784.0,180900768.0,0
1493745861050.0,4.6344633521573595,-180900784.0,180900768.0,0
1493745886050.0,4.566260787401575,-180900784.0,180900768.0,0
1493745911050.0,0.25854331497175154,-180900784.0,180900768.0,0
1493745936050.0,1.1391223205405407,-180900768.0,180900768.0,0
1493745961050.0,2.627471991416309,-180900784.0,180900768.0,0
1493745986050.0,1.834490547777778,-180900768.0,180900752.0,0
1493746011050.0,0.8155350865124154,-180900768.0,180900752.0,0
1493746036050.0,-0.40581718,-180900768.0,180900752.0,0
1493746061050.0,-0.17812138190954796,-180900759.59798995,180900752.0,0
1493746086050.0,-1.0773908,-180900768.0,180900784.0,0
1493746111050.0,1.7106571,-180900768.0,180900768.0,0
1493746136050.0,-7.567284871707953,-180900768.0,180900768.0,0
1493746161050.0,-7.726482264146025,-180900768.0,180900768.0,0
1493746186050.0,-9.006003455331413,-180900768.0,180900768.0,0
1493746211050.0,-9.216525538793103,-180900768.0,180900768.0,0
1493746236050.0,-8.330625,-180900768.0,180900768.0,0
1493746261050.0,-8.621429518337408,-180900768.0,180900768.0,0
1493746286050.0,-8.440774021235521,-180900768.0,180900768.0,0
1493746311050.0,-8.816647999999997,-180900768.0,180900768.0,0
1493746336050.0,-8.425196000000001,-180900768.0,180900768.0,0
1493746361050.0,-8.44547297275823,-180900768.0,180900768.0,0
1493746386050.0,-8.666277172531215,-180900768.0,180900768.0,0
1493746411050.0,-8.440758,-180900768.0,180900768.0,0
1493746436050.0,-8.41359201948052,-180900768.0,180900768.0,0
1493746461050.0,-8.44128595673077,-180900768.0,180900768.0,0
1493746486050.0,-8.292471052884617,-180900768.0,180900768.0,0
1493746511050.0,-8.632295,-180900768.0,180900768.0,0
1493746536050.0,-8.761581,-180900768.0,180900768.0,0
1493746561050.0,-0.22984336,-180900768.0,180900752.0,0
1493746586050.0,1.3694833999999998,-180900768.0,180900752.0,0
1493746611050.0,2.76305839375,-180900768.0,180900763.5,0
1493746636050.0,2.3834279,-180900768.0,180900752.0,0
1493746661050.0,0.9657163370689654,-180900768.0,180900752.0,0
1493746686050.0,0.32321724,-180900768.0,180900752.0,0
1493746711050.0,1.4833443151898735,-180900768.0,180900757.94092828,0
1493746736050.0,2.2967609831288343,-180900768.0,180900752.0,0
1493746761050.0,3.2680852,-180900768.0,180900752.0,0
1493746786050.0,1.9384199212931996,-180900768.0,180900759.9910814,0
1493746811050.0,1.4269443000000002,-180900768.0,180900768.0,0
1493746836050.0,1.3299791,-180900768.0,180900768.0,0
1493746861050.0,1.328782,-180900768.0,180900768.0,0
1493746886050.0,0.50517654,-180900768.0,180900768.0,0
1493746911050.0,0.47524905,-180900768.0,180900768.0,0
1493746936050.0,0.29807812,-180900768.0,180900768.0,0
1493746961050.0,3.4225113,-180900784.0,180900768.0,0
1493746986050.0,2.4169866066666668,-180900784.0,180900768.0,0
1493747011050.0,0.5303157,-180900784.0,180900768.0,0
1493747036050.0,-0.60453594,-180900784.0,180900768.0,0
1493747061050.0,-1.340753,-180900768.0,180900784.0,0
1493747086050.0,-8.406042,-180900768.0,180900768.0,0
1493747111050.0,1.391703584474886,-180900768.0,180900761.4977169,0
1493747136050.0,1.0084454484018264,-180900768.0,180900752.0,0
1493747161050.0,0.9353726428832118,-180900768.0,180900752.0,0
1493747186050.0,0.6895300999999999,-180900768.0,180900752.0,0
1493747211050.0,1.1057560755,-180900768.0,180900760.72,0
1493747236050.0,1.7872716,-180900768.0,180900768.0,0
1493747261050.0,1.464483149738806,-180900768.0,180900752.0,0
1493747286050.0,0.9839241704788732,-180900768.0,180900752.0,0
1493747311050.0,1.2856863,-180900768.0,180900752.0,0
1493747336050.0,0.7105947319879518,-180900768.0,180900761.92771083,0
1493747361050.0,0.7656451628571428,-180900768.0,180900752.0,0
1493747386050.0,0.5804801518691589,-180900768.0,180900752.0,0
1493747411050.0,1.4903905000000002,-180900768.0,180900752.0,0
1493747436050.0,1.2646188833702883,-180900768.0,180900752.0,0
1493747461050.0,1.5753847,-180900768.0,180900768.0,0
1493747486050.0,3.2237926,-180900768.0,180900752.0,0
1493747511050.0,1.6567876,-180900768.0,180900752.0,0
1493747536050.0,-1.2042834999999998,-180900768.0,180900752.0,0
1493747561050.0,-1.0773908,-180900768.0,180900752.0,0
1493747586050.0,-1.484405,-180900768.0,180900752.0,0
1493747611050.0,-2.0709844,-180900768.0,180900752.0,0
1493747636050.0,-0.5991380916363638,-180900768.0,180900757.00363636,0
1493747661050.0,2.2829231691566263,-180900768.0,180900752.0,0
1493747686050.0,0.9876082,-180900768.0,180900752.0,0
1493747711050.0,1.9680338,-180900768.0,180900752.0,0
1493747736050.0,2.312694910857143,-180900768.0,180900752.0,0
1493747761050.0,2.069170339428571,-180900768.0,180900752.0,0
1493747786050.0,0.80804306,-180900768.0,180900784.0,0
1493747811050.0,-11.769896,-180900768.0,180900768.0,0
1493747836050.0,2.56419,-180900768.0,180900768.0,0
1493747861050.0,3.022348952546917,-180900769.88739946,180900768.0,0
1493747886050.0,1.7357962,-180900784.0,180900768.0,0
1493747911050.0,1.453195168545994,-180900784.0,180900768.0,0
1493747936050.0,3.1917940723000005,-180900784.0,180900756.96,0
1493747961050.0,1.7046716,-180900784.0,180900768.0,0
1493747986050.0,1.6834353666024096,-180900784.0,180900768.0,0
1493748011050.0,2.307567045117845,-180900784.0,180900768.0,0
1493748036050.0,3.5051112,-180900784.0,180900768.0,0
1493748061050.0,2.019521067336684,-180900784.0,180900768.0,0
1493748086050.0,2.3076114666666667,-180900784.0,180900768.0,0
1493748111050.0,-0.39504328,-180900768.0,180900784.0,0
1493748136050.0,1.0965444,-180900768.0,180900784.0,0
1493748161050.0,0.023942016,-180900768.0,180900784.0,0
1493748186050.0,0.94092125,-180900768.0,180900784.0,0
1493748211050.0,2.4169466,-180900768.0,180900752.0,0
1493748236050.0,2.9400797,-180900768.0,180900752.0,0
1493748261050.0,3.4832076854054055,-180900784.0,180900768.0,0
1493748286050.0,2.5721840014010504,-180900784.0,180900768.0,0
1493748311050.0,1.1587936,-180900784.0,180900768.0,0
1493748336050.0,-0.29927522,-180900784.0,180900768.0,0
1493748361050.0,0.5506664000000001,-180900768.0,180900784.0,0
1493748386050.0,1.9027451762874252,-180900784.0,180900768.0,0
1493748411050.0,1.8112136000000003,-180900784.0,180900768.0,0
1493748436050.0,-0.7374141,-180900784.0,180900768.0,0
1493748461050.0,1.919265049270073,-180900773.22627738,180900768.0,0
1493748486050.0,3.6140475,-180900768.0,180900768.0,0
1493748511050.0,1.726152294243903,-180900784.0,180900768.0,0
1493748536050.0,2.0805612,-180900784.0,180900768.0,0
1493748561050.0,0.4307917793838863,-180900784.0,180900768.0,0
1493748586050.0,0.9357300495260663,-180900784.0,180900768.0,0
1493748611050.0,6.6965823,-180900768.0,180900768.0,0
1493748636050.0,1.745373,-180900784.0,180900768.0,0
1493748661050.0,-3.3087866000000004,-180900784.0,180900768.0,0
1493748686050.0,2.338612484643289,-180900782.39419588,180900753.60580412,0
1493748711050.0,2.102666354050786,-180900777.55743653,180900758.44256347,0
1493748736050.0,1.866720223458283,-180900772.72067714,180900763.27932286,0
1493748761050.0,5.779603,-180900784.0,180900768.0,0
1493748786050.0,1.3204023,-180900784.0,180900768.0,0
1493748811050.0,0.7565677,-180900784.0,180900768.0,0
1493748836050.0,-5.354632,-180900784.0,180900768.0,0
1493748861050.0,1.6460136000000003,-180900784.0,180900768.0,0
1493748886050.0,-0.5578489999999999,-180900784.0,180900768.0,0
1493748911050.0,0.89423436,-180900784.0,180900768.0,0
1493748936050.0,1.2210428999999998,-180900784.0,180900768.0,0
1493748961050.0,1.7166426,-180900784.0,180900768.0,0
1493748986050.0,2.1140802000000005,-180900784.0,180900768.0,0
1493749011050.0,-0.2693477,-180900768.0,180900784.0,0
1493749036050.0,1.7717092,-180900784.0,180900768.0,0
1493749061050.0,-5.8454432,-180900768.0,180900768.0,0
1493749086050.0,4.0737343,-180900784.0,180900768.0,0
1493749111050.0,-1.249750096029056,-180900781.32687652,180900768.0,0
1493749136050.0,2.6479871,-180900784.0,180900768.0,0
1493749161050.0,2.409764,-180900784.0,180900768.0,0
1493749186050.0,1.5191209,-180900784.0,180900768.0,0
1493749211050.0,1.5403672725925928,-180900784.0,180900768.0,0
1493749236050.0,1.3382507284722223,-180900784.0,180900768.0,0
1493749261050.0,1.1612448631746033,-180900784.0,180900768.0,0
1493749286050.0,1.94384907369863,-180900784.0,180900768.0,0
1493749311050.0,1.855103388888889,-180900784.0,180900768.0,0
1493749336050.0,1.7190368000000005,-180900784.0,180900768.0,0
1493749361050.0,1.5773968276595745,-180900784.0,180900768.0,0
1493749386050.0,1.2527677780281692,-180900784.0,180900768.0,0
1493749411050.0,3.175629709589041,-180900784.0,180900768.0,0
1493749436050.0,0.848348254076655,-180900784.0,180900768.0,0
1493749461050.0,1.3000516000000002,-180900784.0,180900768.0,0
1493749486050.0,-5.882698915825687,-180900768.33027524,180900768.0,0
1493749511050.0,-4.894950180102564,-180900771.38051283,180900768.0,0
1493749536050.0,-0.2808938211282044,-180900779.58564103,180900768.0,0
1493749561050.0,1.9185713929742387,-180900784.0,180900768.0,0
1493749586050.0,1.1448012524590163,-180900784.0,180900768.0,0
1493749611050.0,1.9476831,-180900784.0,180900768.0,0
1493749636050.0,3.2107747632200887,-180900784.0,180900768.0,0
1493749661050.0,2.953495368833087,-180900784.0,180900768.0,0
1493749686050.0,2.0853498,-180900784.0,180900768.0,0
1493749711050.0,1.0227246897859923,-180900784.0,180900768.0,0
1493749736050.0,1.3860471119649806,-180900784.0,180900768.0,0
1493749761050.0,1.8835381776523703,-180900784.0,180900768.0,0
1493749786050.0,2.331437613318285,-180900784.0,180900768.0,0
1493749811050.0,0.48123455,-180900784.0,180900768.0,0
1493749836050.0,0.9995792,-180900784.0,180900768.0,0
1493749861050.0,1.5199190083333336,-180900784.0,180900768.0,0
1493749886050.0,1.112521574257426,-180900784.0,180900768.0,0
1493749911050.0,1.3682863,-180900784.0,180900768.0,0
1493749936050.0,0.93852705,-180900784.0,180900768.0,0
1493749961050.0,0.8436145553672317,-180900784.0,180900768.0,0
1493749986050.0,1.4709089056497175,-180900784.0,180900768.0,0
1493750011050.0,1.5725592223731237,-180900784.0,180900768.0,0
1493750036050.0,1.464315333881344,-180900784.0,180900768.0,0
1493750061050.0,1.356071445389564,-180900784.0,180900768.0,0
1493750086050.0,0.4333505,-180900768.0,180900784.0,0
1493750111050.0,0.94451255,-180900768.0,180900768.0,0
1493750136050.0,1.496376,-180900784.0,180900768.0,0
1493750161050.0,0.79487497,-180900784.0,180900768.0,0
1493750186050.0,1.9629285205882352,-180900784.0,180900768.0,0
1493750211050.0,1.235796981210191,-180900784.0,180900768.0,0
1493750236050.0,3.9995139,-180900784.0,180900768.0,0
1493750261050.0,1.5612031443835617,-180900784.0,180900768.0,0
1493750286050.0,1.0965444,-180900784.0,180900768.0,0
1493750311050.0,1.6424223000000002,-180900784.0,180900768.0,0
1493750336050.0,1.7243425891034483,-180900784.0,180900768.0,0
1493750361050.0,1.4137761999999998,-180900784.0,180900768.0,0
1493750386050.0,-1.0722441265306122,-180900784.0,180900768.0,0
1493750411050.0,1.36776939030837,-180900784.0,180900768.0,0
1493750436050.0,-0.61411273,-180900784.0,180900768.0,0
1493750461050.0,1.8100165,-180900784.0,180900768.0,0
1493750486050.0,1.0307038,-180900784.0,180900768.0,0
1493750511050.0,2.029383661658031,-180900784.0,180900768.0,0
1493750536050.0,8.157045,-180900784.0,180900752.0,0
1493750561050.0,-0.04309563,-180900784.0,180900768.0,0
1493750586050.0,1.3197486168390804,-180900784.0,180900768.0,0
1493750611050.0,0.6008001398275862,-180900784.0,180900768.0,0
1493750636050.0,0.46327803,-180900768.0,180900784.0,0
1493750661050.0,1.578976,-180900768.0,180900768.0,0
1493750686050.0,3.323152,-180900784.0,180900768.0,0
1493750711050.0,-3.152407515789474,-180900784.0,180900768.0,0
1493750736050.0,0.5007910310466989,-180900784.0,180900768.0,0
1493750761050.0,1.4939818,-180900784.0,180900768.0,0
1493750786050.0,1.484405,-180900784.0,180900768.0,0
1493750811050.0,2.5342624,-180900784.0,180900768.0,0
1493750836050.0,0.8355764000000001,-180900768.0,180900768.0,0
1493750861050.0,2.099715,-180900768.0,180900768.0,0
1493750886050.0,1.0067618,-180900768.0,180900768.0,0
1493750911050.0,-1.4971281,-2.1317873,-5.678884,0
1493750936050.0,-1.0621644,-4.6762276,-11.832284,0
1493750961050.0,0.3374468,5.8978057,6.993702000000001,0
1493750986050.0,-0.3606758,4.617275,6.501533,0
1493751011050.0,1.5275600975000003,3.9433795524999997,-1.2150973596874999,0
1493751036050.0,-0.27583698583333294,7.1809183025,3.5019451923958336,0
1493751061050.0,1.6482754000000002,-1.9616003,5.3163967,0
1493751086050.0,-1.1289404127690101,6.744277036011478,5.929405955523673,0
1493751111050.0,-0.8984849608321377,1.2036105367288386,4.996340675753228,0
1493751136050.0,-0.5033069498583569,0.9854513487252126,5.191993732577904,0
1493751161050.0,4.708717299999999,2.565239,5.247172,0
1493751186050.0,1.3858706,-3.1863556,5.133236,0
1493751211050.0,-0.03894572616438356,-0.19833959260273973,0.11442616320547944,0
1493751236050.0,-5.354080888219178,2.071545114630138,-5.981869392986301,0
1493751261050.0,1.0559925637837837,0.22335751163963963,-0.9051518598522522,0
1493751286050.0,0.6255698000000001,-6.181611,-21.910637,0
1493751311050.0,8.261369,-13.4259,-32.790394,0
1493751336050.0,-9.063006742341612,12.151105618793714,7.746430372610237,0
1493751361050.0,-6.553856542138874,8.757961934049671,5.638518471951342,0
1493751386050.0,-4.044706341936138,5.3648182493056265,3.5306065712924477,0
1493751411050.0,-1.5355561417334016,1.9716745645615816,1.4226946706335521,0
1493751436050.0,0.3498749,-0.076848984,1.0300406,0
1493751461050.0,1.5275006000000002,-180900784.0,180900768.0,0
1493751486050.0,1.6031491232673267,-180900784.0,180900768.0,0
1493751511050.0,0.16519992,-180900784.0,180900768.0,0
1493751536050.0,2.1799207000000003,-180900784.0,180900768.0,0
1493751561050.0,0.4327901731382979,-180900774.57446808,180900758.57446808,0
1493751586050.0,0.4381389,-180900768.0,180900752.0,0
1493751611050.0,1.6881698407876229,-180900768.0,180900763.79184246,0
1493751636050.0,-1.2665327,-180900768.0,180900784.0,0
1493751661050.0,-1.5562311000000002,-180900768.0,180900784.0,0
1493751686050.0,-1.5146318172413793,-180900768.0,180900784.0,0
1493751711050.0,-1.553837,-180900768.0,180900784.0,0
1493751736050.0,-1.4951789,-180900768.0,180900784.0,0
1493751761050.0,-1.4921362708333334,-180900768.0,180900784.0,0
1493751786050.0,-1.5171902213776722,-180900768.0,180900784.0,0
1493751811050.0,-1.505213849382716,-180900768.0,180900784.0,0
1493751836050.0,-1.4748282,-180900768.0,180900784.0,0
1493751861050.0,-1.4736311000000002,-180900768.0,180900784.0,0
1493751886050.0,-1.4542598454545455,-180900768.0,180900784.0,0
1493751911050.0,-1.4736311000000002,-180900768.0,180900784.0,0
1493751936050.0,-1.463833627406199,-180900768.0,180900784.0,0
1493751961050.0,-1.435324,-180900768.0,180900784.0,0
1493751986050.0,-1.4341269,-180900768.0,180900784.0,0
1493752011050.0,-1.4359528241791044,-180900768.0,180900784.0,0
1493752036050.0,-1.4357429622222222,-180900768.0,180900784.0,0
1493752061050.0,-1.4317327,-180900768.0,180900784.0,0
1493752086050.0,-1.4425066,-180900768.0,180900784.0,0
1493752111050.0,-1.4496891666666665,-180900768.0,180900784.0,0
1493752136050.0,-1.4020376057142858,-180900768.0,180900784.0,0
1493752161050.0,-0.6519433184504503,-180900768.0,180900784.0,0
1493752186050.0,0.60453594,-180900768.0,180900784.0,0
1493752211050.0,-0.0896678,-0.24458742,0.09361887,0
1493752236050.0,-0.50539225,-0.2928648,-0.68445206,0
1493752261050.0,-0.12989426,-0.20643234,0.09022808,0
1493752286050.0,-1.7960286,0.046388626,6.3915668,0
1493752311050.0,0.22111874636363638,-0.2364698165,-0.14237735727272727,0
1493752336050.0,0.3057357,-0.15359515,-0.23464966,0
1493752361050.0,-0.056256294,-0.3828807,-0.83244324,0
1493752386050.0,-0.06558818833728278,0.057319212287519745,0.1256439156524487,0
1493752411050.0,-0.05470094646268657,0.2935993600746269,-0.050953238955223884,0
1493752436050.0,0.4676597,-0.16611028,-0.54250526,0
1493752461050.0,0.4483765260176991,0.043478501339823006,-0.2580581511504425,0
1493752486050.0,0.022271190869565194,0.3089704397826087,-0.32875882065217393,0
1493752511050.0,0.18432845550913837,-0.4542697468929504,-0.34383420882506527,0
1493752536050.0,-0.07041967,-0.03255707,-0.16040039,0
1493752561050.0,-0.020901144,0.15142693,-0.14026356,0
1493752586050.0,0.7378161024199288,0.16110319868327405,-0.009327318540925222,0
1493752611050.0,0.012017655674651809,-0.028722228763231196,-0.16143033192200557,0
1493752636050.0,0.6436130698042705,-29935536.166278034,29935533.826212544,0
1493752661050.0,2.2457612,-180900768.0,180900752.0,0
1493752686050.0,2.733260666483517,-180900768.0,180900752.0,0
1493752711050.0,3.0969,-180900768.0,180900752.0,0
1493752736050.0,3.6775114477859776,-180900768.0,180900752.0,0
1493752761050.0,2.573174824169742,-180900768.0,180900752.0,0
1493752786050.0,2.9698690125000002,-180900768.0,180900752.0,0
1493752811050.0,1.9422877625000001,-180900768.0,180900752.0,0
1493752836050.0,1.9608512,-180900768.0,180900752.0,0
1493752861050.0,3.262353997415384,-180900768.0,180900752.0,0
1493752886050.0,2.4870010128,-180900768.0,180900752.0,0
1493752911050.0,1.7116480281846158,-180900768.0,180900752.0,0
1493752936050.0,1.4457843811320754,-180900768.0,180900752.0,0
1493752961050.0,1.3359646,-180900768.0,180900752.0,0
1493752986050.0,1.5068915719424458,-180900768.0,180900752.0,0
1493753011050.0,1.8275317767017154,-180900768.0,180900752.0,0
1493753036050.0,2.148171981460985,-180900768.0,180900752.0,0
1493753061050.0,2.468812186220255,-180900768.0,180900752.0,0
1493753086050.0,2.0908350639686684,-180900768.0,180900752.0,0
1493753111050.0,2.4527194647355164,-180900768.0,180900752.0,0
1493753136050.0,2.441411782115869,-180900768.0,180900752.0,0
1493753161050.0,2.0039468,-180900768.0,180900752.0,0
1493753186050.0,3.16914589779661,-180900768.0,180900752.0,0
1493753211050.0,4.515376999491525,-180900768.0,180900752.0,0
1493753236050.0,2.148796,-180900784.0,180900768.0,0
1493753261050.0,2.3127987,-180900768.0,180900768.0,0
1493753286050.0,0.031081676,-0.060201645,-0.14332083,0
1493753311050.0,0.6805079190476191,-0.15459482976190475,-0.3652374801904762,0
1493753336050.0,0.46919205730670555,0.223536464723032,2.9215905259475203,0
1493753361050.0,-0.011877954,-0.22886491,-0.4576149000000001,0
1493753386050.0,0.1798029,-0.044326544,0.061350822,0
1493753411050.0,-0.3811382,0.14233553,-0.24345016,0
1493753436050.0,0.3569671,-0.08536649,-0.48380375,0
1493753461050.0,-1.7726841,2.233471,-1.4619255,0
1493753486050.0,0.18430111157024792,-8.550676584021671e-05,0.8047384618181818,0
1493753511050.0,-0.32005835,-0.22353458,-0.18495047,0
1493753536050.0,8.066281,-15.655717,-24.886816,0
1493753561050.0,0.8181249813915856,-5.394544305825242,-14.73854745210356,0
1493753586050.0,-4.113422,-0.6743679,-16.208317,0
1493753611050.0,-5.332013333759999,-5.933253340799999,6.357131620800001,0
1493753636050.0,-1.9606218048859934,-4.876933172312704,-14.825683197068404,0
1493753661050.0,-2.569655192508143,-7.181827309120521,-14.576363164495113,0
1493753686050.0,-1.0208334005671078,3.5100718739130436,0.19931501512287397,0
1493753711050.0,1.1019159535836176,2.6732770317406147,8.28778890443686,0
1493753736050.0,-2.690237,-4.6164,2.6436267000000004,0
1493753761050.0,7.280717,-5.9084225,-18.99742,0
1493753786050.0,5.596528500000002,-8.043302,-12.890303,0
1493753811050.0,-3.5509748398633256,-5.9756602337129845,-6.626471603644648,0
1493753836050.0,-4.152835223611111,-4.416838783333333,-3.5882071680555554,0
1493753861050.0,-6.840356324038461,-6.6197881423076925,-4.928603054807692,0
1493753886050.0,2.7216749586363638,-7.458967478181817,4.602065775909091,0
1493753911050.0,-4.519515,5.02262915,11.256569225,0
1493753936050.0,8.16692055812325,-6.977861490196078,-10.852589201680676,0
1493753961050.0,2.4201903,1.1981478,-4.6568017,0
1493753986050.0,8.628784981746724,-21.032217269868998,-29.608539323144104,0
1493754011050.0,3.164821924978166,-4.665194999126637,-5.900973820960694,0
1493754036050.0,3.7213573,-5.106248,8.042169,0
1493754061050.0,-7.683801700000001,-3.0726147,-5.5665293,0
1493754086050.0,0.8536911,8.680635,6.210089,0
1493754111050.0,7.972238000000001,-3.9595747,-20.59898,0
1493754136050.0,2.0114596418287936,-1.6584108052529185,1.9020494693579768,0
1493754161050.0,5.621459,-3.2497368,-1.1416305,0
1493754186050.0,-1.415211085367742,-0.3223937912709678,-0.41941945111290324,0
1493754211050.0,-0.8049896402064516,-0.14925691062580648,-0.25141145917741936,0
1493754236050.0,-0.1947681950451614,0.023879970019354768,-0.08340346724193548,0
1493754261050.0,-0.27838108263157896,0.1362973556491228,-0.15688169350877193,0
1493754286050.0,-0.026890511770305676,0.08308043786026201,0.08969297930131004,0
1493754311050.0,-0.5118155588793893,-1.5657401180259545,0.2477222427480916,0
1493754336050.0,0.03571534,-0.3527794,0.030950546,0
1493754361050.0,2.3957715,-3.8173938,6.238409,0
1493754386050.0,-0.04543805,-0.07225919,0.4997263,0
1493754411050.0,0.27999568,-0.26867676,0.06213951,0
1493754436050.0,0.20349166658163265,-0.22704769357142857,-1.19997415,1
1493754461050.0,-6.8766823000000015,-3.2571497000000003,6.4419646,1
1493754486050.0,-0.160097,-0.39963245,0.078403085,1
1493754511050.0,2.805615608467742,-6.529348923790321,5.874889222983871,1
1493754536050.0,2.7896051106321833,-4.021253076724138,6.9668469425287345,1
1493754561050.0,-2.1142235,-0.36737537,-8.429703,1
1493754586050.0,-0.7859335,-4.3051033,4.2154703,1
1493754611050.0,-4.789914918545454,-3.5639408087272724,3.0691335272727276,1
1493754636050.0,-4.618157883760684,-2.855099387820513,1.478496106837607,1
1493754661050.0,2.3677681466666662,-1.2930940333333334,-8.2052506,1
1493754686050.0,-2.4455059078219015,1.1343648875330927,-3.4893999311672683,1
1493754711050.0,-2.098092670758123,3.1687607930685924,-1.3155164173285203,1
1493754736050.0,-0.736887592207792,-2.654326819913419,-6.121754809523809,1
1493754761050.0,1.0750014,0.29985332,2.0857239,1
1493754786050.0,-0.1036973,-0.15848827,-0.00529854,1
1493754811050.0,0.12982774,-0.086829185,0.48113355,1
1493754836050.0,0.44594336,-0.005147934,1.0091398,1
1493754861050.0,0.13902259,-0.17612934,-0.06307557,1
1493754886050.0,-0.0073826313,-0.13404846,0.015674323,1
1493754911050.0,0.44934297,0.6018963,3.217773,1
1493754936050.0,-0.8646524,-0.44050574,-0.2539959,1
1493754961050.0,-0.2500335,-0.3487215,-0.50288296,1
1493754986050.0,-0.14013322,-0.21715641,-0.14865398,1
1493755011050.0,-4.2018830000000005,1.1798592,-4.531793599999999,1
1493755036050.0,-0.34565175,-1.3305922,-0.67853874,1
1493755061050.0,0.45112743995157384,0.09690559853753027,0.3188709424939467,1
1493755086050.0,1.3159114,0.17361069,0.8013333,1
1493755111050.0,0.87856376,3.6243005,-1.8569851,1
1493755136050.0,0.048529131081081145,-0.2852109897297297,-0.014402351891891874,1
1493755161050.0,-0.22918832393421198,-0.1876107741117478,-0.13490449409742117,1
1493755186050.0,-1.8908850168324653,0.48008444225694447,-0.043956424057291665,1
1493755211050.0,-0.0053482056,-0.14432144,-0.1697714,1
1493755236050.0,0.039106846,-0.21650362,-0.07901724,1
1493755261050.0,-0.06870699,-0.14724636,-0.04905048,1
1493755286050.0,0.18751177,-0.049703598,-0.22029018,1
1493755311050.0,-0.38062453,0.12772322,-0.13897371,1
1493755336050.0,-0.0886268,-0.26360607,-0.17952013,1
1493755361050.0,1.2450591,0.48452473,0.66221046,1
1493755386050.0,0.09629154,0.12214661,-0.46225786,1
1493755411050.0,2.290286659256757,1.8289457430405405,3.8692406373648653,1
1493755436050.0,0.38468553826247687,-0.019578059648798496,1.0737214704251385,1
1493755461050.0,-0.029456973,-0.17544746,-0.23562114,1
1493755486050.0,-0.53326917,0.34470177,0.99416006,1
1493755511050.0,0.5689599834893162,-0.18899345476495727,-0.37460049012820507,1
1493755536050.0,0.20121591208121825,-0.2616193853807106,0.2760273739086295,1
1493755561050.0,-0.12482622385668277,0.03421454619967794,0.01914809919484703,1
1493755586050.0,-0.5983097705555556,1.149005278888889,0.6461298222222223,1
1493755611050.0,-0.02192028015384615,-0.08383886418269229,-0.07378540793269231,1
1493755636050.0,-0.15931548528205128,2.7994073297275643,0.05508099431089743,1
1493755661050.0,-0.5269577900757576,0.2825449200378788,-0.01632225662878789,1
1493755686050.0,-0.14267111,-0.01716137,0.036928892,1
1493755711050.0,-0.041243076,-0.17227745,-0.0025052726,1
1493755736050.0,-3.8496552,-1.4400492,-4.2728753,1
1493755761050.0,0.17386444962566847,-0.2564972859358289,0.35104090071122995,1
1493755786050.0,0.13729858,-0.23594904,-0.08508843,1
1493755811050.0,-0.08396620515901065,-0.1440987119434629,0.04550887229681955,1
1493755836050.0,7.005493,0.85423946,0.926929,1
1493755861050.0,-1.1626587,0.33931398,4.097479,1
1493755886050.0,1.6097205592307693,-3.7720586040723982,7.742826802330317,1
1493755911050.0,5.938732,1.6582922999999998,18.442713,1
1493755936050.0,-4.293367,1.1480017,-2.624947,1
1493755961050.0,-2.1571116000000004,1.6601496,-2.3217614,1
1493755986050.0,-2.1956816000000003,-3.5721874,0.6123885,1
1493756011050.0,-3.8290892,3.7364433,0.19488478,1
1493756036050.0,5.488796474508197,0.8050239545901642,3.9044449968852457,1
1493756061050.0,4.724885777786885,-0.25625120934426215,0.48671475098360606,1
1493756086050.0,1.4321346,3.0665908,-0.57771695,1
1493756111050.0,-0.17349323712765963,-3.3676780575797873,-9.558763058510637,1
1493756136050.0,-9.081175081081081,-7.97923922972973,-17.849894972972972,1
1493756161050.0,-0.32397938,0.52462006,6.0922985,1
1493756186050.0,0.044979572,-0.9380889,-1.0427554,1
1493756211050.0,-0.8379097195754717,-0.31110555352594343,-1.428779276533019,1
1493756236050.0,0.056075573,-0.19618309,-0.16842127,1
1493756261050.0,-0.17037302742822966,0.2978264286901914,-0.036628566570574166,1
1493756286050.0,-0.16746712,-0.028848201,-0.06273937,1
1493756311050.0,-0.3614615881656804,-0.36846054769230774,0.15028929940828406,1
1493756336050.0,-0.009317724999999999,-0.149348495,-0.22187020000000002,1
1493756361050.0,-0.45547026,-0.31862545,0.053961754,1
1493756386050.0,-0.06279194,-0.2583475,-0.32000184,1
1493756411050.0,-0.36611006,-0.2034874,0.3158481,1
1493756436050.0,0.061492473,0.03252065,-0.15163231,1
1493756461050.0,0.0337680166875,-0.010590348165322581,-0.18873259278225807,1
1493756486050.0,-2.715052032727273,0.29622467672727276,3.5703885454545454,1
1493756511050.0,-1.8755911236363638,-0.8962150015944055,-1.6676548111888105,1
1493756536050.0,0.004534748240000001,-0.158213994,-0.046785736,1
1493756561050.0,0.0006887995294117683,-0.1577066244117647,-0.037884757882352946,1
1493756586050.0,0.12171185725748501,-0.11775484737245509,-0.17318530040718566,1
1493756611050.0,0.439749108754491,-0.030093901863473063,0.37570341815568864,1
1493756636050.0,-0.02311051656626506,0.3101222791566265,-0.18566444349397593,1
1493756661050.0,-0.44389415,-0.022159755,-0.18624973,1
1493756686050.0,0.0772326,0.22817484,-0.09496784,1
1493756711050.0,-0.18548863563636364,-0.43743183381818174,-0.27829377436363634,1
1493756736050.0,0.12043252425454545,-0.0833876705454546,-0.30593782036363637,1
1493756761050.0,-0.2952757,-0.09341733,-0.23585415,1
1493756786050.0,-0.28681683994999996,-0.10216806306578949,-0.1420718075526316,1
1493756811050.0,-0.03775507089099526,0.04169624142180095,-0.07608200827488153,1
1493756836050.0,-1.6732683998817965,-0.7984418605910165,-2.4646983766666666,1
1493756861050.0,-0.5438763000000001,-1.8151622,-1.4751024,1
1493756886050.0,0.29410088,-0.20389652,-0.009919167,1
1493756911050.0,-0.7037177,-1.4078918,0.34292603,1
1493756936050.0,-0.22497462636363635,0.02671771850909091,-0.07655208783636364,1
1493756961050.0,-0.07899308199181446,0.040747649480900414,-0.06775094699863574,1
1493756986050.0,-0.11786127,0.11616686,-0.013094425,1
1493757011050.0,0.4501319,0.49099502,1.4835601,1
1493757036050.0,0.1142446514772727,0.11511035093181818,-0.2044958834090909,1
1493757061050.0,0.16243798,0.778142,0.15456676,1
1493757086050.0,0.06437833,-0.1294527,-0.24617052,1
1493757111050.0,0.2709999,-0.19036055,-0.21128178,1
1493757136050.0,0.19418538,0.10673618,-0.27967024,1
1493757161050.0,0.019349224987654325,-0.023047394582716044,-0.13802599160493828,1
1493757186050.0,0.2800715,0.086059034,0.06920433,1
1493757211050.0,-0.01930064,0.007885486,-0.0650424959999999,1
1493757236050.0,-0.7009240406825937,-0.20522454687832767,-0.1268422160784983,1
1493757261050.0,0.27316284,0.16698492,-0.0578804,1
1493757286050.0,-0.053370217033647374,-0.05984279068909825,0.012199073580080766,1
1493757311050.0,0.09180566686998395,-0.05282567609711075,0.05162057334670947,1
1493757336050.0,-0.02382126731942215,-0.19515977200401283,-0.04159343548154088,1
1493757361050.0,-0.13944820150882825,-0.3374938679109149,-0.13480744430979125,1
1493757386050.0,0.050480127,-0.025522158,-0.012199402,1
1493757411050.0,-0.20661783,-0.14386177,0.5021242,1
1493757436050.0,0.70290947,-0.03700185,-0.73211384,1
1493757461050.0,0.117477894,0.029910844,-0.00073337555,1
1493757486050.0,0.7180677176344086,-0.7816035249462365,-4.18391030795699,1
1493757511050.0,0.10342658,0.26475573,0.23308134,1
1493757536050.0,0.31264472,0.5570035,0.014758587,1
1493757561050.0,-0.84274006,-0.44682598,0.10928488,1
1493757586050.0,0.33847845,0.15390682,0.43537188,1
1493757611050.0,0.037036687,-0.13317013,-0.13060522,1
1493757636050.0,-0.7055404000000001,-0.19551992,-0.18303585,1
1493757661050.0,-0.07484448,0.1388737,-0.2555685,1
1493757686050.0,0.078148365,-0.005736649,0.0025777817,1
1493757711050.0,0.023399591,-0.026114702,-0.041300774,1
1493757736050.0,0.38117171593406596,1.2274000846153845,-0.8420210915384615,1
1493757761050.0,-0.0929569,-0.037754536,-0.19024658,1
1493757786050.0,-0.30938345,-0.2143712,-2.3420458,1
1493757811050.0,0.05670333,-0.04224062,-0.100430965,1
1493757836050.0,0.3608637,0.32927775,-0.46610832,1
1493757861050.0,-0.056775093,-0.09091091,0.07538533,1
1493757886050.0,-0.20543765149532708,-0.25888156803738316,-0.05368196861682243,1
1493757911050.0,-0.19060993,-0.011903763,-0.02783966,1
1493757936050.0,-0.15512276,-0.030298233,0.02490592,1
1493757961050.0,4.848192567465437,-4.0778866141013825,5.147901775891706,1
1493757986050.0,-1.6354913,-0.64492035,-1.6080184,1
1493758011050.0,0.116772294,-0.19013453,-0.11575127,1
1493758036050.0,-0.83036906,-1.3334122,0.741732,1
1493758061050.0,0.09112583332110091,-0.05862763452477064,0.06982651888073395,1
1493758086050.0,0.00529602139449542,-0.10437731617614679,0.09864372759633028,1
1493758111050.0,-0.08053379053211007,-0.15012699782752292,0.1274609363119266,1
1493758136050.0,-0.09448475201100917,-0.23846383321100917,0.171398422533578,1
1493758161050.0,0.044647813,-0.13778019,0.08362901,1
1493758186050.0,0.07241460216027874,-0.36318757775261323,-0.6613347357839721,1
1493758211050.0,0.030365646,-0.12270737,0.10924334,1
1493758236050.0,2.3311688115273776,-2.9405797766858788,3.5208570432276662,1
1493758261050.0,-0.7201010665441179,-1.548374892647059,0.15653750220588236,1
1493758286050.0,0.93731976,0.32178402,-0.9641452,1
1493758311050.0,1.0668503,-6.167639,2.4780037,1
1493758336050.0,-3.5435327870495494,-3.1688174853603606,-2.0040799578828814,1
1493758361050.0,-6.793885,-7.7920084,-14.444821,1
1493758386050.0,-7.574664999999999,0.43554783,-5.367221,1
1493758411050.0,-6.865211554907162,-4.007832523076924,-15.916382133687003,1
1493758436050.0,1.1961098768498943,2.050542904016913,-0.9711617959830869,1
1493758461050.0,0.5969299063467493,3.0862668801857587,-0.5190926411764705,1
1493758486050.0,-5.415646,-0.1335659,-0.96056014,1
1493758511050.0,-5.302760696338673,1.7058144782608695,0.6197715113272312,1
1493758536050.0,-4.105286211212815,2.207575347826087,-4.2733683628146455,1
1493758561050.0,-0.41130733,7.958658,6.3525870000000015,1
1493758586050.0,-0.2253128081743867,-2.6848728855585833,2.0151287848773842,1
1493758611050.0,-11.011259,-9.961432,-38.00962,1
1493758636050.0,-4.3791533,-3.097309,-32.91557,1
1493758661050.0,6.3933231433628315,-4.609064207964602,4.727527196460177,1
1493758686050.0,4.236779217377313,3.2971367172164125,5.699480132904264,1
1493758711050.0,-3.6429322,0.37139606,1.6295483,1
1493758736050.0,-4.6060585403111745,-0.2688794507779353,-8.872372609618104,1
1493758761050.0,1.3337861094170405,11.486322281016442,11.505386225710016,1
1493758786050.0,-0.2363975228699553,8.645175793721974,9.602151547085203,1
1493758811050.0,0.7997284,9.846821,7.976838000000001,1
1493758836050.0,1.6554312709090906,0.7231948236363639,-5.163915278441559,1
1493758861050.0,-0.8214539000000001,-3.6329613,0.085525036,1
1493758886050.0,-0.24345231,-0.06477356,-0.6250715,1
1493758911050.0,-1.1988460725274726,0.064190229010989,-0.684625825091575,1
1493758936050.0,1.7291701194029852,-2.0256413,-7.125836708208954,1
1493758961050.0,0.4164796,0.20066452,-0.2380104,1
1493758986050.0,-0.048544884,-0.32838154,-0.19891173,1
1493759011050.0,-0.04938359629377431,-0.6608865633735408,-1.4737567516342411,1
1493759036050.0,0.210068113,-0.07276694893333338,0.007952483533333304,1
1493759061050.0,-0.07451820882624544,-0.2575139373876063,0.30435656784325643,1
1493759086050.0,-0.36089456,-0.32231617,-0.4025912,1
1493759111050.0,-3.617658543237411,-0.5054932423597122,1.3744434589928056,1
1493759136050.0,0.5911900999999999,-0.1580162,-0.8890343,1
1493759161050.0,-0.12304807,-0.36495018,-0.42117405,1
1493759186050.0,-0.6951944999999999,0.275639,-1.0354729,1
1493759211050.0,-0.3560381,-0.09586525,4.363434,1
1493759236050.0,-0.8911188,0.68985724,-1.0642862,1
1493759261050.0,-0.22811663,-0.082378864,-0.8957615,1
1493759286050.0,0.15320201,-0.12506533,-0.66867113,1
1493759311050.0,-0.023349881,-0.33375597,0.09036255,1
1493759336050.0,0.24313941526865673,0.17619098283582088,-0.23452039832089555,1
1493759361050.0,-0.08446955011111111,-0.13178167155555556,-0.27536529955555555,1
1493759386050.0,-0.10170346134020619,-0.0021629906268041243,-0.23440124134020618,1
1493759411050.0,-2.0167627,-0.5906908000000001,-1.2928581,1
1493759436050.0,0.10013032,0.041577406,-0.12517452,1
1493759461050.0,-0.0038678646,0.025709242,-0.19102478,1
1493759486050.0,-0.28304643878103847,-0.9350966850744922,-0.32183441546275393,1
1493759511050.0,-0.11609566,0.35522678,-0.19918251,1
1493759536050.0,-0.4923873791366906,-180900768.0,180900752.0,1
1493759561050.0,-0.25800554265822784,-180900768.0,180900763.49367088,1
1493759586050.0,-0.82121116,-180900768.0,180900784.0,1
1493759611050.0,-1.7034745,-180900768.0,180900752.0,1
1493759636050.0,-6.3182983,-180900768.0,180900752.0,1
1493759661050.0,-3.9683384127659576,-180900768.0,180900752.0,1
1493759686050.0,-3.8785575464891036,-180900768.0,180900752.0,1
1493759711050.0,-3.7513500423963135,-180900768.0,180900752.0,1
1493759736050.0,-4.624687364225352,-180900768.0,180900766.69295776,1
1493759761050.0,-5.0613422,-180900768.0,180900752.0,1
1493759786050.0,-8.09719,-180900768.0,180900768.0,1
1493759811050.0,1.9476831,-180900768.0,180900784.0,1
1493759836050.0,-1.5334862,-180900768.0,180900784.0,1
1493759861050.0,1.0869676,-180900768.0,180900784.0,1
1493759886050.0,1.2856863,-180900768.0,180900784.0,1
1493759911050.0,0.6440403,-180900768.0,180900784.0,1
1493759936050.0,1.3072342,-180900768.0,180900784.0,1
1493759961050.0,1.8830396,-180900768.0,180900768.0,1
1493759986050.0,1.5131354,-180900768.0,180900784.0,1
1493760011050.0,-8.122062844444445,-180900768.0,180900768.0,1
1493760036050.0,-7.0485296,-180900768.0,180900768.0,1
1493760061050.0,-7.275978999999999,-180900768.0,180900768.0,1
1493760086050.0,-7.6889787,-180900768.0,180900768.0,1
1493760111050.0,-7.9250433546610175,-180900768.0,180900768.0,1
1493760136050.0,-8.457711001587302,-180900768.0,180900776.84656084,1
1493760161050.0,-5.449203,-180900768.0,180900768.0,1
1493760186050.0,-6.805517999999998,-180900768.0,180900768.0,1
1493760211050.0,-6.9395940000000005,-180900768.0,180900768.0,1
1493760236050.0,-10.54167,-180900768.0,180900768.0,1
1493760261050.0,-7.2508396999999984,-180900768.0,180900768.0,1
1493760286050.0,-4.745141794554455,-180900768.0,180900768.0,1
1493760311050.0,-5.985504,-180900768.0,180900768.0,1
1493760336050.0,-5.8226986,-180900768.0,180900768.0,1
1493760361050.0,0.9756372,-180900768.0,180900752.0,1
1493760386050.0,1.8507179,-180900768.0,180900768.0,1
1493760411050.0,4.376600700000001,-180900768.0,180900768.0,1
1493760436050.0,1.7525556,-180900768.0,180900784.0,1
1493760461050.0,-2.6204537999999995,-180900768.0,180900752.0,1
1493760486050.0,3.2190042,-180900768.0,180900752.0,1
1493760511050.0,2.4874757333333335,-180900768.0,180900752.0,1
1493760536050.0,3.2191913447916667,-180900768.0,180900759.83333334,1
1493760561050.0,4.413711,-180900768.0,180900752.0,1
1493760586050.0,4.371931789855072,-180900768.0,180900752.0,1
1493760611050.0,2.649269785714286,-180900768.0,180900752.0,1
1493760636050.0,2.8734059256,-180900768.0,180900752.0,1
1493760661050.0,3.5960910000000004,-180900768.0,180900752.0,1
1493760686050.0,0.61890113,-180900768.0,180900784.0,1
1493760711050.0,0.7757214,-180900768.0,180900752.0,1
1493760736050.0,2.1703439,-180900768.0,180900752.0,1
1493760761050.0,1.5358804,-180900768.0,180900768.0,1
1493760786050.0,3.0550013,-180900768.0,180900752.0,1
1493760811050.0,1.0684540077227722,-180900768.0,180900756.5940594,1
1493760836050.0,-2.823961,-180900768.0,180900752.0,1
1493760861050.0,-2.4887726000000003,-180900768.0,180900752.0,1
1493760886050.0,1.4101848999999995,-180900768.0,180900768.0,1
1493760911050.0,2.7222073,-180900768.0,180900752.0,1
1493760936050.0,1.4893929166666666,-180900768.0,180900752.0,1
1493760961050.0,2.6288335,-180900768.0,180900752.0,1
1493760986050.0,0.7505821999999999,-180900768.0,180900752.0,1
1493761011050.0,1.8411411,-180900768.0,180900752.0,1
1493761036050.0,1.0534488000000002,-180900768.0,180900752.0,1
1493761061050.0,1.2785037,-180900784.0,180900768.0,1
1493761086050.0,-4.4089220000000005,-180900768.0,180900784.0,1
1493761111050.0,-0.8595184000000001,-180900768.0,180900784.0,1
1493761136050.0,0.80445176,-180900768.0,180900784.0,1
1493761161050.0,0.6847416999999999,-180900768.0,180900784.0,1
1493761186050.0,2.4624364,-180900768.0,180900784.0,1
1493761211050.0,0.4417302,-180900768.0,180900784.0,1
1493761236050.0,2.6384103,-180900768.0,180900784.0,1
1493761261050.0,2.1416135,-180900784.0,180900768.0,1
1493761286050.0,4.0653543,-180900784.0,180900768.0,1
1493761311050.0,-0.05626374,-180900768.0,180900768.0,1
1493761336050.0,-0.39504328,-180900768.0,180900784.0,1
1493761361050.0,0.2896984,-180900768.0,180900768.0,1
1493761386050.0,5.317522,-180900784.0,180900768.0,1
1493761411050.0,-0.022744916,-180900784.0,180900768.0,1
1493761436050.0,1.0010884340856032,-180900784.0,180900768.0,1
1493761461050.0,-6.932411,-180900768.0,180900768.0,1
1493761486050.0,-8.850209094674556,-180900768.0,180900768.0,1
1493761511050.0,-9.166664321311476,-180900768.0,180900768.0,1
1493761536050.0,0.6380547,-180900768.0,180900784.0,1
1493761561050.0,-0.39863458,-180900768.0,180900768.0,1
1493761586050.0,1.4640543,-180900768.0,180900768.0,1
1493761611050.0,0.38067806,-180900768.0,180900768.0,1
1493761636050.0,1.282095,-180900784.0,180900768.0,1
1493761661050.0,8.21438471359447,-180900784.0,180900768.0,1
1493761686050.0,3.2963412804147456,-180900784.0,180900768.0,1
1493761711050.0,3.953047685641548,-180900769.84114054,180900768.0,1
1493761736050.0,2.921127268126273,-180900777.98778003,180900768.0,1
1493761761050.0,-0.092176765,-180900784.0,180900768.0,1
1493761786050.0,2.245545573740458,-180900784.0,180900768.0,1
1493761811050.0,0.7517793,-180900784.0,180900768.0,0
1493761836050.0,-0.51834464,-180900768.0,180900784.0,0
1493761861050.0,0.6967127,-180900768.0,180900784.0,0
1493761886050.0,3.1651347000000003,-180900768.0,180900784.0,0
1493761911050.0,0.6931214,-180900768.0,180900784.0,0
1493761936050.0,2.0925324,-180900768.0,180900784.0,0
1493761961050.0,3.551798,-180900768.0,180900768.0,0
1493761986050.0,-5.050917637310606,-180900768.0,180900755.6060606,0
1493762011050.0,-8.213308999999999,-180900768.0,180900768.0,0
1493762036050.0,-8.026527733190578,-180900768.0,180900768.0,0
1493762061050.0,-7.5411554246153845,-180900768.0,180900768.0,0
1493762086050.0,-3.3734303,-180900768.0,180900784.0,0
1493762111050.0,-0.4124972074052478,-180900768.0,180900770.23906705,0
1493762136050.0,-9.024943,-180900768.0,180900768.0,0
1493762161050.0,4.187459,-180900784.0,180900768.0,0
1493762186050.0,1.8890251,-180900784.0,180900768.0,0
1493762211050.0,1.388637,-180900768.0,180900784.0,0
1493762236050.0,0.373854607264,-180900768.0,180900780.096,0
1493762261050.0,2.7044017359813086,-180900784.0,180900768.0,0
1493762286050.0,2.5438392000000003,-180900784.0,180900768.0,0
1493762311050.0,2.0123265,-180900784.0,180900768.0,0
1493762336050.0,-4.1539397000000005,-180900784.0,180900768.0,0
1493762361050.0,-3.6369519505882355,-180900784.0,180900768.0,0
1493762386050.0,-1.841944476821192,-180900784.0,180900768.0,0
1493762411050.0,-4.240834203488372,-180900784.0,180900768.0,0
1493762436050.0,-1.0744176280516426,-180900776.80751175,180900768.0,0
1493762461050.0,2.8742392000000003,-180900768.0,180900768.0,0
1493762486050.0,3.122972633,-180900771.36,180900768.0,0
1493762511050.0,2.806285042090909,-180900778.63272727,180900768.0,0
1493762536050.0,-2.3953989,-180900784.0,180900768.0,0
1493762561050.0,3.6160204315450644,-180900768.0,180900768.0,0
1493762586050.0,5.115393428683833,-180900768.0,180900768.0,0
1493762611050.0,8.63828,-180900768.0,180900768.0,0
1493762636050.0,0.19384807461832088,-180900778.22900763,180900768.0,0
1493762661050.0,6.2367506859872615,-180900768.0,180900768.0,0
1493762686050.0,1.5011643999999995,-180900784.0,180900768.0,0
1493762711050.0,1.4603741284974092,-180900783.32297063,180900768.0,0
1493762736050.0,0.47002646010362703,-180900776.41450778,180900768.0,0
1493762761050.0,-0.5203212082901554,-180900769.5060449,180900768.0,0
1493762786050.0,-8.852561,-180900768.0,180900768.0,0
1493762811050.0,-0.023942016,-180900768.0,180900784.0,0
1493762836050.0,2.565387,-180900752.0,180900768.0,0
1493762861050.0,0.1288538,-1.6869401999999998,-3.0306990000000003,0
1493762886050.0,0.33612108,-0.21387386,0.07748604,0
1493762911050.0,0.30615258,0.036740303,-0.24093819,0
1493762936050.0,-0.5616797,0.23672938,-0.52522945,0
1493762961050.0,-0.12650323,-0.17618132,-0.5575175,0
1493762986050.0,0.6390585999999999,0.16224909,-0.9593115,0
1493763011050.0,0.10977171,0.19130707,-1.1440773000000002,0
1493763036050.0,-0.23277187,-0.118866086,-0.16540718,0
1493763061050.0,2.8057585,-0.3782488,-5.4010644,0
1493763086050.0,0.008831561,-0.29876852,0.9246769,0
1493763111050.0,-0.017342329,-0.09779835,-0.5194845,0
1493763136050.0,0.36231422,-0.12789345,-0.3018217,0
1493763161050.0,0.020106602,0.0006628036399999974,-0.211320494,0
1493763186050.0,-0.9525213,-0.23191309,-0.7156668,0
1493763211050.0,2.657404,1.1621878,0.45384693,0
1493763236050.0,-0.088980675,-0.23508382,0.024119377,0
1493763261050.0,-0.11290455,-0.053468704,-0.095032215,0
1493763286050.0,-4.5060997,-1.1025462,-0.21893346,0
1493763311050.0,-0.012481689,0.0390954,0.0050342083,0
1493763336050.0,-0.2607956,-0.03732705,0.16418812,0
1493763361050.0,-2.3216324,-0.33727217,-0.19456506,0
1493763386050.0,-0.20053256,0.38032594,2.4877477000000003,0
1493763411050.0,0.11985278,-0.5136023000000001,-0.41049862,0
1493763436050.0,-0.12086439,0.096236706,-0.14604282,0
1493763461050.0,-0.07545614,0.040933847,-0.13734818,0
1493763486050.0,0.35407495,0.28976393,0.4878459,0
1493763511050.0,0.17678612,-0.00442791,0.14745235,0
1493763536050.0,-0.160676,-0.51710415,-0.18037033,0
1493763561050.0,0.062564015,-1.2222928999999998,0.93040466,0
1493763586050.0,0.26048446,-0.080010414,0.16623783,0
1493763611050.0,-0.16424832,-0.31646013,-0.396317,0
1493763636050.0,-0.25607812,-0.23774529,-0.07436466,0
1493763661050.0,0.7321545,0.40892315,0.618104,0
1493763686050.0,0.12381664,-0.19921017,0.19176388,0
1493763711050.0,-0.42012358,-0.25892878,-1.0073667,0
1493763736050.0,0.73833084,0.21445227,2.0431333,0
1493763761050.0,-0.036607265,0.0502858759999999,-0.17780018,0
1493763786050.0,-3.716436100000001,-3.5863160000000005,-6.25896,0
1493763811050.0,-0.17623490530785563,-0.21560025696390656,-0.45977595426751594,0
1493763836050.0,0.0013530254,-0.005831003,-0.20732975,0
1493763861050.0,0.58943325,0.61332345,2.1984525,0
1493763886050.0,3.747928670368765,-2.403637409934924,-7.290867709110628,0
1493763911050.0,-0.3971241,-0.5129570999999999,-0.5191269000000001,0
1493763936050.0,-0.12445135070516186,-0.09117192355205599,-0.14996437321959755,0
1493763961050.0,-0.03495926584076989,-0.025480305004374454,-0.18394288153105864,0
1493763986050.0,-0.188259,0.08110595,-0.1168499,0
1493764011050.0,-0.018977641536842088,-0.20391969938947369,-0.24470100021052626,0
1493764036050.0,-0.055863771690140784,-0.029514075864788734,-0.1509382633802817,0
1493764061050.0,-0.21004386,-0.14698982,-0.10871053,0
1493764086050.0,0.03527838,-0.32419872,0.068403244,0
1493764111050.0,0.2665038,-0.16284943,-0.3065982,0
1493764136050.0,0.07353878,0.015479088,-0.07389474,0
1493764161050.0,0.04465832689999999,-0.038866530499999996,0.20078097749999996,0
1493764186050.0,1.2360368,0.17005408,0.8359131999999999,0
1493764211050.0,-0.46339777671232874,-0.296781098630137,0.22900322397260273,0
1493764236050.0,-0.539166,-0.1832416,0.13596535,0
1493764261050.0,0.23535336279611652,0.04850006093203883,0.04871720757281553,0
1493764286050.0,0.21745753,-0.09449738,0.04055214,0
1493764311050.0,-0.09264141,-0.008841731,-0.115470886,0
1493764336050.0,0.04364407,-0.024254665,-0.12553692,0
1493764361050.0,-0.39354348,0.16286445,0.9442377,0
1493764386050.0,0.0711478,-0.021095656,-0.1736269,0
1493764411050.0,-0.68858445,-0.75055957,-1.050971,0
1493764436050.0,-0.43548757,-2.9193487,-9.668662,0
1493764461050.0,0.03382647,0.02663076,-0.18382263,0
1493764486050.0,-0.014450434382812488,-0.040819034839843754,-0.1962289340625,0
1493764511050.0,-0.19837864799853372,-0.5889381458944281,-1.4728741888563046,0
1493764536050.0,-0.13572243465542522,-0.47081578519061584,-0.48455278123167145,0
1493764561050.0,-0.07306622131231671,-0.3526934244868035,0.5037686263929619,0
1493764586050.0,-0.6380117621070234,-0.4448891572742475,-1.391851758361204,0
1493764611050.0,-4.26946187916388,-3.0469728947324413,-6.511032778428093,0
1493764636050.0,-0.09364653,-0.017506957,-0.16263485,0
1493764661050.0,-0.12106085,-0.07176554,-0.21402073,0
1493764686050.0,-0.12047768,-0.06451571,-0.2435093,0
1493764711050.0,-0.09596205,-0.05061531,-0.17693377,0
1493764736050.0,0.0780875642818792,0.06140763827936243,-0.05741955380033559,0
1493764761050.0,0.5734050743489932,0.2778187955780202,0.7139427658305371,0
1493764786050.0,1.0687225844161075,0.4942299528766779,1.4853050854614094,0
1493764811050.0,0.6620094840983608,0.3531216337704917,0.8531618993278689,0
1493764836050.0,-1.4616066634426228,-2.417809021967214,0.6166659075245902,0
1493764861050.0,-2.6175382903092785,-2.352448451958763,-2.892257037525773,0
1493764886050.0,-0.07079029,0.031800747,0.08154392,0
1493764911050.0,-0.25790644,0.12852764,0.36607814,0
1493764936050.0,-0.13107252,-0.09422541,0.003911495,0
1493764961050.0,-0.1426453612236287,0.007074559426160337,-0.061172483679324895,0
1493764986050.0,-0.18073503433333332,-0.10799072579999999,-0.10872383086666666,0
1493765011050.0,-0.12949766960662526,-0.11884648956521739,-0.08331851325051759,0
1493765036050.0,-0.13290451225672878,-0.20244181565217392,-0.08414631345755694,0
1493765061050.0,0.015245199,-0.02191639,-0.026345253,0
1493765086050.0,-0.15911958,-0.2547679,-1.0751743,0
1493765111050.0,-0.10377264,-0.11889839,-0.00051379204,0
1493765136050.0,-0.8998233,-1.2276111,-4.303006,0
1493765161050.0,0.0755320320967742,0.3071531285887097,-0.08320400087903226,0
1493765186050.0,0.3443153,-0.69005936,-0.15338612,0
1493765211050.0,-0.10451388854976304,-0.27822304236966827,-0.2623304864454976,0
1493765236050.0,0.09377433428571429,-0.6919224540540541,1.2065304976833977,0
1493765261050.0,-0.0001835823,-0.15276957,0.17234993,0
1493765286050.0,0.50004506,-0.35000333,0.2696495,0
1493765311050.0,0.01363384190692124,-0.18472381890214798,-0.20304505775656326,0
1493765336050.0,-0.29348373,0.19584799,0.007525921,0
1493765361050.0,-0.023363433299270077,-0.05697889709854015,-0.1483400603649635,0
1493765386050.0,-0.10532454204255319,0.09184563382978722,-0.10739994061702127,0
1493765411050.0,-0.10157030887850468,0.04470779267289719,-0.28816421289719624,0
1493765436050.0,-0.06330484434636871,0.0258628598,0.04579002292290503,0
1493765461050.0,-0.15288469909497207,0.0296747598,0.02620133912402235,0
1493765486050.0,-0.07317691290804587,0.0649805141566092,-0.0587026252729885,0
1493765511050.0,-0.01088526348275859,0.03133009677155173,-0.11365228762931033,0
1493765536050.0,0.005154455011627906,0.06072992793953488,-0.17671028195348837,0
1493765561050.0,-0.06590786475581395,0.04465899073023255,-0.1847355610232558,0
1493765586050.0,-0.696331,0.16316754,-0.4405446,0
1493765611050.0,-0.055684265853125,0.058375206030208335,-0.17375349909375,0
1493765636050.0,-0.032861895540625005,0.034672768009375,-0.18598163971875,0
1493765661050.0,-0.23142052,0.05832857,-0.09313679,0
1493765686050.0,0.3612808748293517,0.6473453831740613,1.0557552440716726,0
1493765711050.0,-0.0060276985,0.41759014,1.2818127,0
1493765736050.0,-0.38508034,0.022724748,-0.10692501,0
1493765761050.0,-1.0197558710917032,-0.8213431598951964,-0.23473196902620086,0
1493765786050.0,-1.7398259147598254,-2.4177493957030567,-0.5817399100742358,0
1493765811050.0,0.4093889,0.006460905,0.56990814,0
1493765836050.0,0.112749815,0.38665915,-3.2602062000000003,0
1493765861050.0,-0.16782796,-0.15068722,-0.4971981,0
1493765886050.0,-0.1021706510344827,-0.08104062689655173,-0.09549846275862069,0
1493765911050.0,-0.2827073657341576,0.09587871890262752,0.18982870100463678,0
1493765936050.0,-0.1857277521329212,-0.10798317445131372,-0.021932875502318372,0
1493765961050.0,-0.09731112913375789,-0.10399485902335456,-0.09387932868152865,0
1493765986050.0,-0.138826332955414,-0.1192744025477707,-0.10852296243949044,0
1493766011050.0,-0.08137894,-0.17271805,-0.12815356,0
1493766036050.0,-0.09954341496598637,-0.03434430329931973,-0.09752731030612245,0
1493766061050.0,0.15898153999999995,-1.0811258824999999,-3.7045071999999997,0
1493766086050.0,-0.6146228,-0.4927372999999999,-0.70114946,0
1493766111050.0,-0.0048179626,-0.23563242,-0.8105717,0
1493766136050.0,-0.14363706,0.001912117,-0.2074666,0
1493766161050.0,-0.19957459,-0.09472227,-0.15671825,0
1493766186050.0,-0.11289723,-0.09846449,0.039451122,0
1493766211050.0,0.3589114,-0.18097162,-1.1619171999999998,0
1493766236050.0,0.2503369,-0.11009598,-1.5503454,0
1493766261050.0,-0.10649419,-0.12789702,-0.18127346,0
1493766286050.0,-0.0924654,-0.22149229,-0.17398643,0
1493766311050.0,-0.1524427,-0.15540123,-0.16277695,0
1493766336050.0,-0.007199873771251933,-0.055261612812983,-0.05878073172179289,0
1493766361050.0,-0.11513138,-0.17805481,-0.03998828,0
1493766386050.0,4.559243,2.1063874,-0.38111496,0
1493766411050.0,-0.11107159,-0.013822556,-0.09037876,0
1493766436050.0,0.17901619663742707,-0.06321509824561411,0.341312419736842,0
1493766461050.0,-0.24511099,-0.06333102,-2.0048122,0
1493766486050.0,-1.614953,2.65673,0.031287193,0
1493766511050.0,-0.628472,-0.52936125,-1.7390251,0
1493766536050.0,0.0075793397,0.021048993,-0.20336628,0
1493766561050.0,0.014108609243865032,-0.02812344450460123,-0.2124260480828221,0
1493766586050.0,-0.025273294897239264,-0.04038440386042945,-0.20289881648773006,0
1493766611050.0,-0.015268736,0.015266538,-0.2563057,0
1493766636050.0,0.0013994128,-0.16392279,-0.18167686,0
1493766661050.0,-0.16675913,-0.15831184,0.1848154,0
1493766686050.0,-0.6817719,-0.47792768,-0.74176073,0
1493766711050.0,-0.09629011,-0.08207464,0.37620735,0
1493766736050.0,0.48721215,1.318856,-1.0663443,0
1493766761050.0,0.060708284,-0.07991409,-0.26571035,0
1493766786050.0,-2.172838,-1.4144545,-1.0453005,0
1493766811050.0,-6.300063,-4.569641000000002,-7.7694526,0
1493766836050.0,0.12643313,-0.07655811,0.2172459,0
1493766861050.0,0.24116325,-0.21708488,0.00662601,0
1493766886050.0,3.3683398,0.39184093,-0.99940133,0
1493766911050.0,0.93480223,0.13208675,0.4054998,0
1493766936050.0,-0.070779085,-0.029660463,0.05094719,0
1493766961050.0,0.06494221,-0.02524972,-0.022558212,0
1493766986050.0,0.37269303,0.08313656,0.4368801,0
1493767011050.0,-2.506193932682927,-2.1643654156097565,5.281890185853658,0
1493767036050.0,-4.7879133000000005,3.1027145000000003,-9.425487,0
1493767061050.0,-0.9585942,2.0558524,-0.5396166,0
1493767086050.0,-7.6838570000000015,-3.74469,-3.4267943,0
1493767111050.0,0.6500236,1.0371008,1.7757068,0
1493767136050.0,1.0777309,5.642393,4.213779,0
1493767161050.0,-3.620354,2.1269789,9.840498,0
1493767186050.0,2.442244,-2.5282068,-12.436548,0
1493767211050.0,0.12014675,1.5871625,2.5503678,0
1493767236050.0,-0.2705067806506849,0.9014207006849315,-3.7413430130136995,0
1493767261050.0,2.2162101,-3.3245477999999995,3.8033638,0
1493767286050.0,2.545660896901409,4.005867941887324,-2.938671315323943,0
1493767311050.0,0.7174823914775725,-1.3962769901030343,-4.180143409604222,0
1493767336050.0,0.15520551812664907,-0.38370010679168876,-0.8609362328232191,0
1493767361050.0,2.4190334412828602,-2.88455164902734,-1.852243428391167,0
1493767386050.0,1.4856982257202946,-1.825127529679285,-2.1734271823343847,0
1493767411050.0,0.5523630101577286,-0.7657034103312301,-2.4946109362776028,0
1493767436050.0,-0.380972205404837,0.2937207090168248,-2.8157946902208204,0
1493767461050.0,-8.2849778,4.7616499999999995,5.467552980000001,0
1493767486050.0,-4.4271245000000015,-5.124135,4.6324205,0
1493767511050.0,-0.11052524665629848,-6.581862255365475,8.663933774494557,0
1493767536050.0,-1.613221,4.0450263,7.6283827,0
1493767561050.0,-1.4263928,6.297850599999999,5.689376,0
1493767586050.0,-9.171394569475263,-9.732242,-7.9754316146926545,0
1493767611050.0,0.6989797373850316,0.11497455119927866,1.5324069123534716,0
1493767636050.0,1.6722428257529307,1.6059125313615872,3.734321632822363,0
1493767661050.0,0.38095748,-0.015337944,0.43428576,0
1493767686050.0,2.2092543,0.09684467,-6.6417007,0
1493767711050.0,-0.5257989889084507,-0.4885828556338029,1.2407304521830986,0
1493767736050.0,1.0542667,-1.4549188999999998,-0.007310614,0
1493767761050.0,0.016386317858064516,-0.10188278844319776,0.04630104431136045,0
1493767786050.0,0.2777859565677419,-0.34067588100981766,-0.007574574201963537,0
1493767811050.0,0.93158054,-2.1871428,-2.2969637,0
1493767836050.0,-0.25641346,0.17691183,0.2539935,0
1493767861050.0,-0.3358755,0.07449579,0.1898421,0
1493767886050.0,-0.17967749,-0.22246408,-0.22394377,0
1493767911050.0,-0.10409427,-0.8505955,-0.16577277,0
1493767936050.0,-0.07975292,-0.12897968,0.054984003,0
1493767961050.0,0.013748674646739178,-0.11571427130434783,-0.10167042807065219,0
1493767986050.0,-0.08015391216772151,-0.1588044017721519,0.002824546487341789,0
1493768011050.0,-0.10257041269514768,-0.19368695451476795,-0.5191280431751054,0
1493768036050.0,-0.3345384506976744,-0.2636046199501661,0.37971776493257475,0
1493768061050.0,-1.1429719390697677,0.04254384350498336,0.057648723877757435,0
1493768086050.0,-0.09915816815625,-71724334.40488662,71724327.73378281,0
1493768111050.0,0.20470424,-180900784.0,180900768.0,0
1493768136050.0,3.303998200000001,-180900768.0,180900768.0,0
1493768161050.0,1.9177556,-180900768.0,180900784.0,0
1493768186050.0,2.7162218,-180900768.0,180900784.0,0
1493768211050.0,0.5500760767123289,-180900784.0,180900768.0,0
1493768236050.0,1.7700654606473594,-180900784.0,180900768.0,0
1493768261050.0,2.0853498,-180900784.0,180900768.0,0
1493768286050.0,1.4700398,-180900784.0,180900768.0,0
1493768311050.0,-0.021547815,-180900784.0,180900768.0,0
1493768336050.0,1.2282255,-180900784.0,180900768.0,0
1493768361050.0,1.4030021,-180900784.0,180900768.0,0
1493768386050.0,1.5007888555555555,-180900784.0,180900768.0,0
1493768411050.0,0.18315643,-180900768.0,180900768.0,0
1493768436050.0,2.6264392999999995,-180900768.0,180900784.0,0
1493768461050.0,-0.94570965,-180900768.0,180900784.0,0
1493768486050.0,1.9871874,-180900768.0,180900784.0,0
1493768511050.0,2.1282160957446807,-180900784.0,180900768.0,0
1493768536050.0,-0.7477343982105263,-180900784.0,180900768.0,0
1493768561050.0,1.4951789,-180900784.0,180900768.0,0
1493768586050.0,1.18038151416332,-180900784.0,180900768.0,0
1493768611050.0,-0.25549849922356094,-180900784.0,180900768.0,0
1493768636050.0,1.1108786812158056,-180900784.0,180900768.0,0
1493768661050.0,1.3718776,-180900784.0,180900768.0,0
1493768686050.0,1.1265362782795698,-180900784.0,180900768.0,0
1493768711050.0,1.6160861,-180900784.0,180900768.0,0
1493768736050.0,0.8517372362499999,-180900784.0,180900768.0,0
1493768761050.0,-0.09117602421874993,-180900780.875,180900768.0,0
1493768786050.0,0.50876784,-180900768.0,180900784.0,0
1493768811050.0,1.4939818,-180900768.0,180900784.0,0
1493768836050.0,-0.2777274,-180900768.0,180900784.0,0
1493768861050.0,1.1204864,-180900784.0,180900768.0,0
1493768886050.0,0.7227874793103447,-180900784.0,180900768.0,0
1493768911050.0,0.8355764000000001,-180900784.0,180900768.0,0
1493768936050.0,0.9768343,-180900784.0,180900768.0,0
1493768961050.0,1.7134132,-180900784.0,180900768.0,0
1493768986050.0,0.8774749,-180900784.0,180900768.0,0
1493769011050.0,1.154294724893918,-180900784.0,180900768.0,0
1493769036050.0,1.1998280569536421,-180900784.0,180900768.0,0
1493769061050.0,0.5422806411290323,-180900784.0,180900764.72580644,0
1493769086050.0,-0.23909314919354852,-180900784.0,180900756.66129032,0
1493769111050.0,1.6687586,-180900768.0,180900768.0,0
1493769136050.0,7.914405094890512,-180900770.86131388,180900781.13868612,0
1493769161050.0,-3.6192189724,-180900782.08,180900768.0,0
1493769186050.0,-5.5497594,-180900784.0,180900768.0,0
1493769211050.0,-5.064934,-180900784.0,180900768.0,0
1493769236050.0,-4.6902413,-180900784.0,180900768.0,0
1493769261050.0,-9.508572,-180900768.0,180900768.0,0
1493769286050.0,-4.461595,-180900784.0,180900768.0,0
1493769311050.0,3.0681696,-180900784.0,180900768.0,0
1493769336050.0,2.2697031,-180900784.0,180900768.0,0
1493769361050.0,1.4401124,-180900784.0,180900768.0,0
1493769386050.0,0.023942016,-180900784.0,180900768.0,0
1493769411050.0,2.1428106,-180900784.0,180900768.0,0
1493769436050.0,-0.25019407,-180900784.0,180900768.0,0
1493769461050.0,2.3642743,-180900784.0,180900768.0,0
1493769486050.0,0.45609543,-180900768.0,180900784.0,0
1493769511050.0,3.1471782000000004,-180900784.0,180900768.0,0
1493769536050.0,-5.8586116,-180900784.0,180900768.0,0
1493769561050.0,-5.309142,-180900768.0,180900768.0,0
1493769586050.0,-0.51954174,-180900768.0,180900768.0,0
1493769611050.0,-0.16400282,-180900784.0,180900768.0,0
1493769636050.0,1.7525556,-180900784.0,180900768.0,0
1493769661050.0,-0.4201824000000001,-180900784.0,180900768.0,0
1493769686050.0,1.0989386,-180900784.0,180900768.0,0
1493769711050.0,-3.6415808,-180900784.0,180900768.0,0
1493769736050.0,4.2185836,-180900784.0,180900768.0,0
1493769761050.0,1.271321,-180900784.0,180900768.0,0
1493769786050.0,4.056975,-180900768.0,180900768.0,0
1493769811050.0,-0.9696517,-180900768.0,180900784.0,0
1493769836050.0,-0.49440265,-180900768.0,180900768.0,0
1493769861050.0,2.8451970476885644,-180900768.0,180900768.0,0
1493769886050.0,1.2976573999999998,-180900768.0,180900784.0,0
1493769911050.0,-0.14503694,-0.3562703,-0.21711254,0
1493769936050.0,0.2610284,-0.07836342,0.1271658,0
1493769961050.0,1.1517358,-0.7003374,-0.95953083,0
1493769986050.0,-0.058492303,0.012834072,0.027327538,0
1493770011050.0,-0.2155962,-0.26328707,0.35082817,0
1493770036050.0,-0.38144043,-0.13415885,-0.4331379,0
1493770061050.0,-0.3175548,-0.16978168,-1.258471,0
1493770086050.0,0.10440397,-0.051836014,0.10348551,0
1493770111050.0,-0.69425035,-0.14136219,0.26649463,0
1493770136050.0,3.9821365,0.73427296,2.9880373,0
1493770161050.0,-0.11330557,-0.13874435,0.04851246,0
1493770186050.0,3.0825348,-180900768.0,180900752.0,0
1493770211050.0,4.710449957707509,-180900768.0,180900752.0,0
1493770236050.0,0.4417302,-180900768.0,180900784.0,0
1493770261050.0,0.46075321090909105,-180900752.0,180900768.0,0
1493770286050.0,-0.7493850999999999,-180900752.0,180900768.0,0
1493770311050.0,3.374431879347826,-180900768.0,180900752.0,0
1493770336050.0,1.7796205260869566,-180900768.0,180900752.0,0
1493770361050.0,1.851915,-180900768.0,180900752.0,0
1493770386050.0,3.923966721721312,-180900775.18032786,180900759.18032786,0
1493770411050.0,1.3790601,-180900768.0,180900768.0,0
1493770436050.0,2.93440163724138,-180900779.83448276,180900772.16551724,0
1493770461050.0,5.6108117,-180900784.0,180900768.0,0
1493770486050.0,-1.3433866866666664,-180900772.93333334,180900768.0,0
1493770511050.0,-0.5446809,-180900784.0,180900768.0,0
1493770536050.0,0.007968503384094827,-180900768.0,180900752.0,0
1493770561050.0,-2.0755138092783505,-180900768.0,180900757.36082473,0
1493770586050.0,1.9524715,-180900768.0,180900784.0,0
1493770611050.0,-6.8330517,-180900768.0,180900768.0,0
1493770636050.0,-7.281270086419753,-180900768.0,180900768.0,0
1493770661050.0,-0.33997664,-180900768.0,180900752.0,0
1493770686050.0,-1.7643367048981782,-180900768.0,180900752.0,0
1493770711050.0,-3.336092851736335,-180900768.0,180900752.0,0
1493770736050.0,-5.035006,-180900768.0,180900768.0,0
1493770761050.0,-5.429737776753507,-180900768.0,180900752.0,0
1493770772550.0,-6.451176599999998,-180900768.0,180900768.0,0
