1493737991850.0,-0.0006,0.0099,-0.0069,1
1493738016850.0,0.0006134426229508197,0.00019606557377049172,-0.0008832786885245897,1
1493738041850.0,0.0004,-0.0002,-0.0057,1
1493738066850.0,0.0001,0.0038,-0.0059,1
1493738091850.0,0.0006,0.0043,-0.0047,1
1493738116850.0,0.0001,-0.0003,-0.006,1
1493738141850.0,-0.0715,0.022,-0.0077,1
1493738166850.0,0.002,0.0033,-0.0048,1
1493738191850.0,0.0124,0.0418,0.0163,1
1493738216850.0,-0.227,-0.7873,-0.9131,1
1493738241850.0,-0.0108,0.2112,0.0978,1
1493738266850.0,0.1148,0.0228,-0.1128,1
1493738291850.0,0.0803,-0.0065,0.1489,1
1493738316850.0,-0.0554,0.1547,0.0773,1
1493738341850.0,0.1578,-0.1174,0.1232,1
1493738366850.0,0.2366,0.2024,-0.063,1
1493738391850.0,0.0489,0.0654,0.3269,1
1493738416850.0,0.1093,0.2142,-0.6112,1
1493738441850.0,0.020984431137724552,-0.07975289421157686,-0.09988443113772455,1
1493738466850.0,0.12278083832335329,-0.2223676646706587,-0.2016808383233533,1
1493738491850.0,-0.4584,0.381,0.4504,1
1493738516850.0,0.6315,0.8544,-0.9046,1
1493738541850.0,-0.0618,0.1655,0.0355,1
1493738566850.0,0.1057,0.0132,-0.0356,1
1493738591850.0,0.0083,0.1798,-0.1728,1
1493738616850.0,-0.0086,0.1048,0.254,1
1493738641850.0,0.1222,-0.1348,-0.2431,1
1493738666850.0,0.16709840637450202,0.06661693227091633,0.27936215139442233,1
1493738691850.0,0.0304,0.0172,0.0408,1
1493738716850.0,-0.022,0.0541,-0.0634,1
1493738741850.0,-0.0138,-0.0308,-0.0446,1
1493738766850.0,-0.009,-0.0138,-0.0036,1
1493738791850.0,0.0024,-0.0065,0.0007,1
1493738816850.0,-0.1306,-0.0909,-0.1232,1
1493738841850.0,0.0003,-0.0008,-0.004,1
1493738866850.0,0.0212,-0.0,0.006,1
1493738891850.0,-0.0959,-0.0795,0.3042,1
1493738916850.0,0.1175,-0.0408,0.0418,1
1493738941850.0,0.0126,0.0833,0.2067,1
1493738966850.0,0.1498,0.097,-0.0198,1
1493738991850.0,-0.6369,-0.9122,0.329,1
1493739016850.0,-0.4907,-0.2606,-0.5307,1
1493739041850.0,-0.3375,-0.2724,-0.0897,1
1493739066850.0,0.1615,-0.1731,-0.24,1
1493739091850.0,-0.2203,0.3273,-0.5632,1
1493739116850.0,-0.0812,0.483,0.1882,1
1493739141850.0,0.083,0.0173,-0.1118,1
1493739166850.0,0.0007,0.001,-0.0061,1
1493739191850.0,0.0006,-0.0029,-0.0047,1
1493739216850.0,-0.0002,-0.0009,-0.0057,1
1493739241850.0,-0.0015,-0.0005,-0.0045,1
1493739266850.0,-0.0003,0.001,-0.0031,1
1493739291850.0,0.0003,0.0001,-0.0006,1
1493739316850.0,0.0001,0.0011,-0.0064,1
1493739341850.0,-0.0007,-0.0008,-0.0051,1
1493739366850.0,-0.0001,0.0004,-0.0027,1
1493739391850.0,0.0007,-0.0011,-0.0027,1
1493739416850.0,0.0005,-0.0007,-0.0033,1
1493739441850.0,-0.0015,0.0008,-0.0046,1
1493739466850.0,0.0008,-0.0008,-0.0035,1
1493739491850.0,-0.001,-0.0006,-0.0008,1
1493739516850.0,-0.0015,0.0,-0.0062,1
1493739541850.0,0.0004,-0.001,-0.0033,1
1493739566850.0,-0.0006,0.0003,-0.0036,1
1493739591850.0,-0.0002,-0.0,-0.003,1
1493739616850.0,0.0,-0.0003,-0.0036,1
1493739641850.0,0.0011,0.0006,-0.0022,1
1493739666850.0,-0.0005,0.0003,-0.0042,1
1493739691850.0,-0.0001,-0.0013,-0.0036,1
1493739716850.0,-0.0003,0.0001,-0.0051,1
1493739741850.0,-0.0001,-0.0,-0.0049,1
1493739766850.0,0.0006,-0.0017,-0.0064,1
1493739791850.0,0.0005,-0.0014,-0.0027,1
1493739816850.0,0.0006,0.0004,-0.0023,1
1493739841850.0,-0.0023,0.0007,-0.0041,1
1493739866850.0,-0.0009,-0.0004,-0.0071,1
1493739891850.0,0.0018,-0.0016,-0.0043,1
1493739916850.0,-0.0008,-0.001,-0.0045,1
1493739941850.0,-0.1129,-0.092,-0.1034,1
1493739966850.0,0.0008,0.0002,-0.0032,1
1493739991850.0,-0.0002,0.0006,-0.0028,1
1493740016850.0,-0.0001,-0.0014,-0.0037,1
1493740041850.0,0.0024,-0.0032,-0.0082,1
1493740066850.0,0.0011,0.0001,-0.0035,1
1493740091850.0,0.001,-0.0006,-0.0026,1
1493740116850.0,-0.0002,-0.002,-0.0049,1
1493740141850.0,0.0003,0.0002,-0.006,1
1493740166850.0,-0.0012,-0.0002,-0.0014,1
1493740191850.0,-0.0003,0.0013,-0.0057,1
1493740216850.0,-0.0003,-0.0004,-0.0035,1
1493740241850.0,-0.0007,0.0005,-0.0035,1
1493740266850.0,0.0008,-0.0008,-0.005,1
1493740291850.0,0.0007,-0.0001,-0.0029,1
1493740316850.0,-0.0009,-0.0006,-0.0015,1
1493740341850.0,0.0001,0.0013,-0.0051,1
1493740366850.0,-0.0014,0.0014,-0.0039,1
1493740391850.0,-0.0001,0.0002,-0.0035,1
1493740416850.0,0.0006,-0.0011,-0.0071,1
1493740441850.0,-0.0011,0.0001,-0.0034,1
1493740466850.0,0.0012,0.0016,-0.0083,1
1493740491850.0,0.0001,-0.0013,-0.0074,1
1493740516850.0,-0.0008,0.0008,-0.0,1
1493740541850.0,0.0008,-0.0006,-0.0061,1
1493740566850.0,-0.0445,-0.0532,0.081,1
1493740591850.0,0.0214,-0.0002,-0.0421,1
1493740616850.0,-0.0022447024673439768,0.0015619738751814223,0.005025979680696661,1
1493740641850.0,0.3082566436472437,0.558935240117263,-0.7464332356141199,1
1493740666850.0,0.3071539024721954,0.5568986256346712,-0.7436119711073501,1
1493740691850.0,0.306051161297147,0.5548620111520793,-0.7407907066005803,1
1493740716850.0,0.30494842012209866,0.5528253966694875,-0.7379694420938104,1
1493740741850.0,0.3038456789470503,0.5507887821868955,-0.7351481775870407,1
1493740766850.0,0.30274293777200195,0.5487521677043037,-0.7323269130802708,1
1493740791850.0,0.30164019659695357,0.5467155532217118,-0.729505648573501,1
1493740816850.0,0.30053745542190524,0.54467893873912,-0.7266843840667312,1
1493740841850.0,0.29943471424685686,0.542642324256528,-0.7238631195599613,1
1493740866850.0,0.29833197307180853,0.5406057097739362,-0.7210418550531915,1
1493740891850.0,0.29722923189676015,0.5385690952913443,-0.7182205905464217,1
1493740916850.0,0.2961264907217118,0.5365324808087525,-0.7153993260396518,1
1493740941850.0,0.29502374954666344,0.5344958663261605,-0.7125780615328821,1
1493740966850.0,0.2939210083716151,0.5324592518435687,-0.7097567970261122,1
1493740991850.0,0.29281826719656673,0.5304226373609768,-0.7069355325193424,1
1493741016850.0,0.2917155260215184,0.528386022878385,-0.7041142680125726,1
1493741041850.0,0.29061278484647,0.526349408395793,-0.7012930035058027,1
1493741066850.0,0.2895100436714217,0.5243127939132012,-0.6984717389990329,1
1493741091850.0,0.2884073024963733,0.5222761794306093,-0.695650474492263,1
1493741116850.0,0.287304561321325,0.5202395649480175,-0.6928292099854932,1
1493741141850.0,0.2862018201462766,0.5182029504654255,-0.6900079454787235,1
1493741166850.0,0.28509907897122827,0.5161663359828337,-0.6871866809719536,1
1493741191850.0,0.2839963377961799,0.5141297215002418,-0.6843654164651838,1
1493741216850.0,0.28289359662113156,0.51209310701765,-0.681544151958414,1
1493741241850.0,0.2817908554460832,0.510056492535058,-0.6787228874516441,1
1493741266850.0,0.28068811427103485,0.5080198780524662,-0.6759016229448743,1
1493741291850.0,0.27958537309598647,0.5059832635698743,-0.6730803584381044,1
1493741316850.0,0.27848263192093814,0.5039466490872824,-0.6702590939313346,1
1493741341850.0,0.27737989074588976,0.5019100346046905,-0.6674378294245649,1
1493741366850.0,0.2762771495708414,0.4998734201220987,-0.664616564917795,1
1493741391850.0,0.27517440839579305,0.4978368056395068,-0.6617953004110252,1
1493741416850.0,0.2740716672207447,0.4958001911569149,-0.6589740359042553,1
1493741441850.0,0.27296892604569634,0.493763576674323,-0.6561527713974855,1
1493741466850.0,0.27186618487064795,0.4917269621917312,-0.6533315068907157,1
1493741491850.0,0.2707634436955996,0.4896903477091393,-0.6505102423839458,1
1493741516850.0,0.2696607025205513,0.4876537332265474,-0.647688977877176,1
1493741541850.0,0.2685579613455029,0.4856171187439555,-0.6448677133704062,1
1493741566850.0,0.26745522017045453,0.4835805042613637,-0.6420464488636364,1
1493741591850.0,0.2663524789954062,0.48154388977877177,-0.6392251843568666,1
1493741616850.0,0.2652497378203578,0.4795072752961799,-0.6364039198500967,1
1493741641850.0,0.2641469966453095,0.477470660813588,-0.6335826553433269,1
1493741666850.0,0.2630442554702611,0.4754340463309962,-0.630761390836557,1
1493741691850.0,0.2619415142952128,0.47339743184840427,-0.6279401263297872,1
1493741716850.0,0.2608387731201644,0.4713608173658124,-0.6251188618230175,1
1493741741850.0,0.2597360319451161,0.4693242028832205,-0.6222975973162476,1
1493741766850.0,0.2586332907700677,0.4672875884006287,-0.6194763328094778,1
1493741791850.0,0.25753054959501936,0.46525097391803677,-0.6166550683027079,1
1493741816850.0,0.256427808419971,0.46321435943544487,-0.6138338037959381,1
1493741841850.0,0.25532506724492265,0.461177744952853,-0.6110125392891683,1
1493741866850.0,0.25422232606987427,0.45914113047026117,-0.6081912747823984,1
1493741891850.0,0.25311958489482594,0.45710451598766927,-0.6053700102756286,1
1493741916850.0,0.25201684371977756,0.45506790150507737,-0.6025487457688588,1
1493741941850.0,0.25091410254472923,0.4530312870224855,-0.599727481262089,1
1493741966850.0,0.24981136136968085,0.45099467253989367,-0.5969062167553192,1
1493741991850.0,0.24870862019463252,0.44895805805730177,-0.5940849522485494,1
1493742016850.0,0.24760587901958414,0.44692144357470986,-0.5912636877417795,1
1493742041850.0,0.2465031378445358,0.444884829092118,-0.5884424232350097,1
1493742066850.0,0.24540039666948743,0.44284821460952617,-0.5856211587282398,1
1493742091850.0,0.2442976554944391,0.44081160012693427,-0.58279989422147,1
1493742116850.0,0.24319491431939072,0.43877498564434236,-0.5799786297147003,1
1493742141850.0,0.2420921731443424,0.4367383711617505,-0.5771573652079304,1
1493742166850.0,0.240989431969294,0.4347017566791586,-0.5743361007011606,1
1493742191850.0,0.23988669079424566,0.43266514219656677,-0.5715148361943907,1
1493742216850.0,0.2387839496191973,0.43062852771397486,-0.5686935716876209,1
1493742241850.0,0.23768120844414894,0.428591913231383,-0.5658723071808511,1
1493742266850.0,0.2365784672691006,0.42655529874879117,-0.5630510426740812,1
1493742291850.0,0.23547572609405223,0.4245186842661992,-0.5602297781673115,1
1493742316850.0,0.23437298491900388,0.42248206978360736,-0.5574085136605416,1
1493742341850.0,0.23327024374395552,0.4204454553010155,-0.5545872491537718,1
1493742366850.0,0.23216750256890717,0.4184088408184236,-0.551765984647002,1
1493742391850.0,0.23106476139385881,0.4163722263358317,-0.5489447201402321,1
1493742416850.0,0.22996202021881046,0.41433561185323986,-0.5461234556334623,1
1493742441850.0,0.2288592790437621,0.412298997370648,-0.5433021911266924,1
1493742466850.0,0.22775653786871375,0.4102623828880561,-0.5404809266199226,1
1493742491850.0,0.2266537966936654,0.4082257684054642,-0.5376596621131529,1
1493742516850.0,0.22555105551861704,0.40618915392287236,-0.534838397606383,1
1493742541850.0,0.22444831434356868,0.4041525394402805,-0.5320171330996132,1
1493742566850.0,0.22334557316852033,0.4021159249576886,-0.5291958685928433,1
1493742591850.0,0.22224283199347197,0.4000793104750967,-0.5263746040860735,1
1493742616850.0,0.22114009081842362,0.39804269599250486,-0.5235533395793037,1
1493742641850.0,0.22003734964337526,0.396006081509913,-0.5207320750725338,1
1493742666850.0,0.2189346084683269,0.3939694670273211,-0.517910810565764,1
1493742691850.0,0.21783186729327852,0.3919328525447292,-0.5150895460589942,1
1493742716850.0,0.2167291261182302,0.38989623806213736,-0.5122682815522244,1
1493742741850.0,0.21562638494318181,0.3878596235795455,-0.5094470170454546,1
1493742766850.0,0.2145236437681335,0.3858230090969536,-0.5066257525386847,1
1493742791850.0,0.2134209025930851,0.3837863946143617,-0.5038044880319149,1
1493742816850.0,0.21231816141803678,0.38174978013176986,-0.500983223525145,1
1493742841850.0,0.2112154202429884,0.379713165649178,-0.49816195901837523,1
1493742866850.0,0.21011267906794007,0.3776765511665861,-0.49534069451160545,1
1493742891850.0,0.20900993789289168,0.3756399366839942,-0.4925194300048356,1
1493742916850.0,0.20790719671784336,0.37360332220140235,-0.4896981654980658,1
1493742941850.0,0.20680445554279497,0.37156670771881045,-0.48687690099129594,1
1493742966850.0,0.20570171436774665,0.36953009323621855,-0.48405563648452615,1
1493742991850.0,0.20459897319269826,0.3674934787536267,-0.4812343719777563,1
1493743016850.0,0.20349623201764994,0.36545686427103485,-0.4784131074709865,1
1493743041850.0,0.20239349084260155,0.36342024978844295,-0.47559184296421664,1
1493743066850.0,0.20129074966755323,0.36138363530585105,-0.4727705784574468,1
1493743091850.0,0.20018800849250484,0.3593470208232592,-0.469949313950677,1
1493743116850.0,0.19908526731745652,0.35731040634066735,-0.4671280494439072,1
1493743141850.0,0.19798252614240813,0.35527379185807545,-0.46430678493713734,1
1493743166850.0,0.1968797849673598,0.35323717737548355,-0.4614855204303675,1
1493743191850.0,0.19577704379231142,0.3512005628928917,-0.4586642559235977,1
1493743216850.0,0.19467430261726307,0.34916394841029985,-0.4558429914168279,1
1493743241850.0,0.1935715614422147,0.34712733392770795,-0.45302172691005804,1
1493743266850.0,0.19246882026716636,0.34509071944511605,-0.4502004624032882,1
1493743291850.0,0.191366079092118,0.3430541049625242,-0.44737919789651837,1
1493743316850.0,0.19026333791706965,0.34101749047993235,-0.4445579333897486,1
1493743341850.0,0.1891605967420213,0.33898087599734045,-0.44173666888297874,1
1493743366850.0,0.18805785556697294,0.33694426151474854,-0.4389154043762089,1
1493743391850.0,0.18695511439192458,0.3349076470321567,-0.43609413986943907,1
1493743416850.0,0.18585237321687623,0.33287103254956485,-0.4332728753626693,1
1493743441850.0,0.18474963204182787,0.33083441806697295,-0.43045161085589945,1
1493743466850.0,0.18364689086677952,0.32879780358438104,-0.4276303463491296,1
1493743491850.0,0.18254414969173116,0.3267611891017892,-0.42480908184235977,1
1493743516850.0,0.1814414085166828,0.32472457461919735,-0.42198781733558993,1
1493743541850.0,0.18033866734163445,0.32268796013660545,-0.41916655282882015,1
1493743566850.0,0.1792359261665861,0.32065134565401354,-0.4163452883220503,1
1493743591850.0,0.17813318499153774,0.3186147311714217,-0.4135240238152805,1
1493743616850.0,0.17703044381648939,0.3165781166888298,-0.41070275930851063,1
1493743641850.0,0.17592770264144103,0.3145415022062379,-0.4078814948017408,1
1493743666850.0,0.17482496146639268,0.31250488772364604,-0.405060230294971,1
1493743691850.0,0.17372222029134432,0.3104682732410542,-0.4022389657882012,1
1493743716850.0,0.17261947911629597,0.3084316587584623,-0.39941770128143134,1
1493743741850.0,0.1715167379412476,0.30639504427587044,-0.3965964367746615,1
1493743766850.0,0.17041399676619925,0.30435842979327854,-0.3937751722678917,1
1493743791850.0,0.1693112555911509,0.3023218153106867,-0.3909539077611219,1
1493743816850.0,0.16820851441610254,0.3002852008280948,-0.38813264325435204,1
1493743841850.0,0.1671057732410542,0.29824858634550294,-0.3853113787475822,1
1493743866850.0,0.16600303206600583,0.29621197186291104,-0.38249011424081236,1
1493743891850.0,0.16490029089095748,0.2941753573803192,-0.3796688497340426,1
1493743916850.0,0.16379754971590912,0.2921387428977273,-0.37684758522727274,1
1493743941850.0,0.16269480854086077,0.2901021284151354,-0.3740263207205029,1
1493743966850.0,0.1615920673658124,0.28806551393254354,-0.37120505621373306,1
1493743991850.0,0.16048932619076403,0.28602889944995163,-0.3683837917069633,1
1493744016850.0,0.15938658501571568,0.2839922849673598,-0.36556252720019344,1
1493744041850.0,0.15828384384066732,0.2819556704847679,-0.3627412626934236,1
1493744066850.0,0.15718110266561897,0.27991905600217604,-0.35991999818665377,1
1493744091850.0,0.1560783614905706,0.27788244151958413,-0.35709873367988393,1
1493744116850.0,0.15497562031552226,0.2758458270369923,-0.35427746917311415,1
1493744141850.0,0.1538728791404739,0.2738092125544004,-0.3514562046663443,1
1493744166850.0,0.15277013796542555,0.27177259807180854,-0.34863494015957447,1
1493744191850.0,0.1516673967903772,0.26973598358921663,-0.34581367565280463,1
1493744216850.0,0.15056465561532884,0.2676993691066248,-0.34299241114603485,1
1493744241850.0,0.14946191444028048,0.2656627546240329,-0.340171146639265,1
1493744266850.0,0.14835917326523212,0.26362614014144103,-0.33734988213249517,1
1493744291850.0,0.14725643209018377,0.26158952565884913,-0.33452861762572533,1
1493744316850.0,0.14615369091513541,0.2595529111762573,-0.3317073531189555,1
1493744341850.0,0.14505094974008706,0.2575162966936654,-0.3288860886121857,1
1493744366850.0,0.1439482085650387,0.25547968221107353,-0.3260648241054159,1
1493744391850.0,0.14284546738999035,0.25344306772848163,-0.32324355959864604,1
1493744416850.0,0.141742726214942,0.2514064532458898,-0.3204222950918762,1
1493744441850.0,0.14063998503989364,0.24936983876329788,-0.3176010305851064,1
1493744466850.0,0.13953724386484528,0.24733322428070603,-0.3147797660783366,1
1493744491850.0,0.13843450268979693,0.24529660979811413,-0.31195850157156674,1
1493744516850.0,0.13733176151474857,0.24325999531552228,-0.3091372370647969,1
1493744541850.0,0.13622902033970022,0.24122338083293038,-0.30631597255802706,1
1493744566850.0,0.13512627916465186,0.23918676635033853,-0.3034947080512573,1
1493744591850.0,0.1340235379896035,0.23715015186774663,-0.30067344354448744,1
1493744616850.0,0.13292079681455515,0.23511353738515473,-0.2978521790377176,1
1493744641850.0,0.1318180556395068,0.23307692290256288,-0.29503091453094776,1
1493744666850.0,0.13071531446445844,0.23104030841997097,-0.292209650024178,1
1493744691850.0,0.1296125732894101,0.22900369393737913,-0.28938838551740814,1
1493744716850.0,0.12850983211436173,0.22696707945478722,-0.2865671210106383,1
1493744741850.0,0.12740709093931338,0.22493046497219538,-0.28374585650386847,1
1493744766850.0,0.12630434976426502,0.22289385048960347,-0.2809245919970986,1
1493744791850.0,0.12520160858921667,0.22085723600701163,-0.27810332749032884,1
1493744816850.0,0.12409886741416831,0.21882062152441972,-0.275282062983559,1
1493744841850.0,0.12299612623911996,0.21678400704182788,-0.27246079847678917,1
1493744866850.0,0.1218933850640716,0.21474739255923597,-0.26963953397001933,1
1493744891850.0,0.12079064388902325,0.21271077807664412,-0.26681826946324955,1
1493744916850.0,0.11968790271397489,0.21067416359405222,-0.2639970049564797,1
1493744941850.0,0.11858516153892654,0.20863754911146037,-0.26117574044970987,1
1493744966850.0,0.11748242036387815,0.20660093462886847,-0.25835447594294003,1
1493744991850.0,0.1163796791888298,0.20456432014627662,-0.2555332114361702,1
1493745016850.0,0.11527693801378144,0.20252770566368472,-0.2527119469294004,1
1493745041850.0,0.11417419683873309,0.20049109118109287,-0.24989068242263057,1
1493745066850.0,0.11307145566368473,0.19845447669850097,-0.24706941791586073,1
1493745091850.0,0.11196871448863638,0.19641786221590912,-0.2442481534090909,1
1493745116850.0,0.11086597331358802,0.19438124773331722,-0.2414268889023211,1
1493745141850.0,0.10976323213853967,0.19234463325072537,-0.23860562439555122,1
1493745166850.0,0.10866049096349131,0.19030801876813347,-0.23578435988878144,1
1493745191850.0,0.10755774978844296,0.18827140428554162,-0.23296309538201165,1
1493745216850.0,0.1064550086133946,0.18623478980294972,-0.23014183087524176,1
1493745241850.0,0.10535226743834625,0.18419817532035787,-0.22732056636847198,1
1493745266850.0,0.10424952626329789,0.18216156083776597,-0.22449930186170208,1
1493745291850.0,0.10314678508824954,0.18012494635517406,-0.2216780373549323,1
1493745316850.0,0.10204404391320118,0.17808833187258222,-0.21885677284816252,1
1493745341850.0,0.10094130273815283,0.17605171738999031,-0.21603550834139262,1
1493745366850.0,0.09983856156310447,0.17401510290739847,-0.21321424383462284,1
1493745391850.0,0.09873582038805612,0.17197848842480656,-0.21039297932785306,1
1493745416850.0,0.09763307921300776,0.16994187394221472,-0.20757171482108316,1
1493745441850.0,0.0965303380379594,0.1679052594596228,-0.20475045031431338,1
1493745466850.0,0.09542759686291105,0.16586864497703097,-0.2019291858075435,1
1493745491850.0,0.0943248556878627,0.16383203049443906,-0.1991079213007737,1
1493745516850.0,0.09322211451281434,0.16179541601184722,-0.19628665679400392,1
1493745541850.0,0.09211937333776599,0.1597588015292553,-0.19346539228723403,1
1493745566850.0,0.09101663216271763,0.15772218704666346,-0.19064412778046425,1
1493745591850.0,0.08991389098766928,0.15568557256407156,-0.18782286327369435,1
1493745616850.0,0.08881114981262092,0.15364895808147971,-0.18500159876692457,1
1493745641850.0,0.08770840863757257,0.1516123435988878,-0.18218033426015479,1
1493745666850.0,0.08660566746252421,0.14957572911629596,-0.1793590697533849,1
1493745691850.0,0.08550292628747586,0.14753911463370406,-0.1765378052466151,1
1493745716850.0,0.0844001851124275,0.1455025001511122,-0.17371654073984522,1
1493745741850.0,0.08329744393737915,0.1434658856685203,-0.17089527623307543,1
1493745766850.0,0.08219470276233079,0.14142927118592846,-0.16807401172630565,1
1493745791850.0,0.08109196158728244,0.13939265670333656,-0.16525274721953576,1
1493745816850.0,0.07998922041223408,0.1373560422207447,-0.16243148271276597,1
1493745841850.0,0.07888647923718572,0.1353194277381528,-0.1596102182059962,1
1493745866850.0,0.07778373806213737,0.13328281325556096,-0.1567889536992263,1
1493745891850.0,0.07668099688708901,0.13124619877296906,-0.1539676891924565,1
1493745916850.0,0.07557825571204066,0.1292095842903772,-0.15114642468568662,1
1493745941850.0,0.0744755145369923,0.1271729698077853,-0.14832516017891684,1
1493745966850.0,0.07337277336194395,0.1251363553251934,-0.14550389567214705,1
1493745991850.0,0.07227003218689557,0.12309974084260156,-0.14268263116537716,1
1493746016850.0,0.07116729101184721,0.12106312636000965,-0.13986136665860738,1
1493746041850.0,0.07006454983679886,0.1190265118774178,-0.13704010215183748,1
1493746066850.0,0.0689618086617505,0.1169898973948259,-0.1342188376450677,1
1493746091850.0,0.06785906748670215,0.11495328291223406,-0.13139757313829792,1
1493746116850.0,0.06675632631165379,0.11291666842964215,-0.12857630863152802,1
1493746141850.0,0.06565358513660544,0.1108800539470503,-0.12575504412475824,1
1493746166850.0,0.06455084396155708,0.1088434394644584,-0.12293377961798835,1
1493746191850.0,0.06344810278650873,0.10680682498186655,-0.12011251511121857,1
1493746216850.0,0.06234536161146037,0.10477021049927465,-0.11729125060444878,1
1493746241850.0,0.061242620436412015,0.1027335960166828,-0.11446998609767889,1
1493746266850.0,0.06013987926136366,0.1006969815340909,-0.1116487215909091,1
1493746291850.0,0.059037138086315305,0.09866036705149905,-0.10882745708413932,1
1493746316850.0,0.05793439691126695,0.09662375256890715,-0.10600619257736943,1
1493746341850.0,0.05683165573621862,0.0945871380863153,-0.10318492807059965,1
1493746366850.0,0.05572891456117024,0.0925505236037234,-0.10036366356382975,1
1493746391850.0,0.05462617338612191,0.09051390912113155,-0.09754239905705997,1
1493746416850.0,0.05352343221107353,0.08847729463853965,-0.09472113455029019,1
1493746441850.0,0.0524206910360252,0.0864406801559478,-0.0918998700435203,1
1493746466850.0,0.05131794986097682,0.0844040656733559,-0.08907860553675051,1
1493746491850.0,0.050215208685928436,0.08236745119076405,-0.08625734102998062,1
1493746516850.0,0.04911246751088011,0.08033083670817215,-0.08343607652321083,1
1493746541850.0,0.048009726335831726,0.0782942222255803,-0.08061481201644105,1
1493746566850.0,0.0469069851607834,0.0762576077429884,-0.07779354750967116,1
1493746591850.0,0.045804243985735016,0.0742209932603965,-0.07497228300290137,1
1493746616850.0,0.04470150281068669,0.07218437877780465,-0.07215101849613148,1
1493746641850.0,0.043598761635638306,0.07014776429521274,-0.0693297539893617,1
1493746666850.0,0.04249602046058998,0.0681111498126209,-0.06650848948259191,1
1493746691850.0,0.041393279285541595,0.066074535330029,-0.06368722497582202,1
1493746716850.0,0.04029053811049327,0.06403792084743715,-0.06086596046905224,1
1493746741850.0,0.039187796935444885,0.06200130636484524,-0.058044695962282455,1
1493746766850.0,0.03808505576039656,0.059964691882253396,-0.05522343145551256,1
1493746791850.0,0.036982314585348175,0.05792807739966155,-0.05240216694874278,1
1493746816850.0,0.03587957341029985,0.05589146291706959,-0.049580902441972885,1
1493746841850.0,0.034776832235251465,0.05385484843447774,-0.0467596379352031,1
1493746866850.0,0.03367409106020314,0.051818233951885895,-0.04393837342843332,1
1493746891850.0,0.032571349885154754,0.04978161946929405,-0.041117108921663426,1
1493746916850.0,0.03146860871010643,0.04774500498670209,-0.03829584441489364,1
1493746941850.0,0.030365867535058044,0.04570839050411024,-0.03547457990812375,1
1493746966850.0,0.029263126360009717,0.043671776021518394,-0.032653315401353966,1
1493746991850.0,0.028160385184961334,0.041635161538926546,-0.029832050894584183,1
1493747016850.0,0.027057644009913007,0.03959854705633459,-0.02701078638781429,1
1493747041850.0,0.025954902834864624,0.03756193257374274,-0.024189521881044507,1
1493747066850.0,0.024852161659816296,0.03552531809115089,-0.021368257374274613,1
1493747091850.0,0.023749420484767914,0.033488703608559045,-0.01854699286750483,1
1493747116850.0,0.022646679309719586,0.031452089125967087,-0.015725728360735047,1
1493747141850.0,0.021543938134671203,0.02941547464337524,-0.012904463853965153,1
1493747166850.0,0.020441196959622876,0.02737886016078339,-0.01008319934719537,1
1493747191850.0,0.019338455784574493,0.025342245678191544,-0.007261934840425588,1
1493747216850.0,0.018235714609526166,0.023305631195599585,-0.004440670333655694,1
1493747241850.0,0.017132973434477783,0.021269016713007738,-0.0016194058268859113,1
1493747266850.0,-0.0602,0.0174,0.0118,1
1493747291850.0,-0.013,0.0026,0.0437,1
1493747316850.0,0.0378,0.8244,-0.0789,1
1493747341850.0,-0.0121,0.0089,0.0003,1
1493747366850.0,0.0653,0.0101,-0.0151,1
1493747391850.0,0.0459,0.0258,-0.0011,1
1493747416850.0,0.0204,0.0244,-0.0138,1
1493747441850.0,0.0049,-0.0046,-0.0202,1
1493747466850.0,0.0415,-0.0115,-0.0615,1
1493747491850.0,0.1327,0.0372,0.0249,1
1493747516850.0,0.0196,0.0267,-0.0072,1
1493747541850.0,-0.3309,-0.0729,-0.173,1
1493747566850.0,-0.0242,0.0148,-0.0029,1
1493747591850.0,0.0248,0.0016,0.0159,1
1493747616850.0,0.0021,0.0065,-0.0034,1
1493747641850.0,0.131,-0.0909,-0.118,1
1493747666850.0,-0.1211,0.0317,-0.0067,1
1493747691850.0,0.0459,-0.16,-0.1828,1
1493747716850.0,-0.0751,0.04,0.0151,1
1493747741850.0,-0.0338,0.0719,0.0274,1
1493747766850.0,-0.0973,0.3293,-0.2785,1
1493747791850.0,0.0676,0.0302,0.0075,1
1493747816850.0,0.1529,0.2079,0.0643,1
1493747841850.0,-0.003,0.0038,-0.0029,1
1493747866850.0,0.0176,0.0169,0.0324,1
1493747891850.0,-0.0352,-0.2285,-0.0525,1
1493747916850.0,-0.0008,0.0059,0.0018,1
1493747941850.0,-0.0654,0.022,0.0097,1
1493747966850.0,-0.0105,0.0035,-0.1376,1
1493747991850.0,0.0166,-0.0469,-0.0771,1
1493748016850.0,-0.5572,0.7716,0.5193,1
1493748041850.0,-0.0654,0.0156,-0.0454,1
1493748066850.0,-0.0036,0.0062,-0.0208,1
1493748091850.0,0.0009,-0.0073,-0.0078,1
1493748116850.0,-0.11,-0.0033,-0.107,1
1493748141850.0,-0.0192,0.0032,0.0082,1
1493748166850.0,-0.0361,0.0013,-0.0057,1
1493748191850.0,-0.0729,-0.0011,0.0015,1
1493748216850.0,-0.1462,-0.313,-0.2919,1
1493748241850.0,0.098,0.0028,-0.0576,1
1493748266850.0,-0.3689,0.4017,-1.3365,1
1493748291850.0,-0.0947,-0.5139,-0.3693,1
1493748316850.0,-0.0347,0.0445,0.0672,1
1493748341850.0,-0.0163,0.2294,0.0715,1
1493748366850.0,0.0494,0.0172,0.0026,1
1493748391850.0,-0.0329,-0.0448,-0.114,1
1493748416850.0,-0.4149,-0.1333,-0.8247,1
1493748441850.0,-0.1376,0.6683,-0.0804,1
1493748466850.0,-0.6588,2.0908,-0.0649,1
1493748491850.0,-0.7211,0.1612,-0.0256,1
1493748516850.0,0.5183,-0.4136,-0.5756,1
1493748541850.0,-1.4895,3.1213,1.4391,1
1493748566850.0,-0.1073,0.7264,-0.6329,1
1493748591850.0,-0.5127,0.8795,-0.8056,1
1493748616850.0,0.11063227091633467,0.04837709163346614,-0.16517350597609565,1
1493748641850.0,-0.0136,0.0625,-0.1512,1
1493748666850.0,-0.0061,-0.0061,0.0011,1
1493748691850.0,-0.0062,0.0181,0.036,1
1493748716850.0,-0.1134,0.1039,-0.0338,1
1493748741850.0,-0.1005,-0.069,-0.0871,1
1493748766850.0,-0.002197677806932744,0.007999022234497997,0.0017880223726004696,1
1493748791850.0,-0.0021911179395111176,0.007996260185057313,0.0017541872669520784,1
1493748816850.0,-0.0021845580720894907,0.007993498135616627,0.0017203521613036873,1
1493748841850.0,-0.002177998204667864,0.007990736086175943,0.0016865170556552961,1
1493748866850.0,-0.002171438337246237,0.007987974036735257,0.001652681950006905,1
1493748891850.0,-0.00216487846982461,0.007985211987294573,0.001618846844358514,1
1493748916850.0,-0.002158318602402983,0.007982449937853887,0.001585011738710123,1
1493748941850.0,-0.0021517587349813563,0.007979687888413203,0.0015511766330617318,1
1493748966850.0,-0.0021451988675597294,0.007976925838972517,0.0015173415274133406,1
1493748991850.0,-0.0021386390001381025,0.007974163789531833,0.0014835064217649497,1
1493749016850.0,-0.0021320791327164757,0.007971401740091148,0.0014496713161165583,1
1493749041850.0,-0.0021255192652948488,0.007968639690650463,0.0014158362104681674,1
1493749066850.0,-0.002118959397873222,0.007965877641209778,0.0013820011048197762,1
1493749091850.0,-0.002112399530451595,0.007963115591769094,0.001348165999171385,1
1493749116850.0,-0.0021058396630299686,0.007960353542328408,0.001314330893522994,1
1493749141850.0,-0.0020992797956083417,0.007957591492887724,0.0012804957878746028,1
1493749166850.0,-0.002092719928186715,0.007954829443447038,0.0012466606822262119,1
1493749191850.0,-0.002086160060765088,0.007952067394006352,0.0012128255765778207,1
1493749216850.0,-0.002079600193343461,0.007949305344565668,0.0011789904709294296,1
1493749241850.0,-0.002073040325921834,0.007946543295124982,0.0011451553652810386,1
1493749266850.0,-0.0020664804585002073,0.007943781245684298,0.0011113202596326473,1
1493749291850.0,-0.0020599205910785804,0.007941019196243612,0.0010774851539842563,1
1493749316850.0,-0.0020533607236569535,0.007938257146802928,0.0010436500483358652,1
1493749341850.0,-0.0020468008562353267,0.007935495097362242,0.001009814942687474,1
1493749366850.0,-0.0020402409888136998,0.007932733047921558,0.000975979837039083,1
1493749391850.0,-0.002033681121392073,0.007929970998480872,0.0009421447313906918,1
1493749416850.0,-0.002027121253970446,0.007927208949040188,0.0009083096257423007,1
1493749441850.0,-0.0020205613865488196,0.007924446899599502,0.0008744745200939096,1
1493749466850.0,-0.0020140015191271927,0.007921684850158818,0.0008406394144455185,1
1493749491850.0,-0.002007441651705566,0.007918922800718133,0.0008068043087971273,1
1493749516850.0,-0.002000881784283939,0.007916160751277448,0.0007729692031487362,1
1493749541850.0,-0.001994321916862312,0.007913398701836763,0.0007391340975003453,1
1493749566850.0,-0.001987762049440685,0.007910636652396079,0.0007052989918519541,1
1493749591850.0,-0.0019812021820190583,0.007907874602955393,0.000671463886203563,1
1493749616850.0,-0.0019746423145974314,0.007905112553514709,0.0006376287805551718,1
1493749641850.0,-0.0019680824471758045,0.007902350504074023,0.0006037936749067807,1
1493749666850.0,-0.0019615225797541777,0.007899588454633339,0.0005699585692583897,1
1493749691850.0,-0.0019549627123325508,0.007896826405192653,0.0005361234636099986,1
1493749716850.0,-0.001948402844910924,0.007894064355751969,0.0005022883579616074,1
1493749741850.0,-0.0019418429774892972,0.007891302306311283,0.0004684532523132163,1
1493749766850.0,-0.0019352831100676704,0.007888540256870599,0.00043461814666482515,1
1493749791850.0,-0.0019287232426460435,0.007885778207429913,0.0004007830410164342,1
1493749816850.0,-0.0019221633752244166,0.007883016157989229,0.00036694793536804307,1
1493749841850.0,-0.0019156035078027897,0.007880254108548543,0.0003331128297196519,1
1493749866850.0,-0.001909043640381163,0.007877492059107857,0.00029927772407126077,1
1493749891850.0,-0.0019024837729595362,0.007874730009667173,0.0002654426184228696,1
1493749916850.0,-0.0018959239055379093,0.007871967960226487,0.0002316075127744787,1
1493749941850.0,-0.0018893640381162824,0.007869205910785803,0.00019777240712608754,1
1493749966850.0,-0.0018828041706946555,0.007866443861345117,0.0001639373014776964,1
1493749991850.0,-0.0018762443032730287,0.007863681811904433,0.00013010219582930524,1
1493750016850.0,-0.0018696844358514018,0.007860919762463748,9.626709018091409e-05,1
1493750041850.0,-0.001863124568429775,0.007858157713023063,6.243198453252316e-05,1
1493750066850.0,-0.0018565647010081482,0.007855395663582378,2.859687888413201e-05,1
1493750091850.0,-0.0018500048335865214,0.007852633614141694,-5.238226764259137e-06,1
1493750116850.0,-0.0018434449661648945,0.007849871564701008,-3.9073332412650286e-05,1
1493750141850.0,-0.0018368850987432676,0.007847109515260324,-7.290843806104143e-05,1
1493750166850.0,-0.0018303252313216407,0.007844347465819638,-0.00010674354370943237,1
1493750191850.0,-0.001823765363900014,0.007841585416378954,-0.00014057864935782352,1
1493750216850.0,-0.0018172054964783872,0.007838823366938268,-0.00017441375500621466,1
1493750241850.0,-0.0018106456290567603,0.007836061317497584,-0.0002082488606546056,1
1493750266850.0,-0.0018040857616351334,0.007833299268056898,-0.00024208396630299696,1
1493750291850.0,-0.0017975258942135065,0.007830537218616214,-0.0002759190719513879,1
1493750316850.0,-0.0017909660267918797,0.007827775169175528,-0.00030975417759977926,1
1493750341850.0,-0.0017844061593702528,0.007825013119734844,-0.0003435892832481702,1
1493750366850.0,-0.001777846291948626,0.007822251070294158,-0.0003774243888965611,1
1493750391850.0,-0.0017712864245269992,0.007819489020853474,-0.0004112594945449525,1
1493750416850.0,-0.0017647265571053723,0.007816726971412788,-0.0004450946001933434,1
1493750441850.0,-0.0017581666896837455,0.007813964921972104,-0.0004789297058417348,1
1493750466850.0,-0.0017516068222621186,0.007811202872531418,-0.0005127648114901257,1
1493750491850.0,-0.0017450469548404917,0.007808440823090733,-0.0005465999171385167,1
1493750516850.0,-0.001738487087418865,0.0078056787736500485,-0.000580435022786908,1
1493750541850.0,-0.0017319272199972382,0.0078029167242093635,-0.000614270128435299,1
1493750566850.0,-0.0017253673525756113,0.0078001546747686785,-0.0006481052340836903,1
1493750591850.0,-0.0017188074851539844,0.007797392625327994,-0.0006819403397320812,1
1493750616850.0,-0.0017122476177323575,0.007794630575887309,-0.0007157754453804722,1
1493750641850.0,-0.0017056877503107306,0.007791868526446624,-0.0007496105510288635,1
1493750666850.0,-0.0016991278828891038,0.007789106477005939,-0.0007834456566772545,1
1493750691850.0,-0.0016925680154674769,0.007786344427565254,-0.0008172807623256458,1
1493750716850.0,-0.00168600814804585,0.007783582378124569,-0.0008511158679740368,1
1493750741850.0,-0.0016794482806242231,0.007780820328683884,-0.0008849509736224277,1
1493750766850.0,-0.0016728884132025965,0.007778058279243199,-0.0009187860792708191,1
1493750791850.0,-0.0016663285457809696,0.007775296229802514,-0.00095262118491921,1
1493750816850.0,-0.0016597686783593427,0.007772534180361829,-0.0009864562905676014,1
1493750841850.0,-0.001653208810937716,0.007769772130921143,-0.0010202913962159923,1
1493750866850.0,-0.0016466489435160892,0.007767010081480458,-0.0010541265018643832,1
1493750891850.0,-0.0016400890760944623,0.007764248032039773,-0.0010879616075127746,1
1493750916850.0,-0.0016335292086728354,0.007761485982599088,-0.0011217967131611655,1
1493750941850.0,-0.0016269693412512085,0.007758723933158403,-0.001155631818809557,1
1493750966850.0,-0.0016204094738295816,0.007755961883717718,-0.0011894669244579478,1
1493750991850.0,-0.0016138496064079548,0.007753199834277033,-0.0012233020301063392,1
1493751016850.0,-0.0016072897389863279,0.0077504377848363485,-0.0012571371357547301,1
1493751041850.0,-0.001600729871564701,0.0077476757353956635,-0.001290972241403121,1
1493751066850.0,-0.0015941700041430741,0.0077449136859549786,-0.0013248073470515124,1
1493751091850.0,-0.0015876101367214475,0.007742151636514294,-0.0013586424526999034,1
1493751116850.0,-0.0015810502692998206,0.007739389587073609,-0.0013924775583482947,1
1493751141850.0,-0.0015744904018781937,0.007736627537632924,-0.0014263126639966857,1
1493751166850.0,-0.001567930534456567,0.007733865488192239,-0.0014601477696450766,1
1493751191850.0,-0.0015613706670349402,0.007731103438751554,-0.001493982875293468,1
1493751216850.0,-0.0015548107996133133,0.007728341389310869,-0.0015278179809418589,1
1493751241850.0,-0.0015482509321916864,0.007725579339870184,-0.0015616530865902502,1
1493751266850.0,-0.0015416910647700595,0.007722817290429499,-0.0015954881922386412,1
1493751291850.0,-0.0015351311973484326,0.007720055240988814,-0.0016293232978870321,1
1493751316850.0,-0.0015285713299268058,0.007717293191548129,-0.0016631584035354235,1
1493751341850.0,-0.0015220114625051789,0.007714531142107444,-0.0016969935091838144,1
1493751366850.0,-0.001515451595083552,0.007711769092666759,-0.0017308286148322058,1
1493751391850.0,-0.0015088917276619251,0.007709007043226074,-0.0017646637204805967,1
1493751416850.0,-0.0015023318602402985,0.007706244993785389,-0.0017984988261289876,1
1493751441850.0,-0.0014957719928186716,0.007703482944344704,-0.001832333931777379,1
1493751466850.0,-0.0014892121253970447,0.007700720894904018,-0.00186616903742577,1
1493751491850.0,-0.0014826522579754178,0.007697958845463333,-0.0019000041430741613,1
1493751516850.0,-0.0014760923905537912,0.0076951967960226485,-0.0019338392487225522,1
1493751541850.0,-0.0014695325231321643,0.0076924347465819635,-0.001967674354370943,1
1493751566850.0,-0.0014629726557105374,0.0076896726971412786,-0.0020015094600193345,1
1493751591850.0,-0.0014564127882889105,0.007686910647700594,-0.0020353445656677255,1
1493751616850.0,-0.0014498529208672836,0.007684148598259909,-0.002069179671316117,1
1493751641850.0,-0.0014432930534456568,0.007681386548819224,-0.0021030147769645078,1
1493751666850.0,-0.0014367331860240299,0.007678624499378539,-0.0021368498826128987,1
1493751691850.0,-0.001430173318602403,0.007675862449937854,-0.00217068498826129,1
1493751716850.0,-0.0014236134511807761,0.007673100400497169,-0.0022045200939096814,1
1493751741850.0,-0.0014170535837591492,0.007670338351056484,-0.002238355199558072,1
1493751766850.0,-0.0014104937163375226,0.007667576301615799,-0.0022721903052064633,1
1493751791850.0,-0.0014039338489158957,0.007664814252175114,-0.0023060254108548547,1
1493751816850.0,-0.0013973739814942688,0.007662052202734429,-0.002339860516503245,1
1493751841850.0,-0.0013908141140726422,0.007659290153293744,-0.0023736956221516365,1
1493751866850.0,-0.0013842542466510153,0.007656528103853059,-0.002407530727800028,1
1493751891850.0,-0.0013776943792293884,0.007653766054412374,-0.0024413658334484184,1
1493751916850.0,-0.0013711345118077615,0.007651004004971689,-0.0024752009390968097,1
1493751941850.0,-0.0013645746443861346,0.007648241955531004,-0.002509036044745201,1
1493751966850.0,-0.0013580147769645078,0.007645479906090319,-0.0025428711503935925,1
1493751991850.0,-0.0013514549095428809,0.007642717856649634,-0.002576706256041983,1
1493752016850.0,-0.001344895042121254,0.007639955807208949,-0.0026105413616903743,1
1493752041850.0,-0.0013383351746996271,0.007637193757768264,-0.0026443764673387657,1
1493752066850.0,-0.0013317753072780002,0.007634431708327579,-0.002678211572987156,1
1493752091850.0,-0.0013252154398563736,0.0076316696588868945,-0.0027120466786355476,1
1493752116850.0,-0.0013186555724347467,0.0076289076094462095,-0.002745881784283939,1
1493752141850.0,-0.0013120957050131198,0.007626145560005524,-0.0027797168899323303,1
1493752166850.0,-0.001305535837591493,0.007623383510564839,-0.002813551995580721,1
1493752191850.0,-0.0012989759701698663,0.007620621461124154,-0.002847387101229112,1
1493752216850.0,-0.0012924161027482394,0.007617859411683469,-0.0028812222068775035,1
1493752241850.0,-0.0012858562353266125,0.007615097362242784,-0.002915057312525894,1
1493752266850.0,-0.0012792963679049856,0.007612335312802099,-0.0029488924181742854,1
1493752291850.0,-0.0012727365004833588,0.007609573263361414,-0.0029827275238226768,1
1493752316850.0,-0.0012661766330617319,0.007606811213920729,-0.0030165626294710673,1
1493752341850.0,-0.001259616765640105,0.007604049164480044,-0.0030503977351194586,1
1493752366850.0,-0.0012530568982184781,0.007601287115039359,-0.00308423284076785,1
1493752391850.0,-0.0012464970307968512,0.007598525065598674,-0.0031180679464162414,1
1493752416850.0,-0.0012399371633752244,0.007595763016157989,-0.003151903052064632,1
1493752441850.0,-0.0012333772959535977,0.007593000966717304,-0.0031857381577130232,1
1493752466850.0,-0.0012268174285319708,0.007590238917276619,-0.0032195732633614146,1
1493752491850.0,-0.001220257561110344,0.007587476867835934,-0.003253408369009805,1
1493752516850.0,-0.001213697693688717,0.007584714818395249,-0.0032872434746581965,1
1493752541850.0,-0.0012071378262670902,0.007581952768954564,-0.003321078580306588,1
1493752566850.0,-0.0012005779588454635,0.0075791907195138794,-0.0033549136859549783,1
1493752591850.0,-0.0011940180914238366,0.0075764286700731945,-0.0033887487916033697,1
1493752616850.0,-0.0011874582240022098,0.0075736666206325095,-0.003422583897251761,1
1493752641850.0,-0.0011808983565805829,0.007570904571191825,-0.0034564190029001524,1
1493752666850.0,-0.001174338489158956,0.00756814252175114,-0.003490254108548543,1
1493752691850.0,-0.0011677786217373291,0.007565380472310455,-0.0035240892141969343,1
1493752716850.0,-0.0011612187543157025,0.00756261842286977,-0.0035579243198453256,1
1493752741850.0,-0.0011546588868940756,0.007559856373429085,-0.003591759425493716,1
1493752766850.0,-0.0011480990194724487,0.007557094323988399,-0.0036255945311421075,1
1493752791850.0,-0.0011415391520508218,0.007554332274547715,-0.003659429636790499,1
1493752816850.0,-0.001134979284629195,0.007551570225107029,-0.0036932647424388894,1
1493752841850.0,-0.001128419417207568,0.007548808175666344,-0.0037270998480872807,1
1493752866850.0,-0.0011218595497859412,0.007546046126225659,-0.003760934953735672,1
1493752891850.0,-0.0011152996823643145,0.007543284076784974,-0.0037947700593840635,1
1493752916850.0,-0.0011087398149426876,0.007540522027344289,-0.003828605165032454,1
1493752941850.0,-0.0011021799475210608,0.007537759977903604,-0.0038624402706808453,1
1493752966850.0,-0.0010956200800994339,0.007534997928462919,-0.0038962753763292367,1
1493752991850.0,-0.001089060212677807,0.007532235879022234,-0.003930110481977627,1
1493753016850.0,-0.0010825003452561801,0.007529473829581549,-0.003963945587626019,1
1493753041850.0,-0.0010759404778345532,0.007526711780140864,-0.0039977806932744095,1
1493753066850.0,-0.0010693806104129266,0.0075239497307001794,-0.0040316157989228,1
1493753091850.0,-0.0010628207429912997,0.0075211876812594945,-0.004065450904571192,1
1493753116850.0,-0.0010562608755696728,0.0075184256318188095,-0.004099286010219583,1
1493753141850.0,-0.001049701008148046,0.007515663582378125,-0.004133121115867975,1
1493753166850.0,-0.001043141140726419,0.00751290153293744,-0.0041669562215163655,1
1493753191850.0,-0.0010365812733047922,0.007510139483496755,-0.004200791327164756,1
1493753216850.0,-0.0010300214058831655,0.00750737743405607,-0.004234626432813148,1
1493753241850.0,-0.0010234615384615386,0.007504615384615385,-0.004268461538461539,1
1493753266850.0,-0.0010169016710399117,0.0075018533351747,-0.004302296644109929,1
1493753291850.0,-0.0010103418036182849,0.007499091285734015,-0.004336131749758321,1
1493753316850.0,-0.001003781936196658,0.00749632923629333,-0.004369966855406712,1
1493753341850.0,-0.000997222068775031,0.007493567186852645,-0.004403801961055102,1
1493753366850.0,-0.0009906622013534042,0.00749080513741196,-0.004437637066703495,1
1493753391850.0,-0.0009841023339317776,0.007488043087971275,-0.004471472172351885,1
1493753416850.0,-0.0009775424665101507,0.00748528103853059,-0.004505307278000276,1
1493753441850.0,-0.0009709825990885238,0.007482518989089904,-0.004539142383648668,1
1493753466850.0,-0.0009644227316668969,0.00747975693964922,-0.004572977489297058,1
1493753491850.0,-0.00095786286424527,0.007476994890208534,-0.004606812594945449,1
1493753516850.0,-0.0009513029968236432,0.007474232840767849,-0.004640647700593841,1
1493753541850.0,-0.0009447431294020163,0.007471470791327164,-0.004674482806242232,1
1493753566850.0,-0.0009381832619803896,0.0074687087418864795,-0.004708317911890622,1
1493753591850.0,-0.0009316233945587627,0.0074659466924457945,-0.004742153017539014,1
1493753616850.0,-0.0009250635271371359,0.0074631846430051095,-0.004775988123187405,1
1493753641850.0,-0.000918503659715509,0.007460422593564425,-0.004809823228835797,1
1493753666850.0,-0.0009119437922938821,0.00745766054412374,-0.0048436583344841876,1
1493753691850.0,-0.0009053839248722552,0.007454898494683055,-0.004877493440132578,1
1493753716850.0,-0.0008988240574506286,0.00745213644524237,-0.00491132854578097,1
1493753741850.0,-0.0008922641900290017,0.007449374395801685,-0.004945163651429361,1
1493753766850.0,-0.0008857043226073748,0.007446612346361,-0.004978998757077751,1
1493753791850.0,-0.0008791444551857479,0.007443850296920315,-0.0050128338627261435,1
1493753816850.0,-0.000872584587764121,0.00744108824747963,-0.005046668968374534,1
1493753841850.0,-0.0008660247203424942,0.007438326198038945,-0.0050805040740229245,1
1493753866850.0,-0.0008594648529208673,0.00743556414859826,-0.005114339179671317,1
1493753891850.0,-0.0008529049854992406,0.007432802099157575,-0.005148174285319707,1
1493753916850.0,-0.0008463451180776137,0.00743004004971689,-0.005182009390968098,1
1493753941850.0,-0.0008397852506559869,0.007427278000276205,-0.00521584449661649,1
1493753966850.0,-0.00083322538323436,0.00742451595083552,-0.0052496796022648805,1
1493753991850.0,-0.0008266655158127331,0.007421753901394835,-0.005283514707913271,1
1493754016850.0,-0.0008201056483911062,0.00741899185195415,-0.005317349813561663,1
1493754041850.0,-0.0008135457809694793,0.007416229802513465,-0.005351184919210054,1
1493754066850.0,-0.0008069859135478527,0.0074134677530727795,-0.005385020024858446,1
1493754091850.0,-0.0008004260461262258,0.007410705703632095,-0.0054188551305068364,1
1493754116850.0,-0.0007938661787045989,0.0074079436541914095,-0.005452690236155227,1
1493754141850.0,-0.000787306311282972,0.007405181604750725,-0.005486525341803619,1
1493754166850.0,-0.0007807464438613452,0.00740241955531004,-0.00552036044745201,1
1493754191850.0,-0.0007741865764397183,0.007399657505869355,-0.0055541955531004,1
1493754216850.0,-0.0007676267090180914,0.00739689545642867,-0.005588030658748792,1
1493754241850.0,-0.0007610668415964647,0.007394133406987985,-0.005621865764397183,1
1493754266850.0,-0.0007545069741748379,0.0073913713575473,-0.005655700870045573,1
1493754291850.0,-0.000747947106753211,0.007388609308106615,-0.005689535975693966,1
1493754316850.0,-0.0007413872393315841,0.00738584725866593,-0.005723371081342356,1
1493754341850.0,-0.0007348273719099572,0.007383085209225245,-0.005757206186990747,1
1493754366850.0,-0.0007282675044883303,0.00738032315978456,-0.005791041292639139,1
1493754391850.0,-0.0007217076370667037,0.007377561110343875,-0.005824876398287529,1
1493754416850.0,-0.0007151477696450768,0.00737479906090319,-0.00585871150393592,1
1493754441850.0,-0.0007085879022234499,0.007372037011462505,-0.005892546609584312,1
1493754466850.0,-0.000702028034801823,0.00736927496202182,-0.005926381715232703,1
1493754491850.0,-0.0006954681673801962,0.007366512912581135,-0.005960216820881093,1
1493754516850.0,-0.0006889082999585693,0.00736375086314045,-0.005994051926529485,1
1493754541850.0,-0.0006823484325369424,0.007360988813699765,-0.006027887032177876,1
1493754566850.0,-0.0006757885651153157,0.00735822676425908,-0.006061722137826268,1
1493754591850.0,-0.0006692286976936889,0.007355464714818395,-0.0060955572434746585,1
1493754616850.0,-0.000662668830272062,0.00735270266537771,-0.006129392349123049,1
1493754641850.0,-0.0006561089628504351,0.0073499406159370255,-0.006163227454771441,1
1493754666850.0,-0.0006495490954288082,0.0073471785664963405,-0.006197062560419832,1
1493754691850.0,-0.0006429892280071813,0.0073444165170556555,-0.006230897666068224,1
1493754716850.0,-0.0006364293605855545,0.007341654467614971,-0.0062647327717166145,1
1493754741850.0,-0.0006298694931639278,0.007338892418174285,-0.006298567877365005,1
1493754766850.0,-0.0006233096257423009,0.007336130368733601,-0.006332402983013397,1
1493754791850.0,-0.000616749758320674,0.007333368319292915,-0.006366238088661788,1
1493754816850.0,-0.0006101898908990472,0.00733060626985223,-0.006400073194310178,1
1493754841850.0,-0.0006036300234774203,0.007327844220411545,-0.0064339082999585705,1
1493754866850.0,-0.0005970701560557934,0.00732508217097086,-0.006467743405606961,1
1493754891850.0,-0.0005905102886341667,0.007322320121530175,-0.0065015785112553515,1
1493754916850.0,-0.0005839504212125399,0.00731955807208949,-0.006535413616903744,1
1493754941850.0,-0.000577390553790913,0.007316796022648805,-0.006569248722552134,1
1493754966850.0,-0.0005708306863692861,0.00731403397320812,-0.006603083828200525,1
1493754991850.0,-0.0005642708189476592,0.007311271923767435,-0.006636918933848917,1
1493755016850.0,-0.0005577109515260323,0.00730850987432675,-0.006670754039497307,1
1493755041850.0,-0.0005511510841044055,0.007305747824886065,-0.006704589145145698,1
1493755066850.0,-0.0005445912166827788,0.00730298577544538,-0.00673842425079409,1
1493755091850.0,-0.0005380313492611519,0.007300223726004695,-0.006772259356442481,1
1493755116850.0,-0.000531471481839525,0.00729746167656401,-0.006806094462090871,1
1493755141850.0,-0.0005249116144178982,0.0072946996271233255,-0.006839929567739263,1
1493755166850.0,-0.0005183517469962713,0.0072919375776826405,-0.006873764673387654,1
1493755191850.0,-0.0005117918795746444,0.0072891755282419556,-0.006907599779036046,1
1493755216850.0,-0.0005052320121530175,0.007286413478801271,-0.006941434884684437,1
1493755241850.0,-0.0004986721447313909,0.007283651429360586,-0.006975269990332827,1
1493755266850.0,-0.000492112277309764,0.007280889379919901,-0.007009105095981219,1
1493755291850.0,-0.0004855524098881371,0.007278127330479216,-0.00704294020162961,1
1493755316850.0,-0.0004789925424665102,0.007275365281038531,-0.007076775307278,1
1493755341850.0,-0.00047243267504488333,0.007272603231597846,-0.007110610412926393,1
1493755366850.0,-0.00046587280762325645,0.00726984118215716,-0.007144445518574783,1
1493755391850.0,-0.0004593129402016298,0.007267079132716476,-0.007178280624223174,1
1493755416850.0,-0.0004527530727800029,0.00726431708327579,-0.007212115729871566,1
1493755441850.0,-0.00044619320535837603,0.007261555033835106,-0.007245950835519956,1
1493755466850.0,-0.00043963333793674915,0.00725879298439442,-0.007279785941168347,1
1493755491850.0,-0.00043307347051512227,0.007256030934953735,-0.007313621046816739,1
1493755516850.0,-0.0004265136030934954,0.00725326888551305,-0.0073474561524651295,1
1493755541850.0,-0.0004199537356718685,0.007250506836072365,-0.00738129125811352,1
1493755566850.0,-0.00041339386825024185,0.00724774478663168,-0.007415126363761912,1
1493755591850.0,-0.00040683400082861497,0.007244982737190995,-0.007448961469410303,1
1493755616850.0,-0.0004002741334069881,0.00724222068775031,-0.007482796575058693,1
1493755641850.0,-0.0003937142659853612,0.0072394586383096255,-0.0075166316807070855,1
1493755666850.0,-0.00038715439856373433,0.0072366965888689405,-0.007550466786355476,1
1493755691850.0,-0.00038059453114210745,0.0072339345394282556,-0.007584301892003868,1
1493755716850.0,-0.00037403466372048057,0.007231172489987571,-0.007618136997652259,1
1493755741850.0,-0.0003674747962988539,0.007228410440546886,-0.007651972103300649,1
1493755766850.0,-0.00036091492887722703,0.007225648391106201,-0.0076858072089490415,1
1493755791850.0,-0.00035435506145560015,0.007222886341665516,-0.007719642314597432,1
1493755816850.0,-0.00034779519403397327,0.007220124292224831,-0.0077534774202458225,1
1493755841850.0,-0.0003412353266123464,0.007217362242784146,-0.007787312525894215,1
1493755866850.0,-0.0003346754591907195,0.007214600193343461,-0.007821147631542605,1
1493755891850.0,-0.00032811559176909285,0.007211838143902776,-0.007854982737190996,1
1493755916850.0,-0.00032155572434746597,0.007209076094462091,-0.007888817842839388,1
1493755941850.0,-0.0003149958569258391,0.007206314045021406,-0.007922652948487778,1
1493755966850.0,-0.0003084359895042122,0.007203551995580721,-0.007956488054136169,1
1493755991850.0,-0.00030187612208258533,0.007200789946140036,-0.007990323159784561,1
1493756016850.0,-0.0835,0.0162,0.015,1
1493756041850.0,-0.0832,0.0001,-0.1085,1
1493756066850.0,0.013527145708582836,0.01987057884231537,0.03105461077844313,1
1493756091850.0,0.008537125748502994,0.016896526946107784,0.022192335329341353,1
1493756116850.0,0.003547105788423153,0.0139224750499002,0.013330059880239574,1
1493756141850.0,-0.0014429141716566889,0.010948423153692615,0.0044677844311377946,1
1493756166850.0,-0.006432934131736529,0.00797437125748503,-0.004394491017963985,1
1493756191850.0,0.0134,0.0041,-0.0126,1
1493756216850.0,0.0188,0.0083,-0.0047,1
1493756241850.0,0.0038,0.0011,-0.01,1
1493756266850.0,-0.0241,0.0364,-0.018,1
1493756291850.0,0.0695,-0.0705,0.0366,1
1493756316850.0,0.124,-0.1661,-0.1261,1
1493756341850.0,0.4949,0.4785,-0.7148,1
1493756366850.0,0.0241,-0.0157,-0.0022,1
1493756391850.0,-0.0054,0.0262,0.0505,1
1493756416850.0,-0.7716,0.4628,-0.1035,1
1493756441850.0,0.0032,-0.0028,-0.0026,1
1493756466850.0,0.1244,-0.0666,-0.0776,1
1493756491850.0,0.0049,0.0064,0.0019,1
1493756516850.0,-0.0118,0.0033,-0.0059,1
1493756541850.0,0.001,0.0013,-0.0005,1
1493756566850.0,0.0096,0.0005,-0.0005,1
1493756591850.0,0.0012,0.0052,-0.0034,1
1493756616850.0,0.0097,-0.0031,0.0123,1
1493756641850.0,-0.0894,-0.0799,-0.0411,1
1493756666850.0,-0.1677,0.0776,0.0751,1
1493756691850.0,0.0249,-0.09,-0.0347,1
1493756716850.0,0.1139,-0.0348,0.022,1
1493756741850.0,0.0657,-0.02,-0.0063,1
1493756766850.0,-0.0388,0.0236,0.0101,1
1493756791850.0,0.0596,0.4572,0.0895,1
1493756816850.0,-0.1689,-0.0986,0.0134,1
1493756841850.0,0.0581,0.0247,-0.0552,1
1493756866850.0,0.0357,-0.0032,0.0082,1
1493756891850.0,0.0017,-0.0144,-0.0074,1
1493756916850.0,-0.1216,-0.3720000000000001,-0.2256,1
1493756941850.0,0.0069999999999999,0.0109,-0.0194,1
1493756966850.0,-0.0018,0.0069,-0.0167,1
1493756991850.0,-0.0866,0.0946,-0.0204,1
1493757016850.0,-0.0528,-0.0084,-0.0535,1
1493757041850.0,0.055,0.1998,0.0523,1
1493757066850.0,0.0018,0.019,0.015,1
1493757091850.0,-0.0167,-0.0062,-0.024,1
1493757116850.0,0.411,0.0435,0.0091,1
1493757141850.0,-0.0149,-0.0031,0.0254,1
1493757166850.0,-0.0113,0.016,0.0272,1
1493757191850.0,0.0565,0.0026,-0.048,1
1493757216850.0,-0.0578,-0.2471,-0.1589,1
1493757241850.0,-0.0069999999999999,-0.0194,-0.0231,1
1493757266850.0,0.0329,-0.0076,-0.0196,1
1493757291850.0,0.0056,-0.0016,-0.0065,1
1493757316850.0,0.03,-0.0271,-0.0484,1
1493757341850.0,-0.0231,0.0205,-0.1124,1
1493757366850.0,-0.0364,0.0232,0.0253,1
1493757391850.0,0.0025,0.0829,0.0832,1
1493757416850.0,0.0082,0.0019,0.0028,1
1493757441850.0,0.0102,0.0225,-0.009,1
1493757466850.0,-0.0696,0.056,-0.1651,1
1493757491850.0,0.1557,0.3438,0.2183,1
1493757516850.0,-1.3639,-0.1177,0.1488,1
1493757541850.0,-0.8002,-0.7405,0.2858,1
1493757566850.0,0.1519,0.1484,-0.3486,1
1493757591850.0,0.1242,0.3552,0.3796,1
1493757616850.0,0.0014274900398406343,-0.026447011952191235,-0.023033067729083666,1
1493757641850.0,-0.119,-0.0631,0.1075,1
1493757666850.0,-0.0293,-0.0278,0.0004,1
1493757691850.0,-0.0351,-0.0046,0.0167,1
1493757716850.0,-0.0206,-0.0053,-0.0063,1
1493757741850.0,0.0373,-0.0085,-0.0178,1
1493757766850.0,-0.0864,-0.0652,0.0698,1
1493757791850.0,0.0223,-0.0035,0.0034,1
1493757816850.0,0.0072,-0.0036,0.0044,1
1493757841850.0,0.07,0.0081,-0.2273,1
1493757866850.0,0.1228,0.6759,-0.1899,1
1493757891850.0,0.3778,0.1329,0.448,1
1493757916850.0,-1.5882,-0.8009,-0.6814,1
1493757941850.0,-0.127,0.1615,0.172,1
1493757966850.0,-0.5989,-0.7923,0.0841,1
1493757991850.0,0.3337,-0.1532,-0.2068,1
1493758016850.0,-0.4536,-0.5802,0.5968,1
1493758041850.0,-0.2794,0.0539,0.0474,1
1493758066850.0,0.0003,-0.0059,0.003,1
1493758091850.0,0.2678,0.3525,-0.1135,1
1493758116850.0,-0.0018,-0.0016,-0.0069,1
1493758141850.0,0.0119,-0.0038,-0.0109,1
1493758166850.0,-0.0019,0.0012,-0.0102,1
1493758191850.0,0.0002,0.0005,-0.0042,1
1493758216850.0,-0.0219,0.0127,-0.0157,1
1493758241850.0,-0.0029,-0.0028,0.0023,1
1493758266850.0,-0.0759,-0.0076,-0.0993,1
1493758291850.0,0.0055,-0.019,-0.0058,1
1493758316850.0,-0.0994,0.0623,-0.12,1
1493758341850.0,-0.005,-0.001,0.0051,1
1493758366850.0,0.0002,-0.0003,-0.0073,1
1493758391850.0,-0.0072,0.015,0.0058,1
1493758416850.0,0.0108,-0.0108,-0.0078,1
1493758441850.0,-0.002,-0.0016,-0.009,1
1493758466850.0,0.0008,-0.002,-0.0058,1
1493758491850.0,-0.0006,0.0024,-0.0064,1
1493758516850.0,-0.0012,0.0006,0.012,1
1493758541850.0,-0.0235,0.0143,0.0032,1
1493758566850.0,0.0023,-0.0052,-0.0063,1
1493758591850.0,0.0004,0.0,-0.0105,1
1493758616850.0,0.0025,0.0009,-0.0095,1
1493758641850.0,0.0004,0.0093,-0.0082,1
1493758666850.0,-0.0164,-0.0103,-0.0272,1
1493758691850.0,-0.0135,0.012,0.0015,1
1493758716850.0,0.002,0.0042,0.0026,1
1493758741850.0,-0.0013,0.0048,-0.0114,1
1493758766850.0,-0.0012,0.001,-0.0124,1
1493758791850.0,0.0016,0.0044,0.0005,1
1493758816850.0,-0.0059,0.0025,-0.0127,1
1493758841850.0,-0.0008,0.0034,-0.0155,1
1493758866850.0,-0.0012,0.01,0.0101,1
1493758891850.0,0.0022,0.0019,-0.0149,1
1493758916850.0,-0.0139,0.0025,-0.0168,1
1493758941850.0,-0.0054,-0.0002,-0.0292,1
1493758966850.0,0.0032,-0.0031,-0.0032,1
1493758991850.0,0.0005,-0.0015,-0.0095,1
1493759016850.0,0.0045,-0.003,-0.0154,1
1493759041850.0,0.0088,0.0042,-0.0183,1
1493759066850.0,-0.0024,-0.0008,-0.013,1
1493759091850.0,0.0022,0.0008,-0.0141,1
1493759116850.0,-0.0037,-0.0032,-0.0138,1
1493759141850.0,-0.0,0.0006,-0.0161,1
1493759166850.0,0.0091,0.0073,-0.0127,1
1493759191850.0,-0.0034,-0.0032,-0.0143,1
1493759216850.0,0.0031,0.0011,-0.017,1
1493759241850.0,0.0123,0.0085,-0.0086,1
1493759266850.0,-0.0079,0.0001,-0.0076,1
1493759291850.0,-0.0125,-0.0501,-0.0408,1
1493759316850.0,0.021,0.0189,0.004,1
1493759341850.0,-0.0192,0.0553,-0.1289,1
1493759366850.0,-0.0003,-0.0007,-0.0122,1
1493759391850.0,-0.0028,0.0254,0.0201,1
1493759416850.0,-0.1373,-0.2028,-0.1863,1
1493759441850.0,0.0084,-0.0071,0.0038,1
1493759466850.0,0.0042,0.011,0.0181,1
1493759491850.0,-0.0004,0.0033,0.0022,1
1493759516850.0,-0.0184,-0.0087,0.0186,1
1493759541850.0,0.0004,0.004,0.0011,1
1493759566850.0,0.0163,-0.0854,-0.0397,1
1493759591850.0,-0.0006,-0.0043,-0.0032,1
1493759616850.0,0.0003,-0.0037,-0.0108,1
1493759641850.0,-0.0005,-0.0001,-0.0098,1
1493759666850.0,0.0001,-0.004,-0.0104,1
1493759691850.0,-0.0009,0.0048,-0.0148,1
1493759716850.0,-0.0012,-0.0054,-0.0145,1
1493759741850.0,0.0006,-0.0032,-0.0185,1
1493759766850.0,-0.0009,0.0013,-0.0138,1
1493759791850.0,0.0016002231558985092,0.008098352079518702,-0.0322929276746011,1
1493759816850.0,0.0016028797737379023,0.008078733978550875,-0.03220873332461418,1
1493759841850.0,0.0016055363915772954,0.00805911587758305,-0.032124538974627255,1
1493759866850.0,0.0016081930094166885,0.008039497776615223,-0.03204034462464034,1
1493759891850.0,0.0016108496272560816,0.008019879675647396,-0.031956150274653414,1
1493759916850.0,0.0016135062450954747,0.008000261574679571,-0.0318719559246665,1
1493759941850.0,0.001616162862934868,0.007980643473711744,-0.03178776157467957,1
1493759966850.0,0.0016188194807742612,0.007961025372743917,-0.031703567224692655,1
1493759991850.0,0.0016214760986136543,0.007941407271776092,-0.03161937287470573,1
1493760016850.0,0.0016241327164530474,0.007921789170808265,-0.03153517852471881,1
1493760041850.0,0.0016267893342924405,0.007902171069840438,-0.03145098417473189,1
1493760066850.0,0.0016294459521318336,0.007882552968872613,-0.031366789824744966,1
1493760091850.0,0.0016321025699712268,0.007862934867904786,-0.03128259547475805,1
1493760116850.0,0.00163475918781062,0.00784331676693696,-0.031198401124771125,1
1493760141850.0,0.0016374158056500132,0.007823698665969134,-0.031114206774784204,1
1493760166850.0,0.0016400724234894063,0.007804080565001308,-0.031030012424797283,1
1493760191850.0,0.0016427290413287994,0.007784462464033481,-0.03094581807481036,1
1493760216850.0,0.0016453856591681925,0.007764844363065655,-0.03086162372482344,1
1493760241850.0,0.0016480422770075857,0.007745226262097829,-0.030777429374836518,1
1493760266850.0,0.001650698894846979,0.007725608161130002,-0.030693235024849597,1
1493760291850.0,0.001653355512686372,0.007705990060162176,-0.030609040674862677,1
1493760316850.0,0.0016560121305257652,0.00768637195919435,-0.030524846324875753,1
1493760341850.0,0.0016586687483651583,0.007666753858226523,-0.030440651974888832,1
1493760366850.0,0.0016613253662045514,0.007647135757258697,-0.03035645762490191,1
1493760391850.0,0.0016639819840439446,0.007627517656290871,-0.03027226327491499,1
1493760416850.0,0.0016666386018833377,0.007607899555323044,-0.03018806892492807,1
1493760441850.0,0.001669295219722731,0.007588281454355218,-0.03010387457494115,1
1493760466850.0,0.0016719518375621241,0.007568663353387392,-0.030019680224954225,1
1493760491850.0,0.0016746084554015172,0.007549045252419565,-0.029935485874967305,1
1493760516850.0,0.0016772650732409103,0.007529427151451739,-0.029851291524980384,1
1493760541850.0,0.0016799216910803035,0.007509809050483913,-0.029767097174993463,1
1493760566850.0,0.0016825783089196966,0.007490190949516086,-0.029682902825006543,1
1493760591850.0,0.0016852349267590897,0.00747057284854826,-0.029598708475019622,1
1493760616850.0,0.001687891544598483,0.007450954747580434,-0.029514514125032698,1
1493760641850.0,0.0016905481624378761,0.007431336646612607,-0.029430319775045777,1
1493760666850.0,0.0016932047802772692,0.007411718545644781,-0.029346125425058857,1
1493760691850.0,0.0016958613981166624,0.0073921004446769545,-0.029261931075071936,1
1493760716850.0,0.0016985180159560555,0.0073724823437091285,-0.029177736725085016,1
1493760741850.0,0.0017011746337954486,0.0073528642427413025,-0.02909354237509809,1
1493760766850.0,0.0017038312516348417,0.007333246141773476,-0.02900934802511117,1
1493760791850.0,0.001706487869474235,0.00731362804080565,-0.02892515367512425,1
1493760816850.0,0.0017091444873136281,0.007294009939837824,-0.02884095932513733,1
1493760841850.0,0.0017118011051530213,0.007274391838869997,-0.02875676497515041,1
1493760866850.0,0.0017144577229924144,0.007254773737902171,-0.028672570625163485,1
1493760891850.0,0.0017171143408318075,0.007235155636934345,-0.028588376275176564,1
1493760916850.0,0.0017197709586712006,0.007215537535966518,-0.028504181925189644,1
1493760941850.0,0.001722427576510594,0.007195919434998692,-0.028419987575202723,1
1493760966850.0,0.001725084194349987,0.007176301334030865,-0.028335793225215802,1
1493760991850.0,0.0017277408121893802,0.007156683233063039,-0.028251598875228878,1
1493761016850.0,0.0017303974300287733,0.007137065132095213,-0.028167404525241958,1
1493761041850.0,0.0017330540478681664,0.007117447031127386,-0.028083210175255037,1
1493761066850.0,0.0017357106657075595,0.00709782893015956,-0.027999015825268116,1
1493761091850.0,0.0017383672835469526,0.007078210829191734,-0.027914821475281196,1
1493761116850.0,0.0017410239013863457,0.007058592728223907,-0.02783062712529427,1
1493761141850.0,0.001743680519225739,0.007038974627256081,-0.027746432775307354,1
1493761166850.0,0.0017463371370651322,0.007019356526288255,-0.02766223842532043,1
1493761191850.0,0.0017489937549045253,0.006999738425320428,-0.02757804407533351,1
1493761216850.0,0.0017516503727439184,0.006980120324352602,-0.02749384972534659,1
1493761241850.0,0.0017543069905833115,0.006960502223384776,-0.02740965537535967,1
1493761266850.0,0.0017569636084227049,0.0069408841224169494,-0.027325461025372748,1
1493761291850.0,0.001759620226262098,0.006921266021449123,-0.027241266675385824,1
1493761316850.0,0.001762276844101491,0.006901647920481297,-0.027157072325398903,1
1493761341850.0,0.0017649334619408842,0.0068820298195134706,-0.027072877975411982,1
1493761366850.0,0.0017675900797802773,0.0068624117185456445,-0.026988683625425062,1
1493761391850.0,0.0017702466976196704,0.0068427936175778185,-0.02690448927543814,1
1493761416850.0,0.0017729033154590635,0.006823175516609992,-0.026820294925451217,1
1493761441850.0,0.0017755599332984567,0.006803557415642166,-0.026736100575464296,1
1493761466850.0,0.00177821655113785,0.00678393931467434,-0.026651906225477376,1
1493761491850.0,0.001780873168977243,0.006764321213706513,-0.026567711875490455,1
1493761516850.0,0.0017835297868166362,0.006744703112738687,-0.026483517525503535,1
1493761541850.0,0.0017861864046560293,0.006725085011770861,-0.02639932317551661,1
1493761566850.0,0.0017888430224954224,0.006705466910803034,-0.02631512882552969,1
1493761591850.0,0.0017914996403348156,0.006685848809835208,-0.02623093447554277,1
1493761616850.0,0.0017941562581742089,0.006666230708867381,-0.02614674012555585,1
1493761641850.0,0.001796812876013602,0.006646612607899555,-0.026062545775568928,1
1493761666850.0,0.0017994694938529951,0.006626994506931729,-0.025978351425582004,1
1493761691850.0,0.0018021261116923882,0.006607376405963902,-0.025894157075595083,1
1493761716850.0,0.0018047827295317813,0.006587758304996076,-0.025809962725608163,1
1493761741850.0,0.0018074393473711745,0.006568140204028249,-0.025725768375621242,1
1493761766850.0,0.0018100959652105676,0.006548522103060423,-0.02564157402563432,1
1493761791850.0,0.001812752583049961,0.006528904002092597,-0.0255573796756474,1
1493761816850.0,0.001815409200889354,0.00650928590112477,-0.02547318532566048,1
1493761831850.0,0.0018170031715929898,0.006497515040544075,-0.025422668715668326,1
