1493736686700.0,0.0126,0.0135,0.0088,0
1493736711700.0,0.0045,0.0028,0.0073,0
1493736736700.0,0.00037453416149068323,-0.0013161490683229814,0.007632919254658385,0
1493736761700.0,0.0002192546583850932,0.00163416149068323,0.010272670807453416,0
1493736786700.0,-0.0004,0.0004,0.0057,0
1493736811700.0,-0.0002,0.0009,0.0052,0
1493736836700.0,0.3425,-0.2984,-0.1513,0
1493736861700.0,0.1734,0.1454,-0.1271,0
1493736886700.0,-0.001,-0.0006,0.0051,0
1493736911700.0,0.0038,-0.004,-0.0195,0
1493736936700.0,-0.0016,0.0078,0.0142,0
1493736961700.0,-0.0038,0.0007,0.0069,0
1493736986700.0,-0.002,0.004,-0.0002,0
1493737011700.0,0.0001,0.0034,0.0023,0
1493737036700.0,0.023,0.0148,-0.0201,0
1493737061700.0,0.0001,0.003,-0.0028,0
1493737086700.0,-0.0126,0.0224,-0.0167,0
1493737111700.0,0.002,0.0035,-0.0013,0
1493737136700.0,-0.0008,0.0003,0.0047,0
1493737161700.0,0.0004,0.0054,0.0114,0
1493737186700.0,-0.017,0.0015,-0.0067,0
1493737211700.0,-0.0041,0.0079,-0.001,0
1493737236700.0,-0.0391,0.09,0.1493,0
1493737261700.0,-8.033145146603533e-05,-0.015031723502094337,-0.018734489391731925,0
1493737286700.0,2.8938262611546156e-05,-0.01465240962484065,-0.0183705415680204,0
1493737311700.0,0.00013820797668912769,-0.01427309574758696,-0.01800659374430887,0
1493737336700.0,0.0002474776907667092,-0.013893781870333273,-0.01764264592059734,0
1493737361700.0,0.00035674740484429066,-0.013514467993079586,-0.017278698096885814,0
1493737386700.0,0.0004660171189218722,-0.013135154115825897,-0.016914750273174285,0
1493737411700.0,0.0005752868329994536,-0.01275584023857221,-0.01655080244946276,0
1493737436700.0,0.0006845565470770352,-0.012376526361318523,-0.01618685462575123,0
1493737461700.0,0.0007938262611546167,-0.011997212484064834,-0.015822906802039703,0
1493737486700.0,0.0009030959752321982,-0.011617898606811146,-0.015458958978328174,0
1493737511700.0,0.0010123656893097797,-0.011238584729557459,-0.015095011154616646,0
1493737536700.0,0.0011216354033873612,-0.01085927085230377,-0.014731063330905118,0
1493737561700.0,0.0012309051174649427,-0.010479956975050083,-0.014367115507193589,0
1493737586700.0,0.001340174831542524,-0.010100643097796395,-0.014003167683482063,0
1493737611700.0,0.0014494445456201056,-0.009721329220542706,-0.013639219859770534,0
1493737636700.0,0.001558714259697687,-0.009342015343289019,-0.013275272036059006,0
1493737661700.0,0.0016679839737752686,-0.008962701466035332,-0.012911324212347478,0
1493737686700.0,0.00177725368785285,-0.008583387588781643,-0.012547376388635949,0
1493737711700.0,0.0018865234019304316,-0.008204073711527956,-0.012183428564924423,0
1493737736700.0,0.0019957931160080136,-0.007824759834274268,-0.011819480741212893,0
1493737761700.0,0.002105062830085595,-0.00744544595702058,-0.011455532917501366,0
1493737786700.0,0.002214332544163176,-0.007066132079766892,-0.011091585093789838,0
1493737811700.0,0.002323602258240758,-0.006686818202513205,-0.01072763727007831,0
1493737836700.0,0.002432871972318339,-0.0063075043252595175,-0.010363689446366783,0
1493737861700.0,0.002542141686395921,-0.0059281904480058285,-0.009999741622655253,0
1493737886700.0,0.0026514114004735022,-0.005548876570752141,-0.009635793798943726,0
1493737911700.0,0.002760681114551084,-0.005169562693498454,-0.009271845975232198,0
1493737936700.0,0.0028699508286286653,-0.004790248816244765,-0.00890789815152067,0
1493737961700.0,0.002979220542706247,-0.004410934938991078,-0.008543950327809142,0
1493737986700.0,0.0030884902567838283,-0.00403162106173739,-0.008180002504097613,0
1493738011700.0,0.00319775997086141,-0.0036523071844837014,-0.007816054680386085,0
1493738036700.0,0.0033070296849389913,-0.003272993307230014,-0.007452106856674558,0
1493738061700.0,0.003416299399016573,-0.002893679429976327,-0.00708815903296303,0
1493738086700.0,0.0035255691130941544,-0.002514365552722638,-0.006724211209251502,0
1493738111700.0,0.0036348388271717357,-0.0021350516754689505,-0.006360263385539975,0
1493738136700.0,0.0037441085412493174,-0.0017557377982152633,-0.005996315561828445,0
1493738161700.0,0.003853378255326899,-0.0013764239209615742,-0.0056323677381169175,0
1493738186700.0,0.00396264796940448,-0.000997110043707887,-0.00526841991440539,0
1493738211700.0,0.004071917683482061,-0.0006177961664541997,-0.004904472090693862,0
1493738236700.0,0.004181187397559643,-0.00023848228920051243,-0.0045405242669823345,0
1493738261700.0,0.004290457111637225,0.00014083158805317658,-0.004176576443270807,0
1493738286700.0,0.004399726825714806,0.0005201454653068639,-0.0038126286195592773,0
1493738311700.0,0.004508996539792387,0.0008994593425605529,-0.0034486807958477497,0
1493738336700.0,0.004618266253869969,0.0012787732198142384,-0.003084732972136222,0
1493738361700.0,0.004727535967947551,0.0016580870970679274,-0.0027207851484246925,0
1493738386700.0,0.004836805682025132,0.0020374009743216164,-0.0023568373247131666,0
1493738411700.0,0.004946075396102713,0.002416714851575302,-0.001992889501001637,0
1493738436700.0,0.005055345110180295,0.002796028728828991,-0.0016289416772901112,0
1493738461700.0,0.005164614824257877,0.00317534260608268,-0.0012649938535785818,0
1493738486700.0,0.005273884538335458,0.0035546564833363655,-0.0009010460298670524,0
1493738511700.0,0.0053831542524130395,0.0039339703605900545,-0.0005370982061555264,0
1493738536700.0,0.005492423966490621,0.0043132842378437435,-0.000173150382443997,0
1493738561700.0,0.005601693680568202,0.004692598115097429,0.00019079744126752896,0
1493738586700.0,0.005710963394645784,0.005071911992351118,0.0005547452649790584,0
1493738611700.0,0.0058202331087233656,0.005451225869604807,0.0009186930886905843,0
1493738636700.0,0.005929502822800947,0.005830539746858493,0.0012826409124021138,0
1493738661700.0,0.006038772536878528,0.006209853624112182,0.0016465887361136432,0
1493738686700.0,0.00614804225095611,0.006589167501365871,0.002010536559825169,0
1493738711700.0,0.006257311965033692,0.006968481378619556,0.0023744843835366986,0
1493738736700.0,0.006366581679111273,0.007347795255873245,0.0027384322072482245,0
1493738761700.0,0.006475851393188854,0.007727109133126934,0.003102380030959754,0
1493738786700.0,0.006585121107266436,0.00810642301038062,0.0034663278546712833,0
1493738811700.0,0.006694390821344018,0.008485736887634309,0.0038302756783828093,0
1493738836700.0,0.006803660535421599,0.008865050764887998,0.004194223502094339,0
1493738861700.0,0.00691293024949918,0.009244364642141683,0.004558171325805865,0
1493738886700.0,0.007022199963576762,0.009623678519395372,0.004922119149517394,0
1493738911700.0,0.007131469677654344,0.010002992396649061,0.0052860669732289235,0
1493738936700.0,0.007240739391731925,0.010382306273902747,0.0056500147969404495,0
1493738961700.0,0.007350009105809506,0.010761620151156436,0.006013962620651979,0
1493738986700.0,0.007459278819887088,0.011140934028410125,0.006377910444363505,0
1493739011700.0,0.00756854853396467,0.01152024790566381,0.006741858268075034,0
1493739036700.0,0.007677818248042251,0.0118995617829175,0.00710580609178656,0
1493739061700.0,0.007787087962119832,0.012278875660171185,0.00746975391549809,0
1493739086700.0,0.007896357676197415,0.012658189537424874,0.007833701739209619,0
1493739111700.0,0.008005627390274996,0.013037503414678563,0.008197649562921145,0
1493739136700.0,0.008114897104352578,0.013416817291932248,0.008561597386632674,0
1493739161700.0,0.00822416681843016,0.013796131169185938,0.0089255452103442,0
1493739186700.0,0.00833343653250774,0.014175445046439627,0.00928949303405573,0
1493739211700.0,0.008442706246585323,0.014554758923693312,0.00965344085776726,0
1493739236700.0,0.008551975960662903,0.014934072800947001,0.010017388681478785,0
1493739261700.0,0.008661245674740485,0.01531338667820069,0.010381336505190315,0
1493739286700.0,0.008770515388818068,0.015692700555454374,0.01074528432890184,0
1493739311700.0,0.008879785102895648,0.016072014432708066,0.01110923215261337,0
1493739336700.0,0.00898905481697323,0.016451328309961752,0.0114731799763249,0
1493739361700.0,0.00909832453105081,0.016830642187215437,0.011837127800036425,0
1493739386700.0,0.009207594245128393,0.01720995606446913,0.012201075623747955,0
1493739411700.0,0.009316863959205975,0.017589269941722815,0.012565023447459484,0
1493739436700.0,0.009426133673283555,0.0179685838189765,0.01292897127117101,0
1493739461700.0,0.009535403387361138,0.018347897696230193,0.013292919094882536,0
1493739486700.0,0.00964467310143872,0.01872721157348388,0.013656866918594069,0
1493739511700.0,0.0097539428155163,0.019106525450737565,0.014020814742305595,0
1493739536700.0,0.009863212529593882,0.019485839327991257,0.014384762566017121,0
1493739561700.0,0.009972482243671463,0.019865153205244943,0.014748710389728647,0
1493739586700.0,0.010081751957749045,0.020244467082498628,0.01511265821344018,0
1493739611700.0,0.010191021671826627,0.020623780959752314,0.015476606037151706,0
1493739636700.0,0.010300291385904208,0.021003094837006006,0.01584055386086323,0
1493739661700.0,0.01040956109998179,0.02138240871425969,0.016204501684574765,0
1493739686700.0,0.01051883081405937,0.021761722591513377,0.01656844950828629,0
1493739711700.0,0.010628100528136952,0.02214103646876707,0.016932397331997816,0
1493739736700.0,0.010737370242214534,0.022520350346020755,0.017296345155709342,0
1493739761700.0,0.010846639956292115,0.02289966422327444,0.017660292979420875,0
1493739786700.0,0.010955909670369697,0.023278978100528133,0.0180242408031324,0
1493739811700.0,0.01106517938444728,0.02365829197778182,0.018388188626843927,0
1493739836700.0,0.01117444909852486,0.024037605855035504,0.01875213645055546,0
1493739861700.0,0.011283718812602442,0.024416919732289197,0.019116084274266986,0
1493739886700.0,0.011392988526680022,0.024796233609542882,0.019480032097978512,0
1493739911700.0,0.011502258240757604,0.025175547486796568,0.019843979921690045,0
1493739936700.0,0.011611527954835187,0.02555486136405026,0.02020792774540157,0
1493739961700.0,0.011720797668912767,0.025934175241303946,0.020571875569113097,0
1493739986700.0,0.01183006738299035,0.02631348911855763,0.020935823392824623,0
1493740011700.0,0.01193933709706793,0.026692802995811324,0.021299771216536156,0
1493740036700.0,0.012048606811145512,0.02707211687306501,0.02166371904024768,0
1493740061700.0,0.012157876525223094,0.027451430750318695,0.022027666863959208,0
1493740086700.0,0.012267146239300674,0.027830744627572387,0.02239161468767074,0
1493740111700.0,0.012376415953378257,0.028210058504826073,0.022755562511382266,0
1493740136700.0,0.012485685667455839,0.02858937238207976,0.023119510335093792,0
1493740161700.0,0.01259495538153342,0.02896868625933345,0.02348345815880532,0
1493740186700.0,0.012704225095611001,0.029348000136587137,0.02384740598251685,0
1493740211700.0,0.012813494809688582,0.029727314013840822,0.024211353806228377,0
1493740236700.0,0.012922764523766164,0.030106627891094515,0.024575301629939903,0
1493740261700.0,0.013032034237843746,0.0304859417683482,0.024939249453651436,0
1493740286700.0,0.013141303951921326,0.030865255645601886,0.025303197277362962,0
1493740311700.0,0.013250573665998909,0.031244569522855578,0.025667145101074488,0
1493740336700.0,0.013359843380076489,0.031623883400109264,0.02603109292478602,0
1493740361700.0,0.013469113094154071,0.03200319727736295,0.026395040748497547,0
1493740386700.0,0.013578382808231653,0.03238251115461664,0.026758988572209073,0
1493740411700.0,0.013687652522309234,0.03276182503187033,0.0271229363959206,0
1493740436700.0,0.013796922236386816,0.03314113890912401,0.02748688421963213,0
1493740461700.0,0.013906191950464398,0.033520452786377705,0.027850832043343658,0
1493740486700.0,0.014015461664541979,0.03389976666363139,0.028214779867055183,0
1493740511700.0,0.01412473137861956,0.034279080540885076,0.028578727690766716,0
1493740536700.0,0.014234001092697141,0.03465839441813877,0.028942675514478242,0
1493740561700.0,0.014343270806774723,0.035037708295392454,0.029306623338189768,0
1493740586700.0,0.014452540520852306,0.03541702217264614,0.029670571161901294,0
1493740611700.0,0.014561810234929886,0.03579633604989983,0.030034518985612827,0
1493740636700.0,0.014671079949007468,0.03617564992715352,0.030398466809324353,0
1493740661700.0,0.014780349663085049,0.0365549638044072,0.03076241463303588,0
1493740686700.0,0.01488961937716263,0.036934277681660896,0.031126362456747412,0
1493740711700.0,0.014998889091240213,0.03731359155891458,0.03149031028045894,0
1493740736700.0,0.015108158805317793,0.03769290543616827,0.03185425810417046,0
1493740761700.0,0.015217428519395376,0.03807221931342196,0.03221820592788199,0
1493740786700.0,0.015326698233472958,0.038451533190675645,0.032582153751593526,0
1493740811700.0,0.015435967947550538,0.03883084706792933,0.032946101575305045,0
1493740836700.0,0.01554523766162812,0.03921016094518302,0.03331004939901658,0
1493740861700.0,0.0156545073757057,0.03958947482243671,0.03367399722272811,0
1493740886700.0,0.015763777089783285,0.039968788699690394,0.03403794504643963,0
1493740911700.0,0.015873046803860865,0.040348102576944087,0.03440189287015116,0
1493740936700.0,0.015982316517938445,0.04072741645419777,0.034765840693862696,0
1493740961700.0,0.016091586232016026,0.04110673033145146,0.035129788517574215,0
1493740986700.0,0.01620085594609361,0.04148604420870515,0.03549373634128575,0
1493741011700.0,0.01631012566017119,0.041865358085958836,0.03585768416499727,0
1493741036700.0,0.01641939537424877,0.04224467196321252,0.0362216319887088,0
1493741061700.0,0.016528665088326355,0.042623985840466214,0.03658557981242033,0
1493741086700.0,0.016637934802403935,0.0430032997177199,0.03694952763613185,0
1493741111700.0,0.016747204516481515,0.043382613594973585,0.037313475459843384,0
1493741136700.0,0.0168564742305591,0.04376192747222728,0.03767742328355492,0
1493741161700.0,0.01696574394463668,0.04414124134948096,0.038041371107266436,0
1493741186700.0,0.01707501365871426,0.04452055522673465,0.03840531893097797,0
1493741211700.0,0.017184283372791844,0.04489986910398834,0.0387692667546895,0
1493741236700.0,0.017293553086869425,0.045279182981242026,0.03913321457840102,0
1493741261700.0,0.017402822800947005,0.04565849685849571,0.039497162402112554,0
1493741286700.0,0.017512092515024585,0.046037810735749404,0.03986111022582409,0
1493741311700.0,0.01762136222910217,0.04641712461300309,0.040225058049535606,0
1493741336700.0,0.01773063194317975,0.046796438490256775,0.04058900587324714,0
1493741361700.0,0.01783990165725733,0.04717575236751047,0.04095295369695867,0
1493741386700.0,0.017949171371334914,0.047555066244764146,0.04131690152067019,0
1493741411700.0,0.018058441085412495,0.04793438012201784,0.041680849344381724,0
1493741436700.0,0.018167710799490075,0.04831369399927153,0.04204479716809324,0
1493741461700.0,0.01827698051356766,0.04869300787652521,0.042408744991804775,0
1493741486700.0,0.01838625022764524,0.0490723217537789,0.04277269281551631,0
1493741511700.0,0.01849551994172282,0.049451635631032595,0.04313664063922783,0
1493741536700.0,0.018604789655800404,0.049830949508286274,0.04350058846293936,0
1493741561700.0,0.018714059369877984,0.050210263385539966,0.04386453628665089,0
1493741586700.0,0.018823329083955564,0.05058957726279366,0.044228484110362426,0
1493741611700.0,0.018932598798033145,0.05096889114004734,0.044592431934073945,0
1493741636700.0,0.01904186851211073,0.05134820501730103,0.04495637975778548,0
1493741661700.0,0.01915113822618831,0.05172751889455472,0.04532032758149701,0
1493741686700.0,0.01926040794026589,0.0521068327718084,0.04568427540520853,0
1493741711700.0,0.019369677654343474,0.05248614664906209,0.04604822322892006,0
1493741736700.0,0.019478947368421054,0.052865460526315786,0.04641217105263158,0
1493741761700.0,0.019588217082498634,0.053244774403569464,0.046776118876343115,0
1493741786700.0,0.01969748679657622,0.05362408828082316,0.04714006670005465,0
1493741811700.0,0.0198067565106538,0.05400340215807685,0.047504014523766167,0
1493741836700.0,0.01991602622473138,0.05438271603533053,0.0478679623474777,0
1493741861700.0,0.020025295938808963,0.05476202991258422,0.04823191017118923,0
1493741886700.0,0.020134565652886544,0.05514134378983791,0.04859585799490075,0
1493741911700.0,0.020243835366964124,0.05552065766709159,0.048959805818612284,0
1493741936700.0,0.020353105081041704,0.055899971544345284,0.04932375364232382,0
1493741961700.0,0.02046237479511929,0.056279285421598976,0.049687701466035336,0
1493741986700.0,0.02057164450919687,0.056658599298852655,0.05005164928974687,0
1493742011700.0,0.02068091422327445,0.05703791317610635,0.0504155971134584,0
1493742036700.0,0.020790183937352033,0.05741722705336004,0.05077954493716992,0
1493742061700.0,0.020899453651429614,0.05779654093061372,0.051143492760881454,0
1493742086700.0,0.021008723365507194,0.05817585480786741,0.05150744058459299,0
1493742111700.0,0.021117993079584778,0.0585551686851211,0.051871388408304506,0
1493742136700.0,0.02122726279366236,0.05893448256237478,0.05223533623201604,0
1493742161700.0,0.02133653250773994,0.059313796439628474,0.05259928405572756,0
1493742186700.0,0.021445802221817523,0.05969311031688217,0.05296323187943909,0
1493742211700.0,0.021555071935895103,0.060072424194135846,0.05332717970315062,0
1493742236700.0,0.021664341649972683,0.06045173807138954,0.05369112752686214,0
1493742261700.0,0.021773611364050264,0.06083105194864323,0.054055075350573675,0
1493742286700.0,0.021882881078127848,0.06121036582589691,0.05441902317428521,0
1493742311700.0,0.021992150792205428,0.0615896797031506,0.05478297099799673,0
1493742336700.0,0.02210142050628301,0.061968993580404294,0.05514691882170826,0
1493742361700.0,0.022210690220360593,0.06234830745765797,0.05551086664541979,0
1493742386700.0,0.022319959934438173,0.06272762133491167,0.05587481446913131,0
1493742411700.0,0.022429229648515753,0.06310693521216536,0.056238762292842845,0
1493742436700.0,0.022538499362593337,0.06348624908941904,0.05660271011655438,0
1493742461700.0,0.022647769076670918,0.06386556296667273,0.0569666579402659,0
1493742486700.0,0.022757038790748498,0.06424487684392642,0.05733060576397743,0
1493742511700.0,0.022866308504826082,0.0646241907211801,0.05769455358768896,0
1493742536700.0,0.022975578218903663,0.06500350459843379,0.05805850141140048,0
1493742561700.0,0.023084847932981243,0.06538281847568748,0.058422449235112014,0
1493742586700.0,0.023194117647058823,0.06576213235294116,0.058786397058823534,0
1493742611700.0,0.023303387361136407,0.06614144623019486,0.059150344882535066,0
1493742636700.0,0.023412657075213988,0.06652076010744855,0.0595142927062466,0
1493742661700.0,0.023521926789291568,0.06690007398470223,0.05987824052995812,0
1493742686700.0,0.023631196503369152,0.06727938786195592,0.06024218835366965,0
1493742711700.0,0.023740466217446732,0.06765870173920961,0.060606136177381184,0
1493742736700.0,0.023849735931524313,0.06803801561646329,0.0609700840010927,0
1493742761700.0,0.023959005645601897,0.06841732949371698,0.061334031824804236,0
1493742786700.0,0.024068275359679477,0.06879664337097068,0.06169797964851577,0
1493742811700.0,0.024177545073757058,0.06917595724822435,0.06206192747222729,0
1493742836700.0,0.02428681478783464,0.06955527112547805,0.06242587529593882,0
1493742861700.0,0.024396084501912222,0.06993458500273174,0.06278982311965035,0
1493742886700.0,0.024505354215989802,0.07031389887998542,0.06315377094336187,0
1493742911700.0,0.024614623930067383,0.07069321275723911,0.0635177187670734,0
1493742936700.0,0.024723893644144967,0.0710725266344928,0.06388166659078494,0
1493742961700.0,0.024833163358222547,0.07145184051174648,0.06424561441449646,0
1493742986700.0,0.024942433072300128,0.07183115438900017,0.06460956223820799,0
1493743011700.0,0.02505170278637771,0.07221046826625387,0.06497351006191951,0
1493743036700.0,0.025160972500455292,0.07258978214350754,0.06533745788563104,0
1493743061700.0,0.025270242214532872,0.07296909602076124,0.06570140570934258,0
1493743086700.0,0.025379511928610456,0.07334840989801493,0.0660653535330541,0
1493743111700.0,0.025488781642688037,0.07372772377526861,0.06642930135676563,0
1493743136700.0,0.025598051356765617,0.0741070376525223,0.06679324918047716,0
1493743161700.0,0.0257073210708432,0.074486351529776,0.06715719700418868,0
1493743186700.0,0.02581659078492078,0.07486566540702967,0.06752114482790021,0
1493743211700.0,0.025925860498998362,0.07524497928428336,0.06788509265161174,0
1493743236700.0,0.026035130213075942,0.07562429316153706,0.06824904047532326,0
1493743261700.0,0.026144399927153526,0.07600360703879074,0.0686129882990348,0
1493743286700.0,0.026253669641231107,0.07638292091604443,0.06897693612274633,0
1493743311700.0,0.026362939355308687,0.07676223479329812,0.06934088394645785,0
1493743336700.0,0.02647220906938627,0.0771415486705518,0.06970483177016938,0
1493743361700.0,0.02658147878346385,0.07752086254780549,0.07006877959388091,0
1493743386700.0,0.026690748497541432,0.07790017642505918,0.07043272741759243,0
1493743411700.0,0.026800018211619016,0.07827949030231286,0.07079667524130397,0
1493743436700.0,0.026909287925696596,0.07865880417956655,0.07116062306501549,0
1493743461700.0,0.027018557639774177,0.07903811805682025,0.07152457088872702,0
1493743486700.0,0.02712782735385176,0.07941743193407393,0.07188851871243855,0
1493743511700.0,0.02723709706792934,0.07979674581132762,0.07225246653615007,0
1493743536700.0,0.02734636678200692,0.08017605968858131,0.0726164143598616,0
1493743561700.0,0.027455636496084502,0.08055537356583499,0.07298036218357314,0
1493743586700.0,0.027564906210162086,0.08093468744308868,0.07334431000728465,0
1493743611700.0,0.027674175924239666,0.08131400132034237,0.07370825783099619,0
1493743636700.0,0.027783445638317247,0.08169331519759605,0.07407220565470772,0
1493743661700.0,0.02789271535239483,0.08207262907484975,0.07443615347841924,0
1493743686700.0,0.02800198506647241,0.08245194295210344,0.07480010130213077,0
1493743711700.0,0.02811125478054999,0.08283125682935712,0.0751640491258423,0
1493743736700.0,0.028220524494627575,0.08321057070661081,0.07552799694955382,0
1493743761700.0,0.028329794208705156,0.0835898845838645,0.07589194477326536,0
1493743786700.0,0.028439063922782736,0.08396919846111818,0.07625589259697689,0
1493743811700.0,0.02854833363686032,0.08434851233837187,0.07661984042068841,0
1493743836700.0,0.0286576033509379,0.08472782621562557,0.07698378824439994,0
1493743861700.0,0.02876687306501548,0.08510714009287924,0.07734773606811146,0
1493743886700.0,0.02887614277909306,0.08548645397013294,0.077711683891823,0
1493743911700.0,0.028985412493170645,0.08586576784738663,0.07807563171553453,0
1493743936700.0,0.029094682207248226,0.08624508172464031,0.07843957953924605,0
1493743961700.0,0.029203951921325806,0.086624395601894,0.07880352736295758,0
1493743986700.0,0.02931322163540339,0.08700370947914769,0.07916747518666911,0
1493744011700.0,0.02942249134948097,0.08738302335640137,0.07953142301038063,0
1493744036700.0,0.02953176106355855,0.08776233723365506,0.07989537083409216,0
1493744061700.0,0.029641030777636135,0.08814165111090876,0.0802593186578037,0
1493744086700.0,0.029750300491713715,0.08852096498816243,0.08062326648151522,0
1493744111700.0,0.029859570205791296,0.08890027886541613,0.08098721430522675,0
1493744136700.0,0.02996883991986888,0.08927959274266982,0.08135116212893828,0
1493744161700.0,0.03007810963394646,0.0896589066199235,0.0817151099526498,0
1493744186700.0,0.03018737934802404,0.09003822049717719,0.08207905777636133,0
1493744211700.0,0.03029664906210162,0.09041753437443088,0.08244300560007287,0
1493744236700.0,0.030405918776179205,0.09079684825168456,0.08280695342378439,0
1493744261700.0,0.030515188490256785,0.09117616212893825,0.08317090124749592,0
1493744286700.0,0.030624458204334366,0.09155547600619195,0.08353484907120744,0
1493744311700.0,0.03073372791841195,0.09193478988344563,0.08389879689491897,0
1493744336700.0,0.03084299763248953,0.09231410376069932,0.0842627447186305,0
1493744361700.0,0.03095226734656711,0.09269341763795301,0.08462669254234202,0
1493744386700.0,0.031061537060644694,0.09307273151520669,0.08499064036605355,0
1493744411700.0,0.03117080677472227,0.09345204539246038,0.08535458818976509,0
1493744436700.0,0.03128007648879985,0.09383135926971407,0.0857185360134766,0
1493744461700.0,0.031389346202877436,0.09421067314696775,0.08608248383718814,0
1493744486700.0,0.03149861591695501,0.09458998702422144,0.08644643166089967,0
1493744511700.0,0.031607885631032596,0.09496930090147514,0.08681037948461119,0
1493744536700.0,0.03171715534511018,0.09534861477872882,0.08717432730832272,0
1493744561700.0,0.03182642505918776,0.09572792865598251,0.08753827513203426,0
1493744586700.0,0.03193569477326534,0.0961072425332362,0.08790222295574578,0
1493744611700.0,0.032044964487342925,0.09648655641048988,0.08826617077945731,0
1493744636700.0,0.0321542342014205,0.09686587028774357,0.08863011860316884,0
1493744661700.0,0.032263503915498086,0.09724518416499726,0.08899406642688036,0
1493744686700.0,0.03237277362957567,0.09762449804225094,0.0893580142505919,0
1493744711700.0,0.03248204334365325,0.09800381191950464,0.08972196207430341,0
1493744736700.0,0.03259131305773083,0.09838312579675833,0.09008590989801495,0
1493744761700.0,0.032700582771808415,0.098762439674012,0.09044985772172648,0
1493744786700.0,0.03280985248588599,0.0991417535512657,0.090813805545438,0
1493744811700.0,0.032919122199963576,0.09952106742851939,0.09117775336914953,0
1493744836700.0,0.03302839191404116,0.09990038130577307,0.09154170119286106,0
1493744861700.0,0.033137661628118736,0.10027969518302676,0.09190564901657258,0
1493744886700.0,0.03324693134219632,0.10065900906028045,0.09226959684028412,0
1493744911700.0,0.033356201056273904,0.10103832293753413,0.09263354466399565,0
1493744936700.0,0.03346547077035148,0.10141763681478783,0.09299749248770717,0
1493744961700.0,0.033574740484429065,0.10179695069204152,0.0933614403114187,0
1493744986700.0,0.03368401019850665,0.1021762645692952,0.09372538813513023,0
1493745011700.0,0.033793279912584226,0.10255557844654889,0.09408933595884175,0
1493745036700.0,0.03390254962666181,0.10293489232380258,0.09445328378255329,0
1493745061700.0,0.03401181934073939,0.10331420620105626,0.09481723160626482,0
1493745086700.0,0.03412108905481697,0.10369352007830995,0.09518117942997634,0
1493745111700.0,0.034230358768894555,0.10407283395556363,0.09554512725368787,0
1493745136700.0,0.03433962848297213,0.10445214783281732,0.09590907507739939,0
1493745161700.0,0.034448898197049715,0.10483146171007102,0.09627302290111092,0
1493745186700.0,0.0345581679111273,0.1052107755873247,0.09663697072482245,0
1493745211700.0,0.034667437625204876,0.10559008946457839,0.09700091854853397,0
1493745236700.0,0.03477670733928246,0.10596940334183208,0.0973648663722455,0
1493745261700.0,0.034885977053360044,0.10634871721908576,0.09772881419595704,0
1493745286700.0,0.03499524676743762,0.10672803109633945,0.09809276201966856,0
1493745311700.0,0.035104516481515205,0.10710734497359314,0.09845670984338009,0
1493745336700.0,0.03521378619559279,0.10748665885084682,0.09882065766709162,0
1493745361700.0,0.035323055909670366,0.10786597272810051,0.09918460549080314,0
1493745386700.0,0.03543232562374795,0.10824528660535421,0.09954855331451468,0
1493745411700.0,0.035541595337825534,0.10862460048260789,0.09991250113822621,0
1493745436700.0,0.03565086505190311,0.10900391435986158,0.10027644896193773,0
1493745461700.0,0.035760134765980695,0.10938322823711527,0.10064039678564926,0
1493745486700.0,0.03586940448005828,0.10976254211436895,0.1010043446093608,0
1493745511700.0,0.035978674194135855,0.11014185599162266,0.10136829243307231,0
1493745536700.0,0.03608794390821344,0.11052116986887633,0.10173224025678385,0
1493745561700.0,0.03619721362229102,0.11090048374613001,0.10209618808049536,1
1493745586700.0,0.0363064833363686,0.11127979762338372,0.1024601359042069,1
1493745611700.0,0.036415753050446184,0.1116591115006374,0.10282408372791843,1
1493745636700.0,0.03652502276452377,0.11203842537789108,0.10318803155162995,1
1493745661700.0,0.036634292478601345,0.11241773925514478,0.10355197937534148,1
1493745686700.0,0.03674356219267893,0.11279705313239846,0.10391592719905302,1
1493745711700.0,0.036852831906756506,0.11317636700965214,0.10427987502276453,1
1493745736700.0,0.03696210162083409,0.11355568088690585,0.10464382284647607,1
1493745761700.0,0.037071371334911674,0.11393499476415953,0.1050077706701876,1
1493745786700.0,0.03718064104898925,0.1143143086414132,0.10537171849389912,1
1493745811700.0,0.037289910763066834,0.11469362251866691,0.10573566631761065,1
1493745836700.0,0.03739918047714442,0.11507293639592059,0.10609961414132218,1
1493745861700.0,0.037508450191221995,0.11545225027317427,0.10646356196503372,1
1493745886700.0,0.03761771990529958,0.11583156415042797,0.10682750978874524,1
1493745911700.0,0.03772698961937716,0.11621087802768165,0.10719145761245676,1
1493745936700.0,0.03783625933345474,0.11659019190493533,0.1075554054361683,1
1493745961700.0,0.037945529047532324,0.11696950578218904,0.10791935325987982,1
1493745986700.0,0.03805479876160991,0.11734881965944272,0.10828330108359134,1
1493746011700.0,0.038164068475687485,0.1177281335366964,0.10864724890730289,1
1493746036700.0,0.03827333818976507,0.1181074474139501,0.1090111967310144,1
1493746061700.0,-0.0724,0.0428,-0.065,1
1493746086700.0,-0.0904,0.0501,0.0069,1
1493746111700.0,-0.0342,-0.016,-0.0268,1
1493746136700.0,0.0043,-0.0104,0.0093,1
1493746161700.0,-0.0022,-0.0008,0.0077,1
1493746186700.0,-0.0014,-0.002,0.0074,1
1493746211700.0,-0.0948,-0.3347,-0.0402,1
1493746236700.0,-0.0001,0.0012,0.0091,1
1493746261700.0,0.0005,-0.0004,0.0085,1
1493746286700.0,0.0019,-0.0012,0.0118,1
1493746311700.0,-0.0002,-0.0009,0.0079,1
1493746336700.0,-0.0003,-0.0003,0.0083,1
1493746361700.0,-0.0003,-0.0014,0.0088,1
1493746386700.0,0.0026,-0.0018,0.0076,1
1493746411700.0,-0.0005,-0.0001,0.0066,1
1493746436700.0,0.0006,-0.0015,0.0075,1
1493746461700.0,-0.0003,-0.0001,0.0073,1
1493746486700.0,0.0,-0.0004,0.0072,1
1493746511700.0,0.0015,0.0017,0.0089,1
1493746536700.0,-0.0012,-0.001,0.0071,1
1493746561700.0,0.0017,-0.0003,0.0087,1
1493746586700.0,-0.0004,0.0017,0.0069,1
1493746611700.0,-0.0067,-0.0002,0.0141,1
1493746636700.0,-0.0037,0.0015,0.0129,1
1493746661700.0,-0.0013,-0.0016,0.0066,1
1493746686700.0,0.0048,-0.0015,0.0097,1
1493746711700.0,0.0003,-0.0011,0.0091,1
1493746736700.0,-0.0015,0.0008,0.0063,1
1493746761700.0,-0.0012,0.0005,0.0073,1
1493746786700.0,-0.0002,0.0004,0.0086,1
1493746811700.0,-0.0004,-0.0003,0.0075,1
1493746836700.0,-0.0005,0.0,0.0078,1
1493746861700.0,-0.0047,0.0031,0.0077,1
1493746886700.0,0.0001,0.0008,0.0101,1
1493746911700.0,0.0007,-0.002,0.0069999999999999,1
1493746936700.0,-0.0024,0.0002,0.0061,1
1493746961700.0,-0.0003,-0.0003,0.0076,1
1493746986700.0,-0.0011,0.0005,0.0069999999999999,1
1493747011700.0,0.0026,-0.0,0.0064,1
1493747036700.0,0.0014,-0.0013,0.0082,1
1493747061700.0,-0.0009,-0.0004,0.0073,1
1493747086700.0,-0.001,-0.0014,0.0069999999999999,1
1493747111700.0,0.0003,-0.0012,0.008,1
1493747136700.0,-0.0,-0.0004,0.0062,1
1493747161700.0,0.0002,-0.0005,0.0087,1
1493747186700.0,-0.0004,-0.0008,0.0065,1
1493747211700.0,0.0003,-0.0013,0.0073,1
1493747236700.0,-0.0002,-0.0003,0.0073,1
1493747261700.0,0.0006,-0.0016,0.0073,1
1493747286700.0,-0.0003,0.0002,0.0074,1
1493747311700.0,-0.0004,0.0,0.0068,1
1493747336700.0,-0.0008,0.0005,0.0065,1
1493747361700.0,0.0007,-0.0006,0.0079,1
1493747386700.0,-0.0039,0.0009,0.0066,1
1493747411700.0,-0.0017,-0.0011,0.0063,1
1493747436700.0,-0.0019,0.002,0.0072,1
1493747461700.0,0.0002,0.0001,0.0086,1
1493747486700.0,0.001,-0.0014,0.0077,1
1493747511700.0,-0.0004,0.0006,0.0073,1
1493747536700.0,-0.0012,-0.0003,0.0068,1
1493747561700.0,-0.0016,0.0014,0.0052,1
1493747586700.0,-0.0009,-0.0002,0.0063,1
1493747611700.0,0.0016,-0.0,0.009,1
1493747636700.0,0.0114,0.0041,0.015,1
1493747661700.0,0.0006,-0.0005,0.006,1
1493747686700.0,0.0007,0.0013,0.0059,1
1493747711700.0,0.0007,-0.0001,0.0067,1
1493747736700.0,0.0005,0.0002,0.0067,1
1493747761700.0,0.0014,0.0,0.0062,1
1493747786700.0,-0.0002,0.0003,0.0089,1
1493747811700.0,-0.001,0.0005,0.0098,1
1493747836700.0,-0.0006,0.0002,0.0088,1
1493747861700.0,-0.0001,0.0008,0.0091,1
1493747886700.0,0.0008,-0.0006,0.0092,1
1493747911700.0,-0.0007,-0.0013,0.0096,1
1493747936700.0,-0.0005,0.0002,0.0091,1
1493747961700.0,-0.0001,0.0012,0.0105,1
1493747986700.0,-0.0002,-0.0001,0.0097,1
1493748011700.0,-0.001,0.0005,0.0098,1
1493748036700.0,-0.0001,-0.0005,0.0101,1
1493748061700.0,-0.0018,0.0011,0.0095,1
1493748086700.0,-0.0218,0.0125,-0.0422,1
1493748111700.0,-0.0023,-0.0023,0.0113,1
1493748136700.0,0.0011,0.0069999999999999,0.0011,1
1493748161700.0,-0.025,-0.0017,0.026,1
1493748186700.0,-0.0028,0.0091,0.0029,1
1493748211700.0,0.0336,-0.0793,-0.0227,1
1493748236700.0,-0.0094,0.1327,-0.1662,1
1493748261700.0,-0.001,-0.0018,0.0067,1
1493748286700.0,-0.0025,-0.0349,0.0091,1
1493748311700.0,-0.0073,-0.0046,0.073,1
1493748336700.0,0.0188,0.1414,-0.0837,1
1493748361700.0,-0.0054,0.0221,0.0249,1
1493748386700.0,0.0005,0.0006,0.006,1
1493748411700.0,0.0004,-0.0002,0.0068,1
1493748436700.0,-0.0004,0.0005,0.0051,1
1493748461700.0,-0.0001,-0.0002,0.0056,1
1493748486700.0,-0.0005,0.0006,0.0055,1
1493748511700.0,0.0011,-0.0002,0.0064,1
1493748536700.0,-0.0,-0.0003,0.0063,1
1493748561700.0,0.1431,-0.1182,-0.2289,1
1493748586700.0,0.0034,0.014,0.0042,1
1493748611700.0,0.014,-0.057,0.0599,1
1493748636700.0,-0.07024653465346535,0.024281753889674684,-0.04587355021216408,1
1493748661700.0,-0.5003892137688246,-0.4241866594954039,0.14409921181302562,1
1493748686700.0,-0.499540071060695,-0.42251086576699914,0.14355061020927048,1
1493748711700.0,-0.4986909283525654,-0.42083507203859444,0.14300200860551537,1
1493748736700.0,-0.49784178564443576,-0.41915927831018973,0.14245340700176023,1
1493748761700.0,-0.4969926429363062,-0.417483484581785,0.1419048053980051,1
1493748786700.0,-0.49614350022817655,-0.41580769085338026,0.14135620379424996,1
1493748811700.0,-0.49529435752004697,-0.41413189712497556,0.14080760219049482,1
1493748836700.0,-0.4944452148119174,-0.41245610339657085,0.1402590005867397,1
1493748861700.0,-0.49359607210378775,-0.41078030966816614,0.13971039898298457,1
1493748886700.0,-0.4927469293956582,-0.4091045159397614,0.13916179737922943,1
1493748911700.0,-0.49189778668752854,-0.4074287222113567,0.1386131957754743,1
1493748936700.0,-0.49104864397939896,-0.40575292848295197,0.13806459417171915,1
1493748961700.0,-0.4901995012712693,-0.40407713475454726,0.137515992567964,1
1493748986700.0,-0.48935035856313974,-0.4024013410261425,0.1369673909642089,1
1493749011700.0,-0.48850121585501016,-0.4007255472977378,0.13641878936045376,1
1493749036700.0,-0.4876520731468805,-0.3990497535693331,0.13587018775669862,1
1493749061700.0,-0.48680293043875095,-0.3973739598409284,0.13532158615294348,1
1493749086700.0,-0.4859537877306213,-0.3956981661125236,0.13477298454918835,1
1493749111700.0,-0.48510464502249173,-0.3940223723841189,0.1342243829454332,1
1493749136700.0,-0.4842555023143621,-0.3923465786557142,0.1336757813416781,1
1493749161700.0,-0.4834063596062325,-0.3906707849273095,0.13312717973792296,1
1493749186700.0,-0.4825572168981029,-0.38899499119890474,0.13257857813416782,1
1493749211700.0,-0.4817080741899733,-0.38731919747050003,0.13202997653041268,1
1493749236700.0,-0.48085893148184367,-0.3856434037420953,0.13148137492665754,1
1493749261700.0,-0.4800097887737141,-0.3839676100136906,0.13093277332290243,1
1493749286700.0,-0.4791606460655845,-0.38229181628528586,0.1303841717191473,1
1493749311700.0,-0.47831150335745487,-0.38061602255688115,0.12983557011539215,1
1493749336700.0,-0.4774623606493253,-0.37894022882847644,0.129286968511637,1
1493749361700.0,-0.47661321794119565,-0.37726443510007174,0.12873836690788187,1
1493749386700.0,-0.4757640752330661,-0.375588641371667,0.12818976530412673,1
1493749411700.0,-0.47491493252493644,-0.37391284764326227,0.12764116370037162,1
1493749436700.0,-0.47406578981680686,-0.37223705391485756,0.12709256209661648,1
1493749461700.0,-0.4732166471086773,-0.37056126018645286,0.12654396049286135,1
1493749486700.0,-0.47236750440054764,-0.3688854664580481,0.1259953588891062,1
1493749511700.0,-0.47151836169241806,-0.3672096727296434,0.12544675728535107,1
1493749536700.0,-0.47066921898428843,-0.3655338790012387,0.12489815568159594,1
1493749561700.0,-0.46982007627615885,-0.363858085272834,0.1243495540778408,1
1493749586700.0,-0.4689709335680292,-0.36218229154442927,0.12380095247408568,1
1493749611700.0,-0.46812179085989963,-0.3605064978160245,0.12325235087033054,1
1493749636700.0,-0.46727264815177,-0.3588307040876198,0.1227037492665754,1
1493749661700.0,-0.4664235054436404,-0.3571549103592151,0.12215514766282028,1
1493749686700.0,-0.4655743627355108,-0.35547911663081033,0.12160654605906514,1
1493749711700.0,-0.4647252200273812,-0.3538033229024056,0.12105794445531001,1
1493749736700.0,-0.4638760773192516,-0.3521275291740009,0.12050934285155487,1
1493749761700.0,-0.463026934611122,-0.3504517354455962,0.11996074124779973,1
1493749786700.0,-0.4621777919029924,-0.3487759417171915,0.1194121396440446,1
1493749811700.0,-0.46132864919486277,-0.34710014798878674,0.11886353804028947,1
1493749836700.0,-0.4604795064867332,-0.34542435426038204,0.11831493643653433,1
1493749861700.0,-0.45963036377860356,-0.34374856053197733,0.11776633483277921,1
1493749886700.0,-0.458781221070474,-0.34207276680357257,0.11721773322902407,1
1493749911700.0,-0.4579320783623444,-0.34039697307516786,0.11666913162526893,1
1493749936700.0,-0.45708293565421476,-0.33872117934676316,0.11612053002151379,1
1493749961700.0,-0.4562337929460852,-0.33704538561835845,0.11557192841775867,1
1493749986700.0,-0.45538465023795555,-0.33536959188995374,0.11502332681400353,1
1493750011700.0,-0.45453550752982597,-0.333693798161549,0.1144747252102484,1
1493750036700.0,-0.45368636482169633,-0.3320180044331443,0.11392612360649326,1
1493750061700.0,-0.45283722211356675,-0.33034221070473957,0.11337752200273812,1
1493750086700.0,-0.45198807940543717,-0.3286664169763348,0.11282892039898298,1
1493750111700.0,-0.45113893669730754,-0.3269906232479301,0.11228031879522786,1
1493750136700.0,-0.45028979398917796,-0.3253148295195254,0.11173171719147273,1
1493750161700.0,-0.4494406512810483,-0.3236390357911207,0.1111831155877176,1
1493750186700.0,-0.44859150857291874,-0.321963242062716,0.11063451398396246,1
1493750211700.0,-0.4477423658647891,-0.3202874483343112,0.11008591238020732,1
1493750236700.0,-0.4468932231566595,-0.3186116546059065,0.10953731077645219,1
1493750261700.0,-0.4460440804485299,-0.3169358608775018,0.10898870917269705,1
1493750286700.0,-0.4451949377404003,-0.31526006714909705,0.10844010756894193,1
1493750311700.0,-0.4443457950322707,-0.31358427342069234,0.10789150596518679,1
1493750336700.0,-0.4434966523241411,-0.31190847969228763,0.10734290436143165,1
1493750361700.0,-0.4426475096160115,-0.3102326859638829,0.10679430275767651,1
1493750386700.0,-0.4417983669078819,-0.3085568922354782,0.10624570115392139,1
1493750411700.0,-0.4409492241997523,-0.30688109850707346,0.10569709955016626,1
1493750436700.0,-0.44010008149162266,-0.30520530477866875,0.10514849794641112,1
1493750461700.0,-0.4392509387834931,-0.30352951105026404,0.10459989634265598,1
1493750486700.0,-0.43840179607536345,-0.3018537173218593,0.10405129473890085,1
1493750511700.0,-0.43755265336723387,-0.3001779235934546,0.1035026931351457,1
1493750536700.0,-0.4367035106591043,-0.29850212986504987,0.10295409153139058,1
1493750561700.0,-0.43585436795097465,-0.29682633613664516,0.10240548992763546,1
1493750586700.0,-0.435005225242845,-0.29515054240824046,0.10185688832388032,1
1493750611700.0,-0.43415608253471544,-0.2934747486798357,0.10130828672012518,1
1493750636700.0,-0.43330693982658586,-0.291798954951431,0.10075968511637004,1
1493750661700.0,-0.4324577971184562,-0.2901231612230263,0.10021108351261492,1
1493750686700.0,-0.43160865441032664,-0.2884473674946215,0.09966248190885978,1
1493750711700.0,-0.430759511702197,-0.28677157376621687,0.09911388030510465,1
1493750736700.0,-0.4299103689940674,-0.2850957800378121,0.09856527870134951,1
1493750761700.0,-0.4290612262859378,-0.2834199863094074,0.09801667709759437,1
1493750786700.0,-0.4282120835778082,-0.2817441925810027,0.09746807549383923,1
1493750811700.0,-0.42736294086967863,-0.28006839885259793,0.09691947389008411,1
1493750836700.0,-0.426513798161549,-0.2783926051241932,0.09637087228632898,1
1493750861700.0,-0.4256646554534194,-0.2767168113957885,0.09582227068257385,1
1493750886700.0,-0.4248155127452898,-0.27504101766738376,0.0952736690788187,1
1493750911700.0,-0.4239663700371602,-0.2733652239389791,0.09472506747506357,1
1493750936700.0,-0.42311722732903057,-0.27168943021057435,0.09417646587130843,1
1493750961700.0,-0.422268084620901,-0.27001363648216964,0.0936278642675533,1
1493750986700.0,-0.4214189419127714,-0.26833784275376493,0.09307926266379818,1
1493751011700.0,-0.42056979920464177,-0.26666204902536017,0.09253066106004304,1
1493751036700.0,-0.41972065649651213,-0.26498625529695546,0.0919820594562879,1
1493751061700.0,-0.41887151378838255,-0.26331046156855076,0.09143345785253276,1
1493751086700.0,-0.418022371080253,-0.261634667840146,0.09088485624877764,1
1493751111700.0,-0.41717322837212334,-0.25995887411174134,0.0903362546450225,1
1493751136700.0,-0.41632408566399376,-0.2582830803833366,0.08978765304126737,1
1493751161700.0,-0.4154749429558642,-0.2566072866549319,0.08923905143751223,1
1493751186700.0,-0.41462580024773454,-0.25493149292652717,0.0886904498337571,1
1493751211700.0,-0.4137766575396049,-0.2532556991981224,0.08814184823000196,1
1493751236700.0,-0.41292751483147533,-0.2515799054697177,0.08759324662624683,1
1493751261700.0,-0.41207837212334575,-0.249904111741313,0.08704464502249169,1
1493751286700.0,-0.4112292294152161,-0.24822831801290826,0.08649604341873657,1
1493751311700.0,-0.41038008670708653,-0.24655252428450355,0.08594744181498143,1
1493751336700.0,-0.4095309439989569,-0.24487673055609882,0.08539884021122629,1
1493751361700.0,-0.4086818012908273,-0.24320093682769411,0.08485023860747115,1
1493751386700.0,-0.4078326585826977,-0.24152514309928938,0.08430163700371603,1
1493751411700.0,-0.4069835158745681,-0.23984934937088467,0.0837530353999609,1
1493751436700.0,-0.4061343731664385,-0.23817355564247994,0.08320443379620576,1
1493751461700.0,-0.4052852304583089,-0.23649776191407523,0.08265583219245062,1
1493751486700.0,-0.4044360877501793,-0.2348219681856705,0.08210723058869548,1
1493751511700.0,-0.40358694504204967,-0.2331461744572658,0.08155862898494036,1
1493751536700.0,-0.4027378023339201,-0.23147038072886106,0.08101002738118522,1
1493751561700.0,-0.40188865962579046,-0.22979458700045635,0.08046142577743008,1
1493751586700.0,-0.4010395169176609,-0.22811879327205162,0.07991282417367496,1
1493751611700.0,-0.4001903742095313,-0.2264429995436469,0.07936422256991982,1
1493751636700.0,-0.39934123150140166,-0.22476720581524218,0.07881562096616469,1
1493751661700.0,-0.398492088793272,-0.22309141208683747,0.07826701936240955,1
1493751686700.0,-0.39764294608514245,-0.22141561835843274,0.07771841775865442,1
1493751711700.0,-0.39679380337701287,-0.21973982463002803,0.07716981615489929,1
1493751736700.0,-0.39594466066888323,-0.2180640309016233,0.07662121455114415,1
1493751761700.0,-0.39509551796075365,-0.2163882371732186,0.07607261294738901,1
1493751786700.0,-0.394246375252624,-0.21471244344481386,0.07552401134363389,1
1493751811700.0,-0.39339723254449444,-0.21303664971640915,0.07497540973987875,1
1493751836700.0,-0.3925480898363648,-0.21136085598800441,0.07442680813612361,1
1493751861700.0,-0.3916989471282352,-0.2096850622595997,0.07387820653236848,1
1493751886700.0,-0.39084980442010564,-0.20800926853119497,0.07332960492861335,1
1493751911700.0,-0.390000661711976,-0.20633347480279027,0.0727810033248582,1
1493751936700.0,-0.3891515190038464,-0.20465768107438553,0.07223240172110308,1
1493751961700.0,-0.3883023762957168,-0.20298188734598083,0.07168380011734794,1
1493751986700.0,-0.3874532335875872,-0.2013060936175761,0.0711351985135928,1
1493752011700.0,-0.3866040908794576,-0.1996302998891714,0.07058659690983768,1
1493752036700.0,-0.385754948171328,-0.19795450616076665,0.07003799530608254,1
1493752061700.0,-0.3849058054631984,-0.19627871243236195,0.06948939370232741,1
1493752086700.0,-0.3840566627550688,-0.1946029187039572,0.06894079209857228,1
1493752111700.0,-0.38320752004693914,-0.1929271249755525,0.06839219049481714,1
1493752136700.0,-0.38235837733880956,-0.19125133124714777,0.06784358889106201,1
1493752161700.0,-0.38150923463068,-0.18957553751874306,0.06729498728730687,1
1493752186700.0,-0.38066009192255035,-0.18789974379033833,0.06674638568355173,1
1493752211700.0,-0.37981094921442077,-0.18622395006193362,0.06619778407979661,1
1493752236700.0,-0.37896180650629113,-0.1845481563335289,0.06564918247604147,1
1493752261700.0,-0.37811266379816155,-0.18287236260512418,0.06510058087228633,1
1493752286700.0,-0.3772635210900319,-0.18119656887671945,0.0645519792685312,1
1493752311700.0,-0.37641437838190234,-0.17952077514831474,0.06400337766477607,1
1493752336700.0,-0.37556523567377276,-0.17784498141991,0.06345477606102093,1
1493752361700.0,-0.3747160929656431,-0.1761691876915053,0.0629061744572658,1
1493752386700.0,-0.3738669502575135,-0.1744933939631006,0.062357572853510665,1
1493752411700.0,-0.3730178075493839,-0.17281760023469583,0.061808971249755526,1
1493752436700.0,-0.3721686648412543,-0.17114180650629113,0.0612603696460004,1
1493752461700.0,-0.3713195221331247,-0.16946601277788642,0.06071176804224526,1
1493752486700.0,-0.3704703794249951,-0.16779021904948171,0.06016316643849014,1
1493752511700.0,-0.36962123671686553,-0.16611442532107695,0.059614564834735,1
1493752536700.0,-0.3687720940087359,-0.16443863159267225,0.05906596323097986,1
1493752561700.0,-0.36792295130060626,-0.16276283786426754,0.058517361627224734,1
1493752586700.0,-0.3670738085924767,-0.16108704413586283,0.057968760023469595,1
1493752611700.0,-0.3662246658843471,-0.15941125040745807,0.05742015841971446,1
1493752636700.0,-0.36537552317621746,-0.15773545667905337,0.05687155681595933,1
1493752661700.0,-0.3645263804680879,-0.15605966295064866,0.05632295521220419,1
1493752686700.0,-0.3636772377599583,-0.15438386922224395,0.055774353608449054,1
1493752711700.0,-0.36282809505182867,-0.1527080754938392,0.05522575200469393,1
1493752736700.0,-0.36197895234369903,-0.15103228176543448,0.05467715040093879,1
1493752761700.0,-0.36112980963556945,-0.14935648803702978,0.05412854879718365,1
1493752786700.0,-0.3602806669274399,-0.14768069430862507,0.053579947193428526,1
1493752811700.0,-0.35943152421931024,-0.1460049005802203,0.05303134558967339,1
1493752836700.0,-0.3585823815111806,-0.1443291068518156,0.05248274398591825,1
1493752861700.0,-0.357733238803051,-0.1426533131234109,0.05193414238216312,1
1493752886700.0,-0.35688409609492144,-0.1409775193950062,0.051385540778407984,1
1493752911700.0,-0.3560349533867918,-0.13930172566660148,0.050836939174652845,1
1493752936700.0,-0.35518581067866223,-0.13762593193819672,0.05028833757089772,1
1493752961700.0,-0.35433666797053265,-0.13595013820979202,0.04973973596714258,1
1493752986700.0,-0.353487525262403,-0.1342743444813873,0.049191134363387456,1
1493753011700.0,-0.3526383825542734,-0.1325985507529826,0.04864253275963232,1
1493753036700.0,-0.3517892398461438,-0.13092275702457784,0.04809393115587718,1
1493753061700.0,-0.3509400971380142,-0.12924696329617313,0.047545329552122054,1
1493753086700.0,-0.3500909544298846,-0.12757116956776843,0.046996727948366915,1
1493753111700.0,-0.349241811721755,-0.12589537583936372,0.046448126344611776,1
1493753136700.0,-0.3483926690136254,-0.12421958211095896,0.04589952474085665,1
1493753161700.0,-0.3475435263054958,-0.12254378838255425,0.04535092313710151,1
1493753186700.0,-0.34669438359736615,-0.12086799465414955,0.04480232153334637,1
1493753211700.0,-0.34584524088923657,-0.11919220092574484,0.04425371992959125,1
1493753236700.0,-0.344996098181107,-0.11751640719734008,0.04370511832583611,1
1493753261700.0,-0.34414695547297736,-0.11584061346893537,0.04315651672208097,1
1493753286700.0,-0.3432978127648477,-0.11416481974053067,0.042607915118325845,1
1493753311700.0,-0.3424486700567182,-0.11248902601212596,0.042059313514570706,1
1493753336700.0,-0.34159952734858856,-0.1108132322837212,0.04151071191081557,1
1493753361700.0,-0.3407503846404589,-0.10913743855531649,0.04096211030706044,1
1493753386700.0,-0.33990124193232935,-0.10746164482691178,0.040413508703305304,1
1493753411700.0,-0.33905209922419977,-0.10578585109850708,0.03986490709955018,1
1493753436700.0,-0.33820295651607013,-0.10411005737010232,0.03931630549579504,1
1493753461700.0,-0.3373538138079405,-0.10243426364169761,0.0387677038920399,1
1493753486700.0,-0.3365046710998109,-0.1007584699132929,0.038219102288284776,1
1493753511700.0,-0.33565552839168133,-0.0990826761848882,0.03767050068452964,1
1493753536700.0,-0.3348063856835517,-0.09740688245648343,0.0371218990807745,1
1493753561700.0,-0.3339572429754221,-0.09573108872807873,0.03657329747701937,1
1493753586700.0,-0.33310810026729254,-0.09405529499967402,0.036024695873264234,1
1493753611700.0,-0.3322589575591629,-0.09237950127126932,0.035476094269509095,1
1493753636700.0,-0.33140981485103327,-0.09070370754286455,0.03492749266575397,1
1493753661700.0,-0.3305606721429037,-0.08902791381445985,0.03437889106199883,1
1493753686700.0,-0.3297115294347741,-0.08735212008605514,0.03383028945824369,1
1493753711700.0,-0.3288623867266445,-0.08567632635765043,0.03328168785448857,1
1493753736700.0,-0.32801324401851484,-0.08400053262924567,0.03273308625073343,1
1493753761700.0,-0.3271641013103853,-0.08232473890084097,0.03218448464697829,1
1493753786700.0,-0.3263149586022557,-0.08064894517243626,0.031635883043223165,1
1493753811700.0,-0.32546581589412604,-0.07897315144403155,0.031087281439468026,1
1493753836700.0,-0.32461667318599646,-0.07729735771562679,0.0305386798357129,1
1493753861700.0,-0.3237675304778669,-0.07562156398722208,0.029990078231957762,1
1493753886700.0,-0.32291838776973725,-0.07394577025881738,0.029441476628202623,1
1493753911700.0,-0.3220692450616076,-0.07226997653041267,0.028892875024447498,1
1493753936700.0,-0.32122010235347803,-0.07059418280200791,0.02834427342069236,1
1493753961700.0,-0.32037095964534845,-0.0689183890736032,0.02779567181693722,1
1493753986700.0,-0.3195218169372188,-0.0672425953451985,0.027247070213182095,1
1493754011700.0,-0.31867267422908924,-0.06556680161679379,0.026698468609426956,1
1493754036700.0,-0.31782353152095966,-0.06389100788838903,0.026149867005671817,1
1493754061700.0,-0.31697438881283,-0.06221521415998432,0.025601265401916692,1
1493754086700.0,-0.3161252461047004,-0.060539420431579616,0.025052663798161554,1
1493754111700.0,-0.3152761033965708,-0.05886362670317491,0.024504062194406415,1
1493754136700.0,-0.3144269606884412,-0.05718783297477015,0.02395546059065129,1
1493754161700.0,-0.3135778179803116,-0.05551203924636544,0.02340685898689615,1
1493754186700.0,-0.312728675272182,-0.053836245517960735,0.022858257383141012,1
1493754211700.0,-0.31187953256405243,-0.05216045178955603,0.022309655779385887,1
1493754236700.0,-0.3110303898559228,-0.050484658061151266,0.021761054175630748,1
1493754261700.0,-0.31018124714779316,-0.04880886433274656,0.021212452571875623,1
1493754286700.0,-0.3093321044396636,-0.047133070604341853,0.020663850968120484,1
1493754311700.0,-0.308482961731534,-0.04545727687593715,0.020115249364365345,1
1493754336700.0,-0.30763381902340436,-0.043781483147532385,0.01956664776061022,1
1493754361700.0,-0.30678467631527473,-0.04210568941912768,0.019018046156855067,1
1493754386700.0,-0.30593553360714515,-0.04042989569072297,0.018469444553099956,1
1493754411700.0,-0.30508639089901557,-0.038754101962318266,0.017920842949344817,1
1493754436700.0,-0.30423724819088593,-0.037078308233913504,0.01737224134558968,1
1493754461700.0,-0.30338810548275635,-0.0354025145055088,0.01682363974183454,1
1493754486700.0,-0.3025389627746268,-0.03372672077710409,0.0162750381380794,1
1493754511700.0,-0.30168982006649714,-0.032050927048699385,0.01572643653432429,1
1493754536700.0,-0.3008406773583675,-0.030375133320294623,0.01517783493056915,1
1493754561700.0,-0.2999915346502379,-0.028699339591889916,0.014629233326814012,1
1493754586700.0,-0.29914239194210834,-0.02702354586348521,0.014080631723058873,1
1493754611700.0,-0.2982932492339787,-0.025347752135080504,0.013532030119303734,1
1493754636700.0,-0.29744410652584913,-0.02367195840667574,0.012983428515548595,1
1493754661700.0,-0.29659496381771955,-0.021996164678271035,0.012434826911793484,1
1493754686700.0,-0.2957458211095899,-0.02032037094986633,0.011886225308038345,1
1493754711700.0,-0.2948966784014603,-0.018644577221461622,0.011337623704283206,1
1493754736700.0,-0.2940475356933307,-0.01696878349305686,0.010789022100528067,1
1493754761700.0,-0.2931983929852011,-0.015292989764652154,0.010240420496772928,1
1493754786700.0,-0.2923492502770715,-0.013617196036247448,0.00969181889301779,1
1493754811700.0,-0.29150010756894185,-0.011941402307842741,0.009143217289262678,1
1493754836700.0,-0.29065096486081227,-0.01026560857943798,0.00859461568550754,1
1493754861700.0,-0.2898018221526827,-0.008589814851033273,0.0080460140817524,1
1493754886700.0,-0.28895267944455305,-0.006914021122628566,0.007497412477997262,1
1493754911700.0,-0.28810353673642347,-0.00523822739422386,0.006948810874242123,1
1493754936700.0,-0.2872543940282939,-0.003562433665819098,0.006400209270487012,1
1493754961700.0,-0.28640525132016426,-0.0018866399374143916,0.005851607666731873,1
1493754986700.0,-0.2855561086120346,-0.0002108462090096852,0.005303006062976734,1
1493755011700.0,-0.28470696590390504,0.0014649475193950212,0.004754404459221595,1
1493755036700.0,-0.28385782319577546,0.003140741247799783,0.004205802855466456,1
1493755061700.0,-0.2830086804876458,0.0048165349762044896,0.0036572012517113173,1
1493755086700.0,-0.28215953777951625,0.006492328704609196,0.003108599647956206,1
1493755111700.0,-0.28131039507138667,0.008168122433013902,0.0025599980442010672,1
1493755136700.0,-0.28046125236325703,0.009843916161418664,0.0020113964404459284,1
1493755161700.0,-0.2796121096551274,0.01151970988982337,0.0014627948366907895,1
1493755186700.0,-0.2787629669469978,0.013195503618228077,0.0009141932329356506,1
1493755211700.0,-0.27791382423886823,0.014871297346632784,0.0003655916291805117,1
1493755236700.0,-0.2770646815307386,0.016547091075037546,-0.00018300997457459944,1
1493755261700.0,-0.27621553882260896,0.018222884803442252,-0.0007316115783297383,1
1493755286700.0,-0.2753663961144794,0.01989867853184696,-0.0012802131820848772,1
1493755311700.0,-0.2745172534063498,0.021574472260251665,-0.0018288147858400161,1
1493755336700.0,-0.27366811069822017,0.023250265988656427,-0.002377416389595155,1
1493755361700.0,-0.2728189679900906,0.024926059717061133,-0.002926017993350294,1
1493755386700.0,-0.271969825281961,0.02660185344546584,-0.003474619597105405,1
1493755411700.0,-0.2711206825738314,0.028277647173870546,-0.004023221200860544,1
1493755436700.0,-0.27027153986570174,0.029953440902275308,-0.004571822804615683,1
1493755461700.0,-0.26942239715757216,0.031629234630680014,-0.005120424408370822,1
1493755486700.0,-0.2685732544494426,0.03330502835908472,-0.005669026012125961,1
1493755511700.0,-0.26772411174131294,0.03498082208748943,-0.006217627615881072,1
1493755536700.0,-0.26687496903318336,0.036656615815894134,-0.006766229219636211,1
1493755561700.0,-0.2660258263250538,0.038332409544298895,-0.0073148308233913495,1
1493755586700.0,-0.26517668361692415,0.0400082032727036,-0.007863432427146488,1
1493755611700.0,-0.2643275409087945,0.04168399700110831,-0.008412034030901627,1
1493755636700.0,-0.26347839820066493,0.043359790729513015,-0.008960635634656766,1
1493755661700.0,-0.26262925549253535,0.04503558445791778,-0.009509237238411877,1
1493755686700.0,-0.2617801127844057,0.04671137818632248,-0.010057838842167016,1
1493755711700.0,-0.2609309700762761,0.04838717191472719,-0.010606440445922155,1
1493755736700.0,-0.26008182736814656,0.050062965643131896,-0.011155042049677294,1
1493755761700.0,-0.2592326846600169,0.05173875937153666,-0.011703643653432433,1
1493755786700.0,-0.2583835419518873,0.053414553099941364,-0.012252245257187572,1
1493755811700.0,-0.2575343992437577,0.05509034682834607,-0.012800846860942683,1
1493755836700.0,-0.2566852565356281,0.05676614055675078,-0.013349448464697822,1
1493755861700.0,-0.2558361138274985,0.05844193428515554,-0.01389805006845296,1
1493755886700.0,-0.25498697111936885,0.060117728013560245,-0.0144466516722081,1
1493755911700.0,-0.2541378284112393,0.06179352174196495,-0.014995253275963238,1
1493755936700.0,-0.2532886857031097,0.06346931547036966,-0.01554385487971835,1
1493755961700.0,-0.25243954299498006,0.06514510919877442,-0.01609245648347349,1
1493755986700.0,-0.2515904002868505,0.06682090292717913,-0.016641058087228627,1
1493756011700.0,-0.2507412575787209,0.06849669665558383,-0.017189659690983766,1
1493756036700.0,-0.24989211487059126,0.07017249038398854,-0.017738261294738905,1
1493756061700.0,-0.24904297216246168,0.0718482841123933,-0.018286862898494044,1
1493756086700.0,-0.24819382945433205,0.07352407784079801,-0.018835464502249155,1
1493756111700.0,-0.24734468674620247,0.07519987156920271,-0.019384066106004294,1
1493756136700.0,-0.24649554403807283,0.07687566529760742,-0.019932667709759433,1
1493756161700.0,-0.24564640132994325,0.07855145902601218,-0.020481269313514572,1
1493756186700.0,-0.24479725862181362,0.08022725275441683,-0.02102987091726971,1
1493756211700.0,-0.24394811591368404,0.0819030464828216,-0.02157847252102485,1
1493756236700.0,-0.2430989732055544,0.08357884021122636,-0.02212707412477996,1
1493756261700.0,-0.24224983049742482,0.08525463393963101,-0.0226756757285351,1
1493756286700.0,-0.24140068778929524,0.08693042766803577,-0.02322427733229024,1
1493756311700.0,-0.2405515450811656,0.08860622139644053,-0.023772878936045377,1
1493756336700.0,1.4703,-0.2541,-1.1582,1
1493756361700.0,0.0302,0.0926,-0.179,1
1493756386700.0,0.0813,-0.0294,-0.0348,1
1493756411700.0,-0.0402,-0.0886,0.0678,1
1493756436700.0,-0.0092,-0.0055,-0.028,1
1493756461700.0,-0.0018,0.0041,0.0852,1
1493756486700.0,-0.0235,-0.0099,-0.0387,1
1493756511700.0,0.0197,-0.0243,-0.0335,1
1493756536700.0,0.0052,-0.0001,-0.0127,1
1493756561700.0,0.0345,0.0119,0.0364,1
1493756586700.0,-0.1185,-0.1618,0.0668,1
1493756611700.0,-0.0023,-0.0014,0.0182,1
1493756636700.0,-0.002,-0.0013,0.0023,1
1493756661700.0,0.0542,-0.0058,0.1172,1
1493756686700.0,-0.0123,0.017,0.0199,1
1493756711700.0,0.2365,-1.009,0.5771,1
1493756736700.0,0.0071,-0.043,-0.023,1
1493756761700.0,-0.0105,-0.0121,0.015,1
1493756786700.0,0.0512,0.0136,-0.0738,1
1493756811700.0,0.1424,-0.392,-0.039,1
1493756836700.0,0.0537,-0.1026,0.074,1
1493756861700.0,-0.0883,0.0291,0.0385,1
1493756886700.0,0.0761,-0.0768,0.0289,1
1493756911700.0,-0.0483,0.03,-0.0176,1
1493756936700.0,-0.0175,0.0264,0.0164,1
1493756961700.0,-0.0464,0.0434,-0.1108,1
1493756986700.0,-0.0096,-0.0095,0.0008,1
1493757011700.0,-0.0987,0.0945,-0.0011,1
1493757036700.0,-0.0082,-0.002,0.0359,1
1493757061700.0,0.0056,-0.0069,0.0194,1
1493757086700.0,0.0017,-0.0121,0.0005,1
1493757111700.0,0.105,0.0289,0.0009,1
1493757136700.0,0.0048,-0.0037,-0.0005,1
1493757161700.0,0.0076,-0.0019,0.0055,1
1493757186700.0,-0.2571,0.0828,0.0621,1
1493757211700.0,0.0189,0.0478,-0.0598,1
1493757236700.0,0.0056,-0.0119,0.017,1
1493757261700.0,0.0526,0.1174,-0.0458,1
1493757286700.0,0.0322,-0.0074,-0.0469,1
1493757311700.0,0.0056,-0.0213,-0.0601,1
1493757336700.0,-0.0293,0.0546,0.1397,1
1493757361700.0,-0.0045,-0.0108,0.0235,1
1493757386700.0,0.0292,-0.0754,0.1579,1
1493757411700.0,-0.0041,0.0008,0.0106,1
1493757436700.0,-0.0363,0.0109,0.0306,1
1493757461700.0,-0.0034,-0.0012,-0.0208,1
1493757486700.0,-0.0247,-0.0187,0.0092,1
1493757511700.0,-0.0001,0.0054,-0.0096,1
1493757536700.0,0.0178,0.0226,-0.033,1
1493757561700.0,0.0009,0.0009,0.0013,1
1493757586700.0,0.0228,0.0142,0.0375,1
1493757611700.0,-1.0596,-0.1293,-0.115,1
1493757636700.0,0.0417,0.0886,-0.2301,1
1493757661700.0,-0.0168,-0.0224,0.0161,1
1493757686700.0,0.1513,-0.2626,-0.0671,1
1493757711700.0,0.1037,-0.2303,-0.152,1
1493757736700.0,0.3063,0.1405,-0.0156,1
1493757761700.0,-0.0872,0.0583,0.0175,1
1493757786700.0,0.0133,0.3269,-0.23,1
1493757811700.0,-0.0077,0.0015,0.0108,1
1493757836700.0,-0.0005,-0.0017,0.0069,1
1493757861700.0,0.0014,-0.0014,0.0065,1
1493757886700.0,0.0001,-0.0022,0.0044,1
1493757911700.0,0.0076,0.0218,-0.0008,1
1493757936700.0,0.0239,-0.0523,-0.0055,1
1493757961700.0,0.0099,-0.0122,-0.0196,1
1493757986700.0,0.002,-0.0032,0.0007,1
1493758011700.0,-0.051,-0.0486,0.0077,1
1493758036700.0,-0.0047,-0.0012,-0.0045,1
1493758061700.0,-0.0582,0.0637,0.0113,1
1493758086700.0,-0.0019,-0.0023,0.0003,1
1493758111700.0,0.2696,-0.2451,0.35,1
1493758136700.0,0.0042,-0.0019,0.0056,1
1493758161700.0,-0.0065,0.0138,-0.0151,1
1493758186700.0,0.0105,-0.0117,-0.0065,1
1493758211700.0,-0.0043,0.0136,0.0117,1
1493758236700.0,-0.0013,0.0064,0.0097,1
1493758261700.0,0.0582,-0.0622,0.0522,1
1493758286700.0,0.0018,0.0232,0.0034,1
1493758311700.0,0.0843,0.0004,-0.0085,1
1493758336700.0,0.002,0.0004,0.0066,1
1493758361700.0,0.001,-0.0004,0.006,1
1493758386700.0,0.0012,0.0022,0.0055,1
1493758411700.0,0.0044,0.0051,0.0069,1
1493758436700.0,0.0015,-0.0003,0.0054,1
1493758461700.0,0.0004,-0.0028,0.0052,1
1493758486700.0,0.0011,-0.0063,0.0083,1
1493758511700.0,-0.0044,0.0003,0.0052,1
1493758536700.0,-0.0008,0.0015,0.0082,1
1493758561700.0,0.0043,0.0007,0.0064,1
1493758586700.0,0.0004,0.0011,0.0069,1
1493758611700.0,-0.0022,0.0035,0.0063,1
1493758636700.0,0.0021,0.0034,0.0066,1
1493758661700.0,0.01,0.0108,0.0126,1
1493758686700.0,-0.0025,0.0031,0.006,1
1493758711700.0,-0.0012,-0.0019,0.0048,1
1493758736700.0,0.0022,0.0043,0.0039,1
1493758761700.0,0.006,0.0015,0.0058,1
1493758786700.0,0.0006,0.0012,0.0066,1
1493758811700.0,0.0141,0.0108,0.009,1
1493758836700.0,-0.0012,-0.0009,0.0082,1
1493758861700.0,-0.003,-0.0016,0.011,1
1493758886700.0,-0.0005,-0.0011,0.0082,1
1493758911700.0,-0.0024,-0.0018,0.0045,1
1493758936700.0,0.0043,0.0073,-0.0105,1
1493758961700.0,0.0032,0.0021,0.0094,1
1493758986700.0,0.0006,0.0007,0.0065,1
1493759011700.0,0.0013655535136583778,0.0009200281398954804,0.008769462470567967,1
1493759036700.0,0.0016732737992687455,0.0005855079538276001,0.008526827657497273,1
1493759061700.0,0.001980994084879113,0.0002509877677597198,0.008284192844426578,1
1493759086700.0,0.002288714370489481,-8.353241830816056e-05,0.008041558031355884,1
1493759111700.0,0.002596434656099849,-0.0004180526043760409,0.0077989232182851895,1
1493759136700.0,0.0029041549417102163,-0.0007525727904439212,0.007556288405214495,1
1493759161700.0,0.0032118752273205837,-0.0010870929765118018,0.007313653592143801,1
1493759186700.0,0.0035195955129309515,-0.001421613162579682,0.0070710187790731065,1
1493759211700.0,0.0038273157985413194,-0.0017561333486475624,0.006828383966002412,1
1493759236700.0,0.004135036084151687,-0.0020906535347154425,0.006585749152931718,1
1493759261700.0,0.004442756369762054,-0.002425173720783323,0.006343114339861023,1
1493759286700.0,0.004750476655372422,-0.002759693906851203,0.006100479526790329,1
1493759311700.0,0.00505819694098279,-0.0030942140929190835,0.005857844713719635,1
1493759336700.0,0.005365917226593158,-0.003428734278986964,0.00561520990064894,1
1493759361700.0,0.005673637512203525,-0.003763254465054844,0.005372575087578246,1
1493759386700.0,0.005981357797813893,-0.0040977746511227245,0.005129940274507552,1
1493759411700.0,0.006289078083424261,-0.004432294837190605,0.004887305461436857,1
1493759436700.0,0.0065967983690346284,-0.004766815023258485,0.004644670648366163,1
1493759461700.0,0.006904518654644996,-0.0051013352093263655,0.0044020358352954685,1
1493759486700.0,0.007212238940255364,-0.005435855395394246,0.004159401022224775,1
1493759511700.0,0.007519959225865731,-0.005770375581462126,0.003916766209154081,1
1493759536700.0,0.0078276795114761,-0.0061048957675300065,0.0036741313960833863,1
1493759561700.0,0.008135399797086468,-0.006439415953597887,0.003431496583012692,1
1493759586700.0,0.008443120082696836,-0.006773936139665768,0.0031888617699419976,1
1493759611700.0,0.008750840368307203,-0.0071084563257336475,0.0029462269568713033,1
1493759636700.0,0.00905856065391757,-0.007442976511801529,0.002703592143800609,1
1493759661700.0,0.009366280939527937,-0.007777496697869408,0.0024609573307299145,1
1493759686700.0,0.009674001225138305,-0.00811201688393729,0.00221832251765922,1
1493759711700.0,0.009981721510748673,-0.008446537070005169,0.001975687704588526,1
1493759736700.0,0.010289441796359041,-0.00878105725607305,0.0017330528915178315,1
1493759761700.0,0.010597162081969409,-0.00911557744214093,0.001490418078447137,1
1493759786700.0,0.010904882367579777,-0.00945009762820881,0.0012477832653764427,1
1493759811700.0,0.011212602653190145,-0.00978461781427669,0.0010051484523057493,1
1493759836700.0,0.01152032293880051,-0.010119138000344571,0.0007625136392350549,1
1493759861700.0,0.011828043224410879,-0.01045365818641245,0.0005198788261643605,1
1493759886700.0,0.012135763510021247,-0.010788178372480332,0.0002772440130936662,1
1493759911700.0,0.012443483795631614,-0.011122698558548211,3.4609200022971826e-05,1
1493759936700.0,0.012751204081241982,-0.011457218744616093,-0.00020802561304772253,1
1493759961700.0,0.01305892436685235,-0.011791738930683972,-0.0004506604261184169,1
1493759986700.0,0.013366644652462718,-0.012126259116751853,-0.0006932952391891112,1
1493760011700.0,0.013674364938073086,-0.012460779302819733,-0.0009359300522598056,1
1493760036700.0,0.013982085223683454,-0.012795299488887614,-0.0011785648653305,1
1493760061700.0,0.014289805509293822,-0.013129819674955493,-0.0014211996784011943,1
1493760086700.0,0.014597525794904188,-0.013464339861023375,-0.0016638344914718887,1
1493760111700.0,0.014905246080514556,-0.013798860047091254,-0.001906469304542583,1
1493760136700.0,0.015212966366124923,-0.014133380233159135,-0.0021491041176132774,1
1493760161700.0,0.015520686651735291,-0.014467900419227015,-0.0023917389306839718,1
1493760186700.0,0.01582840693734566,-0.014802420605294894,-0.002634373743754666,1
1493760211700.0,0.01613612722295603,-0.015136940791362775,-0.0028770085568253605,1
1493760236700.0,0.016443847508566395,-0.015471460977430657,-0.003119643369896055,1
1493760261700.0,0.016751567794176764,-0.015805981163498538,-0.003362278182966749,1
1493760286700.0,0.01705928807978713,-0.016140501349566416,-0.0036049129960374435,1
1493760311700.0,0.017367008365397497,-0.016475021535634297,-0.003847547809108138,1
1493760336700.0,0.017674728651007866,-0.016809541721702178,-0.004090182622178832,1
1493760361700.0,0.017982448936618232,-0.01714406190777006,-0.004332817435249527,1
1493760386700.0,0.018290169222228602,-0.017478582093837937,-0.004575452248320221,1
1493760411700.0,0.018597889507838968,-0.017813102279905818,-0.004818087061390915,1
1493760436700.0,0.018905609793449338,-0.0181476224659737,-0.00506072187446161,1
1493760461700.0,0.019213330079059704,-0.01848214265204158,-0.005303356687532304,1
1493760486700.0,0.01952105036467007,-0.018816662838109458,-0.005545991500602997,1
1493760511700.0,0.01982877065028044,-0.01915118302417734,-0.005788626313673691,1
1493760536700.0,0.020136490935890806,-0.01948570321024522,-0.006031261126744385,1
1493760561700.0,0.020444211221501175,-0.019820223396313102,-0.00627389593981508,1
1493760586700.0,0.02075193150711154,-0.02015474358238098,-0.006516530752885774,1
1493760611700.0,0.02105965179272191,-0.02048926376844886,-0.0067591655659564685,1
1493760636700.0,0.021367372078332277,-0.020823783954516742,-0.0070018003790271646,1
1493760661700.0,0.021675092363942647,-0.021158304140584623,-0.007244435192097857,1
1493760686700.0,0.021982812649553013,-0.0214928243266525,-0.007487070005168553,1
1493760711700.0,0.022290532935163383,-0.021827344512720382,-0.007729704818239246,1
1493760736700.0,0.02259825322077375,-0.022161864698788263,-0.007972339631309942,1
1493760761700.0,0.022905973506384115,-0.022496384884856144,-0.008214974444380635,1
1493760786700.0,0.023213693791994484,-0.022830905070924022,-0.00845760925745133,1
1493760811700.0,0.02352141407760485,-0.023165425256991903,-0.008700244070522023,1
1493760836700.0,0.02382913436321522,-0.023499945443059785,-0.00894287888359272,1
1493760861700.0,0.024136854648825586,-0.023834465629127666,-0.009185513696663412,1
1493760886700.0,0.024444574934435956,-0.024168985815195543,-0.009428148509734105,1
1493760911700.0,0.024752295220046322,-0.024503506001263425,-0.0096707833228048,1
1493760936700.0,0.02506001550565669,-0.024838026187331306,-0.009913418135875493,1
1493760961700.0,0.025367735791267058,-0.025172546373399187,-0.01015605294894619,1
1493760986700.0,0.025675456076877427,-0.025507066559467065,-0.010398687762016882,1
1493761011700.0,0.025983176362487793,-0.025841586745534946,-0.010641322575087578,1
1493761036700.0,0.02629089664809816,-0.026176106931602827,-0.01088395738815827,1
1493761061700.0,0.02659861693370853,-0.02651062711767071,-0.011126592201228967,1
1493761086700.0,0.026906337219318895,-0.02684514730373859,-0.01136922701429966,1
1493761111700.0,0.027214057504929265,-0.027179667489806467,-0.011611861827370356,1
1493761136700.0,0.02752177779053963,-0.02751418767587435,-0.011854496640441048,1
1493761161700.0,0.02782949807615,-0.02784870786194223,-0.012097131453511744,1
1493761186700.0,0.028137218361760367,-0.02818322804801011,-0.012339766266582437,1
1493761211700.0,0.028444938647370736,-0.02851774823407799,-0.012582401079653133,1
1493761236700.0,0.028752658932981102,-0.02885226842014587,-0.012825035892723826,1
1493761261700.0,0.029060379218591472,-0.02918678860621375,-0.013067670705794522,1
1493761286700.0,0.029368099504201838,-0.029521308792281632,-0.013310305518865214,1
1493761311700.0,0.029675819789812204,-0.02985582897834951,-0.01355294033193591,1
1493761336700.0,0.029983540075422574,-0.03019034916441739,-0.013795575145006603,1
1493761361700.0,0.03029126036103294,-0.030524869350485272,-0.0140382099580773,1
1493761386700.0,0.03059898064664331,-0.030859389536553154,-0.014280844771147992,1
1493761411700.0,0.030906700932253676,-0.031193909722621035,-0.014523479584218688,1
1493761436700.0,0.031214421217864045,-0.03152842990868892,-0.01476611439728938,1
1493761461700.0,0.03152214150347441,-0.031862950094756794,-0.015008749210360077,1
1493761486700.0,0.031829861789084785,-0.032197470280824675,-0.01525138402343077,1
1493761511700.0,0.03213758207469515,-0.032531990466892556,-0.015494018836501465,1
1493761536700.0,0.03244530236030552,-0.03286651065296044,-0.015736653649572156,1
1493761561700.0,0.03275302264591588,-0.03320103083902832,-0.015979288462642856,1
1493761586700.0,0.03306074293152625,-0.0335355510250962,-0.01622192327571355,1
1493761611700.0,0.033368463217136615,-0.03387007121116408,-0.01646455808878424,1
1493761636700.0,0.03367618350274699,-0.03420459139723196,-0.016707192901854934,1
1493761661700.0,0.033983903788357354,-0.034539111583299836,-0.016949827714925626,1
1493761686700.0,0.03429162407396772,-0.03487363176936772,-0.017192462527996326,1
1493761711700.0,0.03459934435957809,-0.0352081519554356,-0.01743509734106702,1
1493761736700.0,0.03490706464518846,-0.03554267214150348,-0.01767773215413771,1
1493761761700.0,0.035214784930798826,-0.03587719232757136,-0.017920366967208404,1
1493761786700.0,0.03552250521640919,-0.03621171251363924,-0.018163001780279103,1
1493761811700.0,0.03583022550201956,-0.036546232699707124,-0.018405636593349796,1
1493761836700.0,0.036137945787629924,-0.036880752885775005,-0.01864827140642049,1
1493761861700.0,0.0364456660732403,-0.03721527307184288,-0.01889090621949118,1
1493761886700.0,0.03675338635885066,-0.03754979325791076,-0.01913354103256188,1
1493761911700.0,0.03706110664446103,-0.03788431344397864,-0.019376175845632573,1
1493761936700.0,0.037368826930071396,-0.03821883363004652,-0.019618810658703266,1
1493761961700.0,0.03767654721568177,-0.038553353816114404,-0.01986144547177396,1
1493761986700.0,0.037984267501292135,-0.038887874002182285,-0.020104080284844658,1
1493762011700.0,0.0382919877869025,-0.039222394188250166,-0.02034671509791535,1
1493762036700.0,0.03859970807251287,-0.03955691437431805,-0.020589349910986043,1
1493762061700.0,0.03890742835812323,-0.03989143456038592,-0.020831984724056736,1
1493762086700.0,0.039215148643733606,-0.0402259547464538,-0.021074619537127436,1
1493762111700.0,0.03952286892934397,-0.040560474932521684,-0.021317254350198128,1
1493762136700.0,0.03983058921495434,-0.040894995118589565,-0.02155988916326882,1
1493762161700.0,0.040138309500564705,-0.041229515304657446,-0.021802523976339513,1
1493762186700.0,0.04044602978617508,-0.04156403549072533,-0.022045158789410213,1
1493762211700.0,0.040753750071785444,-0.04189855567679321,-0.022287793602480906,1
1493762236700.0,0.04106147035739581,-0.04223307586286109,-0.022530428415551598,1
1493762261700.0,0.041369190643006176,-0.042567596048928964,-0.022773063228622298,1
1493762286700.0,0.04167691092861655,-0.042902116234996845,-0.02301569804169299,1
1493762311700.0,0.041984631214226915,-0.04323663642106473,-0.023258332854763683,1
1493762336700.0,0.04229235149983728,-0.04357115660713261,-0.023500967667834376,1
1493762361700.0,0.04260007178544765,-0.04390567679320049,-0.023743602480905075,1
1493762386700.0,0.042907792071058014,-0.04424019697926837,-0.023986237293975768,1
1493762411700.0,0.04321551235666839,-0.04457471716533625,-0.02422887210704646,1
1493762436700.0,0.04352323264227875,-0.04490923735140413,-0.024471506920117153,1
1493762461700.0,0.04383095292788912,-0.04524375753747201,-0.024714141733187846,1
1493762486700.0,0.044138673213499485,-0.04557827772353989,-0.024956776546258545,1
1493762511700.0,0.04444639349910986,-0.04591279790960777,-0.025199411359329238,1
1493762536700.0,0.044754113784720224,-0.04624731809567565,-0.02544204617239993,1
1493762561700.0,0.04506183407033059,-0.04658183828174353,-0.025684680985470623,1
1493762586700.0,0.04536955435594096,-0.04691635846781141,-0.025927315798541323,1
1493762611700.0,0.04567727464155132,-0.047250878653879294,-0.026169950611612015,1
1493762636700.0,0.045984994927161696,-0.047585398839947175,-0.026412585424682708,1
1493762661700.0,0.04629271521277206,-0.04791991902601505,-0.0266552202377534,1
1493762686700.0,0.04660043549838243,-0.04825443921208293,-0.0268978550508241,1
1493762711700.0,0.046908155783992794,-0.04858895939815081,-0.027140489863894793,1
1493762736700.0,0.04721587606960317,-0.04892347958421869,-0.027383124676965485,1
1493762761700.0,0.047523596355213533,-0.049257999770286574,-0.027625759490036178,1
1493762786700.0,0.0478313166408239,-0.049592519956354456,-0.027868394303106878,1
1493762811700.0,0.048139036926434266,-0.04992704014242234,-0.02811102911617757,1
1493762836700.0,0.04844675721204464,-0.05026156032849022,-0.028353663929248263,1
1493762861700.0,0.048754477497655005,-0.0505960805145581,-0.028596298742318955,1
1493762886700.0,0.04906219778326537,-0.05093060070062597,-0.028838933555389655,1
1493762911700.0,0.04936991806887574,-0.051265120886693855,-0.029081568368460348,1
1493762936700.0,0.0496776383544861,-0.051599641072761736,-0.02932420318153104,1
1493762961700.0,0.049985358640096476,-0.05193416125882962,-0.029566837994601733,1
1493762986700.0,0.05029307892570684,-0.0522686814448975,-0.029809472807672432,1
1493763011700.0,0.05060079921131721,-0.05260320163096538,-0.030052107620743125,1
1493763036700.0,0.050908519496927575,-0.05293772181703326,-0.030294742433813818,1
1493763061700.0,0.05121623978253795,-0.05327224200310114,-0.03053737724688451,1
1493763086700.0,0.051523960068148314,-0.053606762189169016,-0.03078001205995521,1
1493763111700.0,0.05183168035375868,-0.0539412823752369,-0.031022646873025903,1
1493763136700.0,0.052139400639369046,-0.05427580256130478,-0.031265281686096595,1
1493763161700.0,0.05244712092497941,-0.05461032274737266,-0.03150791649916729,1
1493763186700.0,0.052754841210589785,-0.05494484293344054,-0.03175055131223799,1
1493763211700.0,0.05306256149620015,-0.05527936311950842,-0.03199318612530868,1
1493763236700.0,0.05337028178181052,-0.0556138833055763,-0.03223582093837937,1
1493763261700.0,0.053678002067420884,-0.055948403491644184,-0.032478455751450065,1
1493763286700.0,0.05398572235303126,-0.05628292367771206,-0.03272109056452076,1
1493763311700.0,0.05429344263864162,-0.05661744386377994,-0.03296372537759146,1
1493763336700.0,0.05460116292425199,-0.05695196404984782,-0.03320636019066215,1
1493763361700.0,0.054908883209862355,-0.0572864842359157,-0.03344899500373284,1
1493763386700.0,0.05521660349547272,-0.05762100442198358,-0.033691629816803535,1
1493763411700.0,0.055524323781083094,-0.057955524608051465,-0.033934264629874235,1
1493763436700.0,0.05583204406669346,-0.058290044794119346,-0.03417689944294493,1
1493763461700.0,0.05613976435230383,-0.05862456498018723,-0.03441953425601562,1
1493763486700.0,0.05644748463791419,-0.0589590851662551,-0.03466216906908631,1
1493763511700.0,0.056755204923524566,-0.05929360535232298,-0.03490480388215701,1
1493763536700.0,0.05706292520913493,-0.059628125538390864,-0.035147438695227705,1
1493763561700.0,0.0573706454947453,-0.059962645724458745,-0.0353900735082984,1
1493763586700.0,0.057678365780355664,-0.060297165910526626,-0.03563270832136909,1
1493763611700.0,0.05798608606596604,-0.06063168609659451,-0.03587534313443979,1
1493763636700.0,0.058293806351576404,-0.06096620628266239,-0.03611797794751048,1
1493763661700.0,0.05860152663718677,-0.06130072646873027,-0.036360612760581175,1
1493763686700.0,0.058909246922797136,-0.061635246654798144,-0.03660324757365187,1
1493763711700.0,0.0592169672084075,-0.06196976684086603,-0.03684588238672257,1
1493763736700.0,0.059524687494017875,-0.062304287026933906,-0.03708851719979326,1
1493763761700.0,0.05983240777962824,-0.06263880721300179,-0.03733115201286395,1
1493763786700.0,0.06014012806523861,-0.06297332739906966,-0.037573786825934645,1
1493763811700.0,0.06044784835084897,-0.06330784758513754,-0.037816421639005345,1
1493763836700.0,0.060755568636459346,-0.06364236777120542,-0.03805905645207604,1
1493763861700.0,0.06106328892206971,-0.0639768879572733,-0.03830169126514673,1
1493763886700.0,0.06137100920768008,-0.06431140814334119,-0.03854432607821742,1
1493763911700.0,0.061678729493290445,-0.06464592832940906,-0.03878696089128812,1
1493763936700.0,0.06198644977890081,-0.06498044851547695,-0.039029595704358815,1
1493763961700.0,0.062294170064511184,-0.06531496870154482,-0.03927223051742951,1
1493763986700.0,0.06260189035012155,-0.0656494888876127,-0.0395148653305002,1
1493764011700.0,0.06290961063573192,-0.06598400907368059,-0.0397575001435709,1
1493764036700.0,0.06321733092134228,-0.06631852925974846,-0.04000013495664159,1
1493764061700.0,0.06352505120695266,-0.06665304944581635,-0.040242769769712285,1
1493764086700.0,0.06383277149256303,-0.06698756963188422,-0.04048540458278298,1
1493764111700.0,0.0641404917781734,-0.06732208981795211,-0.04072803939585367,1
1493764136700.0,0.06444821206378376,-0.06765661000401998,-0.04097067420892437,1
1493764161700.0,0.06475593234939413,-0.06799113019008787,-0.04121330902199506,1
1493764186700.0,0.06506365263500449,-0.06832565037615575,-0.041455943835065755,1
1493764211700.0,0.06537137292061486,-0.06866017056222362,-0.04169857864813645,1
1493764236700.0,-0.0925,-0.0089,0.0388,1
1493764261700.0,0.0536,0.0521,-0.0925,1
1493764286700.0,-0.3544,-0.2876,0.1017,1
1493764311700.0,0.0842,-0.9083,0.1682,1
1493764336700.0,-0.4088,-0.9296,-1.5492,1
1493764361700.0,-0.0417,-0.036,-0.0005,1
1493764386700.0,-0.466,-0.0849,0.3693,1
1493764411700.0,-0.0089,0.0048,-0.0424,1
1493764436700.0,-0.1301,-0.1196,-0.0386,1
1493764461700.0,0.0003,0.0145,0.0158,1
1493764486700.0,0.1051,-0.0624,0.0836,1
1493764511700.0,0.06240164551864371,-0.00034218931551705927,0.01618948254462871,1
1493764536700.0,0.062231482056089575,-0.00024217083025245592,0.01634429663568184,1
1493764561700.0,0.06206131859353544,-0.00014215234498785257,0.016499110726734975,1
1493764586700.0,0.061891155130981305,-4.2133859723249214e-05,0.016653924817788105,1
1493764611700.0,0.06172099166842717,5.788462554135414e-05,0.01680873890884124,1
1493764636700.0,0.061550828205873036,0.0001579031108059575,0.01696355299989437,1
1493764661700.0,0.061380664743318894,0.00025792159607056084,0.017118367090947502,1
1493764686700.0,0.06121050128076476,0.0003579400813351642,0.017273181182000635,1
1493764711700.0,0.061040337818210624,0.00045795856659976755,0.017427995273053765,1
1493764736700.0,0.06087017435565649,0.000557977051864371,0.0175828093641069,1
1493764761700.0,0.060700010893102355,0.0006579955371289743,0.01773762345516003,1
1493764786700.0,0.06052984743054822,0.0007580140223935777,0.017892437546213162,1
1493764811700.0,0.060359683967994085,0.000858032507658181,0.018047251637266292,1
1493764836700.0,0.06018952050543995,0.0009580509929227844,0.018202065728319426,1
1493764861700.0,0.060019357042885815,0.0010580694781873877,0.018356879819372555,1
1493764886700.0,0.05984919358033168,0.001158087963451991,0.01851169391042569,1
1493764911700.0,0.059679030117777546,0.0012581064487165944,0.018666508001478822,1
1493764936700.0,0.05950886665522341,0.0013581249339811978,0.018821322092531952,1
1493764961700.0,0.05933870319266927,0.0014581434192458011,0.018976136183585086,1
1493764986700.0,0.059168539730115134,0.0015581619045104045,0.019130950274638216,1
1493765011700.0,0.058998376267561,0.001658180389775008,0.01928576436569135,1
1493765036700.0,0.058828212805006865,0.0017581988750396112,0.01944057845674448,1
1493765061700.0,0.05865804934245273,0.0018582173603042147,0.019595392547797612,1
1493765086700.0,0.058487885879898595,0.0019582358455688177,0.019750206638850746,1
1493765111700.0,0.05831772241734446,0.0020582543308334212,0.019905020729903876,1
1493765136700.0,0.058147558954790325,0.0021582728160980244,0.02005983482095701,1
1493765161700.0,0.05797739549223619,0.002258291301362628,0.02021464891201014,1
1493765186700.0,0.057807232029682055,0.002358309786627231,0.020369463003063273,1
1493765211700.0,0.05763706856712792,0.0024583282718918346,0.020524277094116403,1
1493765236700.0,0.05746690510457378,0.0025583467571564378,0.020679091185169536,1
1493765261700.0,0.057296741642019644,0.0026583652424210413,0.02083390527622267,1
1493765286700.0,0.05712657817946551,0.0027583837276856445,0.0209887193672758,1
1493765311700.0,0.056956414716911374,0.002858402212950248,0.021143533458328933,1
1493765336700.0,0.05678625125435724,0.002958420698214851,0.021298347549382063,1
1493765361700.0,0.056616087791803105,0.0030584391834794548,0.021453161640435196,1
1493765386700.0,0.05644592432924897,0.003158457668744058,0.02160797573148833,1
1493765411700.0,0.056275760866694835,0.0032584761540086615,0.02176278982254146,1
1493765436700.0,0.0561055974041407,0.0033584946392732646,0.02191760391359459,1
1493765461700.0,0.055935433941586565,0.003458513124537868,0.022072418004647723,1
1493765486700.0,0.05576527047903243,0.0035585316098024717,0.022227232095700857,1
1493765511700.0,0.055595107016478296,0.003658550095067075,0.022382046186753986,1
1493765536700.0,0.05542494355392416,0.003758568580331678,0.02253686027780712,1
1493765561700.0,0.05525478009137002,0.003858587065596282,0.02269167436886025,1
1493765586700.0,0.055084616628815884,0.003958605550860885,0.022846488459913383,1
1493765611700.0,0.05491445316626175,0.004058624036125488,0.023001302550966517,1
1493765636700.0,0.054744289703707615,0.004158642521390091,0.023156116642019647,1
1493765661700.0,0.05457412624115348,0.004258661006654695,0.02331093073307278,1
1493765686700.0,0.054403962778599345,0.0043586794919192986,0.02346574482412591,1
1493765711700.0,0.05423379931604521,0.004458697977183902,0.023620558915179043,1
1493765736700.0,0.054063635853491075,0.004558716462448505,0.023775373006232173,1
1493765761700.0,0.05389347239093694,0.004658734947713109,0.023930187097285307,1
1493765786700.0,0.053723308928382806,0.004758753432977712,0.024085001188338437,1
1493765811700.0,0.053553145465828664,0.004858771918242315,0.02423981527939157,1
1493765836700.0,0.05338298200327453,0.004958790403506918,0.024394629370444704,1
1493765861700.0,0.053212818540720394,0.005058808888771522,0.024549443461497834,1
1493765886700.0,0.05304265507816626,0.005158827374036125,0.024704257552550967,1
1493765911700.0,0.052872491615612124,0.0052588458593007285,0.024859071643604097,1
1493765936700.0,0.05270232815305799,0.005358864344565332,0.02501388573465723,1
1493765961700.0,0.052532164690503855,0.005458882829829936,0.025168699825710364,1
1493765986700.0,0.05236200122794972,0.005558901315094539,0.025323513916763494,1
1493766011700.0,0.052191837765395585,0.005658919800359142,0.025478328007816624,1
1493766036700.0,0.05202167430284145,0.005758938285623745,0.025633142098869757,1
1493766061700.0,0.051851510840287315,0.005858956770888349,0.02578795618992289,1
1493766086700.0,0.05168134737773318,0.005958975256152952,0.025942770280976024,1
1493766111700.0,0.051511183915179046,0.006058993741417555,0.026097584372029154,1
1493766136700.0,0.05134102045262491,0.0061590122266821585,0.026252398463082284,1
1493766161700.0,0.051170856990070776,0.0062590307119467625,0.026407212554135417,1
1493766186700.0,0.051000693527516634,0.006359049197211366,0.02656202664518855,1
1493766211700.0,0.0508305300649625,0.006459067682475969,0.02671684073624168,1
1493766236700.0,0.050660366602408365,0.006559086167740572,0.02687165482729481,1
1493766261700.0,0.05049020313985423,0.006659104653005176,0.027026468918347944,1
1493766286700.0,0.050320039677300095,0.006759123138269779,0.027181283009401078,1
1493766311700.0,0.05014987621474596,0.006859141623534382,0.02733609710045421,1
1493766336700.0,0.049979712752191825,0.006959160108798985,0.02749091119150734,1
1493766361700.0,0.04980954928963769,0.007059178594063589,0.02764572528256047,1
1493766386700.0,0.049639385827083556,0.007159197079328192,0.027800539373613604,1
1493766411700.0,0.049469222364529414,0.0072592155645927955,0.027955353464666738,1
1493766436700.0,0.04929905890197528,0.007359234049857399,0.02811016755571987,1
1493766461700.0,0.049128895439421144,0.007459252535122003,0.028264981646773,1
1493766486700.0,0.04895873197686701,0.007559271020386606,0.02841979573782613,1
1493766511700.0,0.048788568514312874,0.007659289505651209,0.028574609828879265,1
1493766536700.0,0.04861840505175874,0.007759307990915812,0.028729423919932398,1
1493766561700.0,0.048448241589204605,0.007859326476180416,0.028884238010985528,1
1493766586700.0,0.04827807812665047,0.007959344961445021,0.029039052102038658,1
1493766611700.0,0.048107914664096335,0.008059363446709624,0.02919386619309179,1
1493766636700.0,0.0479377512015422,0.008159381931974227,0.029348680284144925,1
1493766661700.0,0.047767587738988065,0.00825940041723883,0.02950349437519806,1
1493766686700.0,0.04759742427643393,0.008359418902503434,0.029658308466251188,1
1493766711700.0,0.047427260813879796,0.008459437387768037,0.029813122557304318,1
1493766736700.0,0.04725709735132566,0.00855945587303264,0.02996793664835745,1
1493766761700.0,0.047086933888771526,0.008659474358297243,0.030122750739410585,1
1493766786700.0,0.046916770426217384,0.008759492843561848,0.030277564830463715,1
1493766811700.0,0.04674660696366325,0.008859511328826451,0.03043237892151685,1
1493766836700.0,0.046576443501109115,0.008959529814091054,0.03058719301256998,1
1493766861700.0,0.04640628003855498,0.009059548299355657,0.030742007103623112,1
1493766886700.0,0.046236116576000845,0.00915956678462026,0.030896821194676245,1
1493766911700.0,0.04606595311344671,0.009259585269884863,0.031051635285729375,1
1493766936700.0,0.045895789650892575,0.009359603755149467,0.031206449376782505,1
1493766961700.0,0.045725626188338434,0.00945962224041407,0.03136126346783564,1
1493766986700.0,0.0455554627257843,0.009559640725678675,0.03151607755888877,1
1493767011700.0,0.045385299263230164,0.009659659210943278,0.031670891649941905,1
1493767036700.0,0.04521513580067603,0.00975967769620788,0.03182570574099504,1
1493767061700.0,0.045044972338121894,0.009859696181472484,0.031980519832048165,1
1493767086700.0,0.04487480887556776,0.009959714666737087,0.0321353339231013,1
1493767111700.0,0.044704645413013624,0.01005973315200169,0.03229014801415443,1
1493767136700.0,0.04453448195045949,0.010159751637266293,0.03244496210520756,1
1493767161700.0,0.044364318487905355,0.010259770122530897,0.0325997761962607,1
1493767186700.0,0.04419415502535122,0.010359788607795501,0.032754590287313826,1
1493767211700.0,0.044023991562797085,0.010459807093060105,0.03290940437836696,1
1493767236700.0,0.04385382810024295,0.010559825578324708,0.03306421846942009,1
1493767261700.0,0.043683664637688815,0.01065984406358931,0.03321903256047322,1
1493767286700.0,0.04351350117513468,0.010759862548853914,0.03337384665152636,1
1493767311700.0,0.043343337712580546,0.010859881034118517,0.033528660742579486,1
1493767336700.0,0.04317317425002641,0.01095989951938312,0.03368347483363262,1
1493767361700.0,0.043003010787472276,0.011059918004647723,0.03383828892468575,1
1493767386700.0,0.04283284732491814,0.011159936489912328,0.03399310301573888,1
1493767411700.0,0.042662683862364,0.011259954975176931,0.03414791710679201,1
1493767436700.0,0.042492520399809865,0.011359973460441534,0.034302731197845146,1
1493767461700.0,0.04232235693725573,0.011459991945706138,0.03445754528889828,1
1493767486700.0,0.042152193474701595,0.01156001043097074,0.03461235937995141,1
1493767511700.0,0.04198203001214746,0.011660028916235344,0.03476717347100454,1
1493767536700.0,0.041811866549593325,0.011760047401499947,0.03492198756205767,1
1493767561700.0,0.041641703087039184,0.011860065886764552,0.035076801653110806,1
1493767586700.0,0.04147153962448505,0.011960084372029155,0.03523161574416393,1
1493767611700.0,0.041301376161930914,0.012060102857293758,0.03538642983521707,1
1493767636700.0,0.04113121269937678,0.012160121342558361,0.0355412439262702,1
1493767661700.0,0.040961049236822644,0.012260139827822964,0.03569605801732333,1
1493767686700.0,0.04079088577426851,0.012360158313087568,0.035850872108376466,1
1493767711700.0,0.040620722311714375,0.01246017679835217,0.03600568619942959,1
1493767736700.0,0.04045055884916024,0.012560195283616774,0.03616050029048273,1
1493767761700.0,0.040280395386606105,0.012660213768881379,0.03631531438153586,1
1493767786700.0,0.04011023192405197,0.012760232254145982,0.03647012847258899,1
1493767811700.0,0.039940068461497835,0.012860250739410585,0.03662494256364213,1
1493767836700.0,0.0397699049989437,0.012960269224675188,0.03677975665469525,1
1493767861700.0,0.039599741536389566,0.013060287709939791,0.036934570745748393,1
1493767886700.0,0.03942957807383543,0.013160306195204394,0.03708938483680152,1
1493767911700.0,0.039259414611281296,0.013260324680468998,0.03724419892785465,1
1493767936700.0,0.03908925114872716,0.0133603431657336,0.03739901301890779,1
1493767961700.0,0.038919087686173026,0.013460361650998206,0.03755382710996091,1
1493767986700.0,0.038748924223618884,0.013560380136262809,0.03770864120101405,1
1493768011700.0,0.03857876076106475,0.013660398621527412,0.03786345529206718,1
1493768036700.0,0.038408597298510615,0.013760417106792015,0.038018269383120314,1
1493768061700.0,0.03823843383595648,0.013860435592056618,0.03817308347417345,1
1493768079100.0,0.0381200000660188,0.013930048457800782,0.03828083408154642,1
