1493736978600.0,-0.0001,0.0008,-0.004,0
1493737003600.0,-0.0016358490566037735,-2.2641509433962573e-05,-0.005590296495956873,0
1493737028600.0,0.0467,0.0591,0.0591,0
1493737053600.0,0.0004,-0.0001,-0.004,0
1493737078600.0,-0.0025,-0.0014,-0.0054,0
1493737103600.0,0.0001,-0.0003,-0.0076,0
1493737128600.0,0.0006456953642384106,4.1721854304635744e-05,-0.00647317880794702,0
1493737153600.0,-0.053,0.0114,-0.0061,0
1493737178600.0,0.0002,0.0013,-0.006,0
1493737203600.0,-0.0223,-0.1219,0.1431,0
1493737228600.0,-0.5051,-0.1447,-0.2292,0
1493737253600.0,-0.1101,0.0833,-0.0401,0
1493737278600.0,0.0003,0.0006,-0.0056,0
1493737303600.0,0.011,0.0173,-0.0195,0
1493737328600.0,0.01337079599113424,0.010978028331887829,0.001988527512768623,0
1493737353600.0,0.013242708232951077,0.010881661366483568,0.0023768060775432847,0
1493737378600.0,0.013114620474767916,0.01078529440107931,0.0027650846423179468,0
1493737403600.0,0.012986532716584755,0.01068892743567505,0.003153363207092609,0
1493737428600.0,0.012858444958401594,0.01059256047027079,0.0035416417718672705,0
1493737453600.0,0.012730357200218432,0.010496193504866531,0.003929920336641932,0
1493737478600.0,0.01260226944203527,0.010399826539462271,0.004318198901416594,0
1493737503600.0,0.01247418168385211,0.010303459574058012,0.004706477466191256,0
1493737528600.0,0.012346093925668948,0.010207092608653753,0.005094756030965918,0
1493737553600.0,0.012218006167485786,0.010110725643249493,0.00548303459574058,0
1493737578600.0,0.012089918409302625,0.010014358677845234,0.005871313160515241,0
1493737603600.0,0.011961830651119464,0.009917991712440975,0.006259591725289904,0
1493737628600.0,0.011833742892936303,0.009821624747036715,0.006647870290064565,0
1493737653600.0,0.011705655134753142,0.009725257781632456,0.007036148854839227,0
1493737678600.0,0.011577567376569979,0.009628890816228197,0.007424427419613889,0
1493737703600.0,0.011449479618386818,0.009532523850823937,0.007812705984388551,0
1493737728600.0,0.011321391860203657,0.009436156885419678,0.008200984549163213,0
1493737753600.0,0.011193304102020494,0.00933978992001542,0.008589263113937875,0
1493737778600.0,0.011065216343837333,0.009243422954611159,0.008977541678712536,0
1493737803600.0,0.010937128585654172,0.0091470559892069,0.0093658202434872,0
1493737828600.0,0.01080904082747101,0.00905068902380264,0.009754098808261861,0
1493737853600.0,0.01068095306928785,0.00895432205839838,0.010142377373036523,0
1493737878600.0,0.010552865311104687,0.008857955092994122,0.010530655937811184,0
1493737903600.0,0.010424777552921526,0.008761588127589861,0.010918934502585846,0
1493737928600.0,0.010296689794738365,0.008665221162185602,0.01130721306736051,0
1493737953600.0,0.010168602036555202,0.008568854196781342,0.011695491632135171,0
1493737978600.0,0.010040514278372041,0.008472487231377083,0.012083770196909833,0
1493738003600.0,0.00991242652018888,0.008376120265972824,0.012472048761684494,0
1493738028600.0,0.009784338762005719,0.008279753300568564,0.012860327326459156,0
1493738053600.0,0.009656251003822558,0.008183386335164305,0.013248605891233818,0
1493738078600.0,0.009528163245639395,0.008087019369760046,0.01363688445600848,0
1493738103600.0,0.009400075487456234,0.007990652404355786,0.014025163020783141,0
1493738128600.0,0.009271987729273073,0.007894285438951527,0.014413441585557804,0
1493738153600.0,0.00914389997108991,0.007797918473547267,0.014801720150332466,0
1493738178600.0,0.00901581221290675,0.007701551508143008,0.015189998715107128,0
1493738203600.0,0.008887724454723588,0.007605184542738749,0.01557827727988179,0
1493738228600.0,0.008759636696540427,0.007508817577334489,0.01596655584465645,0
1493738253600.0,0.008631548938357266,0.00741245061193023,0.016354834409431113,0
1493738278600.0,0.008503461180174105,0.007316083646525971,0.016743112974205773,0
1493738303600.0,0.008375373421990942,0.007219716681121711,0.017131391538980436,0
1493738328600.0,0.008247285663807781,0.007123349715717452,0.0175196701037551,0
1493738353600.0,0.008119197905624619,0.007026982750313192,0.01790794866852976,0
1493738378600.0,0.007991110147441458,0.006930615784908933,0.01829622723330442,0
1493738403600.0,0.007863022389258296,0.0068342488195046736,0.018684505798079083,0
1493738428600.0,0.0077349346310751355,0.006737881854100414,0.019072784362853746,0
1493738453600.0,0.0076068468728919736,0.006641514888696154,0.019461062927628406,0
1493738478600.0,0.0074787591147088125,0.0065451479232918955,0.01984934149240307,0
1493738503600.0,0.007350671356525651,0.006448780957887636,0.02023762005717773,0
1493738528600.0,0.00722258359834249,0.006352413992483376,0.020625898621952393,0
1493738553600.0,0.007094495840159328,0.006256047027079117,0.021014177186727052,0
1493738578600.0,0.006966408081976167,0.006159680061674858,0.021402455751501716,0
1493738603600.0,0.006838320323793005,0.006063313096270598,0.02179073431627638,0
1493738628600.0,0.006710232565609844,0.0059669461308663385,0.02217901288105104,0
1493738653600.0,0.006582144807426682,0.00587057916546208,0.022567291445825702,0
1493738678600.0,0.006454057049243521,0.00577421220005782,0.022955570010600362,0
1493738703600.0,0.006325969291060359,0.00567784523465356,0.023343848575375026,0
1493738728600.0,0.006197881532877198,0.005581478269249301,0.023732127140149686,0
1493738753600.0,0.006069793774694036,0.005485111303845042,0.02412040570492435,0
1493738778600.0,0.005941706016510875,0.005388744338440782,0.024508684269699012,0
1493738803600.0,0.005813618258327713,0.005292377373036523,0.024896962834473672,0
1493738828600.0,0.005685530500144552,0.005196010407632263,0.025285241399248336,0
1493738853600.0,0.005557442741961391,0.005099643442228004,0.025673519964022996,0
1493738878600.0,0.005429354983778228,0.005003276476823745,0.02606179852879766,0
1493738903600.0,0.005301267225595067,0.004906909511419485,0.02645007709357232,0
1493738928600.0,0.005173179467411906,0.004810542546015226,0.026838355658346982,0
1493738953600.0,0.005045091709228745,0.0047141755806109666,0.027226634223121646,0
1493738978600.0,0.004917003951045582,0.004617808615206707,0.027614912787896306,0
1493739003600.0,0.004788916192862421,0.004521441649802447,0.02800319135267097,0
1493739028600.0,0.00466082843467926,0.0044250746843981885,0.02839146991744563,0
1493739053600.0,0.004532740676496099,0.004328707718993929,0.028779748482220292,0
1493739078600.0,0.004404652918312936,0.004232340753589669,0.029168027046994952,0
1493739103600.0,0.004276565160129775,0.0041359737881854096,0.029556305611769616,0
1493739128600.0,0.004148477401946614,0.004039606822781151,0.02994458417654428,0
1493739153600.0,0.004020389643763453,0.003943239857376891,0.03033286274131894,0
1493739178600.0,0.0038923018855802904,0.0038468728919726315,0.030721141306093602,0
1493739203600.0,0.0037642141273971294,0.003750505926568372,0.031109419870868262,0
1493739228600.0,0.0036361263692139684,0.003654138961164113,0.03149769843564293,0
1493739253600.0,0.0035080386110308073,0.0035577719957598534,0.031885977000417585,0
1493739278600.0,0.0033799508528476446,0.0034614050303555938,0.03227425556519225,0
1493739303600.0,0.0032518630946644835,0.003365038064951335,0.03266253412996691,0
1493739328600.0,0.0031237753364813225,0.0032686710995470753,0.033050812694741576,0
1493739353600.0,0.0029956875782981614,0.0031723041341428157,0.03343909125951623,0
1493739378600.0,0.0028675998201149987,0.003075937168738557,0.033827369824290895,0
1493739403600.0,0.0027395120619318376,0.0029795702033342964,0.03421564838906556,0
1493739428600.0,0.0026114243037486766,0.0028832032379300376,0.03460392695384022,0
1493739453600.0,0.0024833365455655156,0.002786836272525779,0.03499220551861488,0
1493739478600.0,0.002355248787382353,0.0026904693071215183,0.03538048408338954,0
1493739503600.0,0.0022271610291991917,0.0025941023417172596,0.035768762648164205,0
1493739528600.0,0.0020990732710160307,0.002497735376312999,0.03615704121293887,0
1493739553600.0,0.0019709855128328697,0.0024013684109087403,0.03654531977771353,0
1493739578600.0,0.001842897754649707,0.0023050014455044815,0.03693359834248819,0
1493739603600.0,0.0017148099964665459,0.002208634480100221,0.03732187690726285,0
1493739628600.0,0.0015867222382833848,0.002112267514695962,0.037710155472037515,0
1493739653600.0,0.0014586344801002238,0.0020159005492917034,0.03809843403681218,0
1493739678600.0,0.001330546721917061,0.001919533583887443,0.03848671260158684,0
1493739703600.0,0.0012024589637339,0.0018231666184831841,0.0388749911663615,0
1493739728600.0,0.001074371205550739,0.0017267996530789254,0.03926326973113616,0
1493739753600.0,0.0009462834473675779,0.0016304326876746648,0.039651548295910825,0
1493739778600.0,0.0008181956891844169,0.001534065722270406,0.04003982686068549,0
1493739803600.0,0.0006901079310012541,0.0014376987568661456,0.040428105425460145,0
1493739828600.0,0.000562020172818093,0.0013413317914618868,0.04081638399023481,0
1493739853600.0,0.000433932414634932,0.001244964826057628,0.04120466255500947,0
1493739878600.0,0.000305844656451771,0.0011485978606533675,0.041592941119784135,0
1493739903600.0,0.0001777568982686082,0.0010522308952491087,0.0419812196845588,0
1493739928600.0,4.9669140085447164e-05,0.0009558639298448499,0.042369498249333455,0
1493739953600.0,-7.841861809771387e-05,0.0008594969644405894,0.04275777681410812,0
1493739978600.0,-0.0002065063762808749,0.0007631299990363306,0.04314605537888278,0
1493740003600.0,-0.0003345941344640377,0.0006667630336320719,0.043534333943657445,0
1493740028600.0,-0.0004626818926471987,0.0005703960682278113,0.0439226125084321,0
1493740053600.0,-0.0005907696508303598,0.00047402910282355257,0.044310891073206765,0
1493740078600.0,-0.0007188574090135208,0.00037766213741929205,0.04469916963798143,0
1493740103600.0,-0.0008469451671966836,0.0002812951720150333,0.04508744820275609,0
1493740128600.0,-0.0009750329253798446,0.0001849282066107745,0.045475726767530755,0
1493740153600.0,-0.0011031206835630056,8.856124120651399e-05,0.04586400533230541,0
1493740178600.0,-0.0012312084417461667,-7.805724197744793e-06,0.046252283897080075,0
1493740203600.0,-0.0013592961999293295,-0.00010417268960200357,0.04664056246185474,0
1493740228600.0,-0.0014873839581124905,-0.00020053965500626408,0.0470288410266294,0
1493740253600.0,-0.0016154717162956515,-0.00029690662041052286,0.047417119591404065,0
1493740278600.0,-0.0017435594744788126,-0.00039327358581478164,0.04780539815617872,0
1493740303600.0,-0.0018716472326619753,-0.0004896405512190422,0.048193676720953385,0
1493740328600.0,-0.0019997349908451364,-0.0005860075166233009,0.04858195528572805,0
1493740353600.0,-0.0021278227490282974,-0.0006823744820275614,0.04897023385050271,0
1493740378600.0,-0.0022559105072114585,-0.0007787414474318202,0.04935851241527737,0
1493740403600.0,-0.0023839982653946195,-0.000875108412836079,0.04974679098005203,0
1493740428600.0,-0.0025120860235777805,-0.0009714753782403395,0.050135069544826695,0
1493740453600.0,-0.002640173781760945,-0.0010678423436445983,0.05052334810960136,0
1493740478600.0,-0.002768261539944106,-0.001164209309048857,0.05091162667437602,0
1493740503600.0,-0.002896349298127267,-0.0012605762744531176,0.05129990523915068,0
1493740528600.0,-0.003024437056310428,-0.0013569432398573764,0.05168818380392534,0
1493740553600.0,-0.003152524814493589,-0.0014533102052616369,0.052076462368700005,0
1493740578600.0,-0.0032806125726767502,-0.0015496771706658957,0.05246474093347467,0
1493740603600.0,-0.0034087003308599113,-0.0016460441360701544,0.05285301949824933,0
1493740628600.0,-0.0035367880890430723,-0.001742411101474415,0.05324129806302399,0
1493740653600.0,-0.003664875847226237,-0.0018387780668786737,0.05362957662779865,0
1493740678600.0,-0.003792963605409398,-0.0019351450322829325,0.054017855192573315,0
1493740703600.0,-0.003921051363592559,-0.002031511997687193,0.05440613375734798,0
1493740728600.0,-0.00404913912177572,-0.002127878963091452,0.054794412322122635,0
1493740753600.0,-0.004177226879958881,-0.0022242459284957106,0.0551826908868973,0
1493740778600.0,-0.004305314638142042,-0.002320612893899971,0.05557096945167196,0
1493740803600.0,-0.004433402396325203,-0.00241697985930423,0.055959248016446625,0
1493740828600.0,-0.004561490154508364,-0.0025133468247084904,0.05634752658122129,0
1493740853600.0,-0.004689577912691529,-0.002609713790112749,0.056735805145995945,0
1493740878600.0,-0.00481766567087469,-0.002706080755517008,0.05712408371077061,0
1493740903600.0,-0.004945753429057851,-0.0028024477209212684,0.05751236227554527,0
1493740928600.0,-0.005073841187241012,-0.0028988146863255272,0.057900640840319935,0
1493740953600.0,-0.005201928945424173,-0.002995181651729786,0.05828891940509459,0
1493740978600.0,-0.005330016703607334,-0.0030915486171340465,0.058677197969869255,0
1493741003600.0,-0.005458104461790495,-0.0031879155825383053,0.05906547653464392,0
1493741028600.0,-0.005586192219973656,-0.003284282547942564,0.05945375509941858,0
1493741053600.0,-0.00571427997815682,-0.0033806495133468246,0.059842033664193245,0
1493741078600.0,-0.005842367736339981,-0.0034770164787510834,0.0602303122289679,0
1493741103600.0,-0.0059704554945231424,-0.003573383444155344,0.060618590793742565,0
1493741128600.0,-0.0060985432527063035,-0.0036697504095596026,0.06100686935851723,0
1493741153600.0,-0.0062266310108894645,-0.0037661173749638614,0.06139514792329189,0
1493741178600.0,-0.0063547187690726255,-0.003862484340368122,0.061783426488066555,0
1493741203600.0,-0.006482806527255787,-0.003958851305772381,0.06217170505284121,0
1493741228600.0,-0.006610894285438948,-0.0040552182711766395,0.06255998361761587,0
1493741253600.0,-0.006738982043622112,-0.0041515852365809,0.06294826218239054,0
1493741278600.0,-0.006867069801805273,-0.004247952201985159,0.0633365407471652,0
1493741303600.0,-0.006995157559988434,-0.0043443191673894176,0.06372481931193986,0
1493741328600.0,-0.007123245318171595,-0.004440686132793678,0.06411309787671453,0
1493741353600.0,-0.007251333076354756,-0.004537053098197937,0.06450137644148919,0
1493741378600.0,-0.007379420834537917,-0.004633420063602196,0.06488965500626384,0
1493741403600.0,-0.007507508592721078,-0.004729787029006456,0.0652779335710385,0
1493741428600.0,-0.007635596350904239,-0.004826153994410717,0.06566621213581317,0
1493741453600.0,-0.007763684109087404,-0.004922520959814974,0.06605449070058783,0
1493741478600.0,-0.007891771867270565,-0.005018887925219234,0.0664427692653625,0
1493741503600.0,-0.008019859625453726,-0.005115254890623495,0.06683104783013716,0
1493741528600.0,-0.008147947383636887,-0.005211621856027752,0.06721932639491182,0
1493741553600.0,-0.008276035141820048,-0.005307988821432012,0.06760760495968648,0
1493741578600.0,-0.008404122900003209,-0.005404355786836273,0.06799588352446115,0
1493741603600.0,-0.00853221065818637,-0.00550072275224053,0.0683841620892358,0
1493741628600.0,-0.008660298416369531,-0.00559708971764479,0.06877244065401046,0
1493741653600.0,-0.008788386174552692,-0.005693456683049051,0.06916071921878512,0
1493741678600.0,-0.008916473932735857,-0.005789823648453308,0.06954899778355979,0
1493741703600.0,-0.009044561690919018,-0.005886190613857568,0.06993727634833445,0
1493741728600.0,-0.009172649449102179,-0.005982557579261829,0.07032555491310911,0
1493741753600.0,-0.00930073720728534,-0.0060789245446660894,0.07071383347788378,0
1493741778600.0,-0.0094288249654685,-0.0061752915100703465,0.07110211204265844,0
1493741803600.0,-0.009556912723651662,-0.006271658475474607,0.0714903906074331,0
1493741828600.0,-0.009685000481834823,-0.0063680254408788675,0.07187866917220775,0
1493741853600.0,-0.009813088240017984,-0.0064643924062831246,0.07226694773698242,0
1493741878600.0,-0.009941175998201148,-0.006560759371687385,0.07265522630175708,0
1493741903600.0,-0.01006926375638431,-0.006657126337091646,0.07304350486653174,0
1493741928600.0,-0.01019735151456747,-0.006753493302495903,0.07343178343130641,0
1493741953600.0,-0.010325439272750632,-0.006849860267900163,0.07382006199608107,0
1493741978600.0,-0.010453527030933793,-0.006946227233304424,0.07420834056085573,0
1493742003600.0,-0.010581614789116954,-0.007042594198708681,0.0745966191256304,0
1493742028600.0,-0.010709702547300115,-0.007138961164112941,0.07498489769040506,0
1493742053600.0,-0.010837790305483276,-0.007235328129517202,0.07537317625517971,0
1493742078600.0,-0.01096587806366644,-0.007331695094921459,0.07576145481995437,0
1493742103600.0,-0.011093965821849601,-0.007428062060325719,0.07614973338472904,0
1493742128600.0,-0.011222053580032762,-0.00752442902572998,0.0765380119495037,0
1493742153600.0,-0.011350141338215923,-0.007620795991134237,0.07692629051427836,0
1493742178600.0,-0.011478229096399084,-0.007717162956538497,0.07731456907905303,0
1493742203600.0,-0.011606316854582245,-0.007813529921942758,0.07770284764382769,0
1493742228600.0,-0.011734404612765406,-0.007909896887347018,0.07809112620860235,0
1493742253600.0,-0.011862492370948568,-0.008006263852751275,0.07847940477337702,0
1493742278600.0,-0.011990580129131732,-0.008102630818155536,0.07886768333815168,0
1493742303600.0,-0.012118667887314893,-0.008198997783559796,0.07925596190292633,0
1493742328600.0,-0.012246755645498054,-0.008295364748964053,0.079644240467701,0
1493742353600.0,-0.012374843403681215,-0.008391731714368314,0.08003251903247566,0
1493742378600.0,-0.012502931161864376,-0.008488098679772575,0.08042079759725032,0
1493742403600.0,-0.012631018920047537,-0.008584465645176832,0.08080907616202498,0
1493742428600.0,-0.012759106678230698,-0.008680832610581092,0.08119735472679965,0
1493742453600.0,-0.01288719443641386,-0.008777199575985353,0.08158563329157431,0
1493742478600.0,-0.013015282194597024,-0.00887356654138961,0.08197391185634897,0
1493742503600.0,-0.013143369952780185,-0.00896993350679387,0.08236219042112364,0
1493742528600.0,-0.013271457710963346,-0.00906630047219813,0.08275046898589829,0
1493742553600.0,-0.013399545469146507,-0.009162667437602388,0.08313874755067295,0
1493742578600.0,-0.013527633227329668,-0.009259034403006648,0.08352702611544761,0
1493742603600.0,-0.013655720985512829,-0.009355401368410909,0.08391530468022228,0
1493742628600.0,-0.01378380874369599,-0.009451768333815166,0.08430358324499694,0
1493742653600.0,-0.013911896501879151,-0.009548135299219426,0.0846918618097716,0
1493742678600.0,-0.014039984260062316,-0.009644502264623687,0.08508014037454627,0
1493742703600.0,-0.014168072018245477,-0.009740869230027944,0.08546841893932093,0
1493742728600.0,-0.014296159776428638,-0.009837236195432204,0.0858566975040956,0
1493742753600.0,-0.014424247534611799,-0.009933603160836465,0.08624497606887024,0
1493742778600.0,-0.01455233529279496,-0.010029970126240725,0.08663325463364491,0
1493742803600.0,-0.01468042305097812,-0.010126337091644982,0.08702153319841957,0
1493742828600.0,-0.014808510809161282,-0.010222704057049243,0.08740981176319423,0
1493742853600.0,-0.014936598567344443,-0.010319071022453503,0.0877980903279689,0
1493742878600.0,-0.015064686325527607,-0.01041543798785776,0.08818636889274356,0
1493742903600.0,-0.015192774083710768,-0.010511804953262021,0.08857464745751822,0
1493742928600.0,-0.01532086184189393,-0.010608171918666282,0.08896292602229289,0
1493742953600.0,-0.01544894960007709,-0.010704538884070539,0.08935120458706755,0
1493742978600.0,-0.015577037358260252,-0.010800905849474799,0.0897394831518422,0
1493743003600.0,-0.01570512511644341,-0.01089727281487906,0.09012776171661686,0
1493743028600.0,-0.015833212874626572,-0.010993639780283317,0.09051604028139153,0
1493743053600.0,-0.015961300632809733,-0.011090006745687577,0.09090431884616619,0
1493743078600.0,-0.0160893883909929,-0.011186373711091838,0.09129259741094085,0
1493743103600.0,-0.016217476149176062,-0.011282740676496095,0.09168087597571552,0
1493743128600.0,-0.016345563907359223,-0.011379107641900355,0.09206915454049018,0
1493743153600.0,-0.016473651665542384,-0.011475474607304616,0.09245743310526484,0
1493743178600.0,-0.016601739423725545,-0.011571841572708873,0.09284571167003951,0
1493743203600.0,-0.016729827181908706,-0.011668208538113133,0.09323399023481417,0
1493743228600.0,-0.016857914940091867,-0.011764575503517394,0.09362226879958882,0
1493743253600.0,-0.016986002698275028,-0.011860942468921654,0.09401054736436348,0
1493743278600.0,-0.01711409045645819,-0.011957309434325911,0.09439882592913815,0
1493743303600.0,-0.01724217821464135,-0.012053676399730172,0.09478710449391281,0
1493743328600.0,-0.01737026597282451,-0.012150043365134432,0.09517538305868747,0
1493743353600.0,-0.017498353731007672,-0.01224641033053869,0.09556366162346214,0
1493743378600.0,-0.017626441489190833,-0.01234277729594295,0.0959519401882368,0
1493743403600.0,-0.017754529247373994,-0.01243914426134721,0.09634021875301146,0
1493743428600.0,-0.017882617005557155,-0.012535511226751467,0.09672849731778613,0
1493743453600.0,-0.018010704763740316,-0.012631878192155728,0.09711677588256078,0
1493743478600.0,-0.018138792521923477,-0.012728245157559989,0.09750505444733544,0
1493743503600.0,-0.01826688028010664,-0.012824612122964246,0.0978933330121101,0
1493743528600.0,-0.0183949680382898,-0.012920979088368506,0.09828161157688477,0
1493743553600.0,-0.0078,0.0137,-0.0261,0
1493743578600.0,0.001,-0.0023,-0.0013,0
1493743603600.0,0.0001,-0.0001,-0.0027,0
1493743628600.0,-0.0006,-0.0003,-0.0013,0
1493743653600.0,-0.0012,0.0013,-0.002,0
1493743678600.0,-0.0005,-0.0007,-0.0024,0
1493743703600.0,-0.001,0.0021,-0.0042,0
1493743728600.0,-0.0009,-0.0005,-0.0012,0
1493743753600.0,0.0005,0.0,-0.0025,0
1493743778600.0,-0.001,-0.0001,-0.0026,0
1493743803600.0,0.0004,-0.0012,-0.0014,0
1493743828600.0,-0.0002,0.0008,-0.0017,0
1493743853600.0,0.0004,0.0003,-0.0008,0
1493743878600.0,0.0001,0.0015,-0.0022,0
1493743903600.0,0.0013,-0.0001,-0.0008,0
1493743928600.0,-0.0016,-0.0002,-0.0001,0
1493743953600.0,-0.0001,0.0014,-0.0006,0
1493743978600.0,0.0,0.003,-0.0032,0
1493744003600.0,-0.0015,0.0026,-0.0015,0
1493744028600.0,-0.0001,-0.0015,-0.0016,0
1493744053600.0,0.0,-0.0,-0.0005,0
1493744078600.0,0.0002,-0.001,-0.002,0
1493744103600.0,0.0007,0.0006,-0.0022,0
1493744128600.0,0.0014,-0.0008,-0.0006,0
1493744153600.0,-0.0003,-0.0003,-0.0035,0
1493744178600.0,-0.0001,-0.0004,-0.0016,0
1493744203600.0,0.0006,-0.0019,-0.0021,0
1493744228600.0,0.0015,0.0002,-0.0003,0
1493744253600.0,-0.0008,0.0011,-0.003,0
1493744278600.0,0.0007,0.0006,-0.003,0
1493744303600.0,-0.0006,0.0006,-0.0015,0
1493744328600.0,0.0016,0.001,0.0013,0
1493744353600.0,-0.0009,0.0002,-0.0016,0
1493744378600.0,-0.0003,-0.0009,-0.0012,0
1493744403600.0,0.0003,0.0006,0.0013,0
1493744428600.0,0.0016,-0.0005,-0.0041,0
1493744453600.0,0.0012,-0.0012,-0.001,0
1493744478600.0,-0.0011,-0.0006,-0.0006,0
1493744503600.0,0.0184,-0.0036,0.014,0
1493744528600.0,-0.0475,-0.0136,-0.0648,0
1493744553600.0,-0.0089,-0.0001,-0.0113,0
1493744578600.0,-0.0069999999999999,-0.0031,-0.009,0
1493744603600.0,-0.0578,0.0247,-0.0597,0
1493744628600.0,-0.01,0.0458,-0.031,0
1493744653600.0,0.0409,0.0516,-0.1039,0
1493744678600.0,0.0542,0.0261,-0.0155,0
1493744703600.0,0.0015,0.0015,-0.0026,0
1493744728600.0,-0.0007,-0.0015,-0.0011,0
1493744753600.0,0.0001,-0.0002,-0.0022,0
1493744778600.0,0.0,0.0,-0.002,0
1493744803600.0,-0.0021,0.0005,-0.0017,0
1493744828600.0,0.0016,0.0002,-0.0021,0
1493744853600.0,-0.0004,-0.0006,-0.002,0
1493744878600.0,-0.0012,0.0003,-0.0021,0
1493744903600.0,0.0009,-0.0012,0.0002,0
1493744928600.0,-0.0005,0.001,-0.0018,0
1493744953600.0,-0.0006,-0.0014,-0.0024,0
1493744978600.0,0.0017,0.0004,-0.001,0
1493745003600.0,-0.0003,0.0015,-0.0004,0
1493745028600.0,0.0005,0.0001,0.0004,0
1493745053600.0,0.0002,0.0004,-0.0001,0
1493745078600.0,0.0011,0.0007,-0.0011,0
1493745103600.0,-0.0007,0.0005,-0.0008,0
1493745128600.0,-0.0002,-0.0006,0.0,0
1493745153600.0,0.0033,0.0075,0.0038,0
1493745178600.0,0.0011,-0.0026,-0.0011,0
1493745203600.0,-0.0009,-0.0021,-0.0017,0
1493745228600.0,-0.0009,0.0003,-0.0013,0
1493745253600.0,-0.0007,0.0021,-0.0012,0
1493745278600.0,0.0017,0.0022,-0.002,0
1493745303600.0,-0.001,0.0005,-0.0004,0
1493745328600.0,0.0003,0.0012,-0.0013,0
1493745353600.0,-0.0005,-0.0017,0.0001,0
1493745378600.0,0.0001,-0.0009,0.0002,0
1493745403600.0,-0.0004,0.002,-0.0016,0
1493745428600.0,0.0002,0.004,-0.0004,0
1493745453600.0,0.0165,0.0045,0.0046,0
1493745478600.0,-0.0991,-0.0361,0.0406,0
1493745503600.0,0.0015,-0.0025,0.0053,0
1493745528600.0,0.0042,-0.0008,0.0025,0
1493745553600.0,0.0041,-0.0,-0.001,0
1493745578600.0,-0.0128,0.0407,0.1284,0
1493745603600.0,-0.081,-0.0508,-0.0184,0
1493745628600.0,0.0393,0.1154,-0.4323,0
1493745653600.0,0.0006,-0.0046,-0.0018,0
1493745678600.0,0.0024,0.0021,-0.0004,0
1493745703600.0,-0.0001,0.0016,-0.0032,0
1493745728600.0,-0.0005,0.0007,-0.0047,0
1493745753600.0,0.0033,0.0075,0.0017,0
1493745778600.0,0.0001,0.0002,-0.002,0
1493745803600.0,0.0004,0.0012,-0.0004,0
1493745828600.0,-0.0001,0.0006,-0.0014,0
1493745853600.0,0.0012,-0.0001,-0.0027,0
1493745878600.0,0.0263,-0.0127,-0.1265,0
1493745903600.0,-0.0035,0.0037,-0.0028,0
1493745928600.0,0.0013,-0.0009,-0.0021,0
1493745953600.0,-0.0009,0.0001,0.0037,0
1493745978600.0,-0.0028,-0.0022,-0.0015,0
1493746003600.0,0.0096,0.0018,0.0015,0
1493746028600.0,0.0009,0.0005,-0.002,0
1493746053600.0,0.0005,-0.0009,-0.0001,0
1493746078600.0,-0.0001,0.0019,-0.0046,1
1493746103600.0,-0.0005,-0.0002,0.0002,1
1493746128600.0,-0.0014,0.0006,-0.0013,1
1493746153600.0,0.0407,-0.1784,0.1505,1
1493746178600.0,0.0018,-0.0028,-0.0087,1
1493746203600.0,-0.0002,0.0093,-0.0035,1
1493746228600.0,0.0005,0.0002,-0.0031,1
1493746253600.0,-0.0018,0.0009,-0.0037,1
1493746278600.0,0.0422,-0.07,-0.0994,1
1493746303600.0,-0.1882,0.0418,0.038,1
1493746328600.0,-0.0152,0.1029,-0.187,1
1493746353600.0,0.0001,0.0075,0.0147,1
1493746378600.0,0.2198,-0.1008,0.1189,1
1493746403600.0,-0.0012,-0.0019,-0.0016,1
1493746428600.0,-0.0003,0.0029,-0.0014,1
1493746453600.0,-0.0,0.0008,-0.0028,1
1493746478600.0,-0.0153,-0.0247,-0.01,1
1493746503600.0,-0.0009,-0.0031,-0.0006,1
1493746528600.0,-0.0008,-0.0014,-0.0017,1
1493746553600.0,-0.0004,0.0018,-0.0015,1
1493746578600.0,0.0003,-0.0002,-0.0006,1
1493746603600.0,0.0,0.0006,-0.0021,1
1493746628600.0,0.0078,-0.0103,-0.0048,1
1493746653600.0,0.0012,0.0025,-0.0009,1
1493746678600.0,-0.0005,0.0013,-0.0023,1
1493746703600.0,0.0001,-0.0011,0.0006,1
1493746728600.0,-0.0012,0.0011,-0.0001,1
1493746753600.0,0.0,0.0028,0.0002,1
1493746778600.0,-0.0001,0.0016,-0.0017,1
1493746803600.0,-0.0004,0.0004,-0.0006,1
1493746828600.0,0.0004,0.0012,-0.0015,1
1493746853600.0,0.0006,-0.0015,-0.001,1
1493746878600.0,-0.0008,-0.0011,-0.0009,1
1493746903600.0,-0.0018,0.001,-0.0002,1
1493746928600.0,-0.0023,-0.0013,-0.0025,1
1493746953600.0,0.0009,0.0007,-0.0001,1
1493746978600.0,0.0008,0.0014,0.0003,1
1493747003600.0,-0.0009,-0.0023,-0.0,1
1493747028600.0,0.0015,0.0004,-0.0014,1
1493747053600.0,0.0113,0.0185,0.005,1
1493747078600.0,0.0037,-0.0001,-0.0003,1
1493747103600.0,0.0001,0.0006,-0.0035,1
1493747128600.0,-0.000308416752458765,0.000907146299257442,0.0005735586927474645,1
1493747153600.0,-0.0003374400367993341,0.0009317887104900006,0.0004823817711869975,1
1493747178600.0,-0.00036646332113990317,0.0009564311217225593,0.0003912048496265305,1
1493747203600.0,-0.0003954866054804722,0.000981073532955118,0.00030002792806606347,1
1493747228600.0,-0.0004245098898210413,0.0010057159441876765,0.0002088510065055965,1
1493747253600.0,-0.00045353317416161037,0.0010303583554202352,0.00011767408494512945,1
1493747278600.0,-0.00048255645850217945,0.001055000766652794,2.6497163384662462e-05,1
1493747303600.0,-0.0005115797428427485,0.0010796431778853526,-6.467975817580458e-05,1
1493747328600.0,-0.0005406030271833176,0.0011042855891179111,-0.00015585667973627162,1
1493747353600.0,-0.0005696263115238867,0.0011289280003504698,-0.00024703360129673855,1
1493747378600.0,-0.0005986495958644558,0.0011535704115830285,-0.0003382105228572056,1
1493747403600.0,-0.0006276728802050249,0.001178212822815587,-0.00042938744441767273,1
1493747428600.0,-0.000656696164545594,0.0012028552340481457,-0.0005205643659781397,1
1493747453600.0,-0.000685719448886163,0.0012274976452807044,-0.0006117412875386066,1
1493747478600.0,-0.000714742733226732,0.0012521400565132631,-0.0007029182090990737,1
1493747503600.0,-0.0007437660175673011,0.0012767824677458219,-0.0007940951306595407,1
1493747528600.0,-0.0007727893019078702,0.0013014248789783803,-0.0008852720522200076,1
1493747553600.0,-0.0008018125862484392,0.001326067290210939,-0.0009764489737804748,1
1493747578600.0,-0.0008308358705890083,0.0013507097014434978,-0.0010676258953409416,1
1493747603600.0,-0.0008598591549295773,0.0013753521126760562,-0.001158802816901409,1
1493747628600.0,-0.0008888824392701464,0.0013999945239086152,-0.0012499797384618759,1
1493747653600.0,-0.0009179057236107155,0.0014246369351411737,-0.0013411566600223428,1
1493747678600.0,-0.0009469290079512846,0.0014492793463737324,-0.0014323335815828097,1
1493747703600.0,-0.0009759522922918537,0.001473921757606291,-0.001523510503143277,1
1493747728600.0,-0.0010049755766324228,0.0014985641688388496,-0.001614687424703744,1
1493747753600.0,-0.0010339988609729919,0.0015232065800714083,-0.001705864346264211,1
1493747778600.0,-0.001063022145313561,0.001547848991303967,-0.0017970412678246779,1
1493747803600.0,-0.00109204542965413,0.0015724914025365255,-0.0018882181893851448,1
1493747828600.0,-0.001121068713994699,0.0015971338137690844,-0.0019793951109456118,1
1493747853600.0,-0.0011500919983352682,0.0016217762250016429,-0.002070572032506079,1
1493747878600.0,-0.0011791152826758373,0.0016464186362342016,-0.002161748954066546,1
1493747903600.0,-0.0012081385670164064,0.0016710610474667603,-0.002252925875627013,1
1493747928600.0,-0.0012371618513569754,0.0016957034586993188,-0.00234410279718748,1
1493747953600.0,-0.0012661851356975445,0.0017203458699318775,-0.002435279718747947,1
1493747978600.0,-0.0012952084200381134,0.0017449882811644362,-0.002526456640308414,1
1493748003600.0,-0.0013242317043786825,0.0017696306923969947,-0.002617633561868881,1
1493748028600.0,-0.0013532549887192516,0.0017942731036295536,-0.002708810483429348,1
1493748053600.0,-0.0013822782730598207,0.001818915514862112,-0.002799987404989815,1
1493748078600.0,-0.0014113015574003897,0.0018435579260946708,-0.002891164326550282,1
1493748103600.0,-0.0014403248417409588,0.0018682003373272295,-0.0029823412481107493,1
1493748128600.0,-0.001469348126081528,0.001892842748559788,-0.0030735181696712162,1
1493748153600.0,-0.001498371410422097,0.0019174851597923467,-0.003164695091231683,1
1493748178600.0,-0.001527394694762666,0.0019421275710249054,-0.00325587201279215,1
1493748203600.0,-0.0015564179791032352,0.001966769982257464,-0.003347048934352617,1
1493748228600.0,-0.0015854412634438042,0.0019914123934900224,-0.003438225855913084,1
1493748253600.0,-0.0016144645477843733,0.0020160548047225813,-0.003529402777473551,1
1493748278600.0,-0.0016434878321249424,0.0020406972159551402,-0.003620579699034018,1
1493748303600.0,-0.0016725111164655115,0.0020653396271876987,-0.0037117566205944856,1
1493748328600.0,-0.0017015344008060806,0.002089982038420257,-0.0038029335421549525,1
1493748353600.0,-0.0017305576851466497,0.0021146244496528157,-0.0038941104637154195,1
1493748378600.0,-0.0017595809694872188,0.0021392668608853746,-0.003985287385275886,1
1493748403600.0,-0.0017886042538277876,0.0021639092721179335,-0.004076464306836353,1
1493748428600.0,-0.0018176275381683567,0.002188551683350492,-0.00416764122839682,1
1493748453600.0,-0.0018466508225089258,0.0022131940945830505,-0.004258818149957287,1
1493748478600.0,-0.0018756741068494949,0.002237836505815609,-0.004349995071517754,1
1493748503600.0,-0.001904697391190064,0.002262478917048168,-0.004441171993078221,1
1493748528600.0,-0.001933720675530633,0.0022871213282807264,-0.004532348914638688,1
1493748553600.0,-0.0019627439598712024,0.0023117637395132853,-0.004623525836199155,1
1493748578600.0,-0.0019917672442117712,0.002336406150745844,-0.004714702757759623,1
1493748603600.0,-0.0020207905285523405,0.0023610485619784023,-0.00480587967932009,1
1493748628600.0,-0.0020498138128929094,0.002385690973210961,-0.004897056600880557,1
1493748653600.0,-0.0020788370972334787,0.0024103333844435197,-0.0049882335224410235,1
1493748678600.0,-0.0021078603815740476,0.0024349757956760787,-0.0050794104440014904,1
1493748703600.0,-0.002136883665914617,0.002459618206908637,-0.005170587365561957,1
1493748728600.0,-0.0021659069502551857,0.0024842606181411956,-0.005261764287122424,1
1493748753600.0,-0.002194930234595755,0.002508903029373754,-0.005352941208682891,1
1493748778600.0,-0.002223953518936324,0.002533545440606313,-0.005444118130243358,1
1493748803600.0,-0.002252976803276893,0.002558187851838872,-0.005535295051803825,1
1493748828600.0,-0.002282000087617462,0.0025828302630714305,-0.005626471973364293,1
1493748853600.0,-0.002311023371958031,0.002607472674303989,-0.00571764889492476,1
1493748878600.0,-0.0023400466562986002,0.0026321150855365474,-0.005808825816485227,1
1493748903600.0,-0.002369069940639169,0.0026567574967691064,-0.005900002738045694,1
1493748928600.0,-0.0023980932249797384,0.002681399908001665,-0.005991179659606161,1
1493748953600.0,-0.0024271165093203073,0.0027060423192342238,-0.0060823565811666275,1
1493748978600.0,-0.0024561397936608766,0.0027306847304667823,-0.0061735335027270945,1
1493749003600.0,-0.0024851630780014454,0.0027553271416993408,-0.006264710424287561,1
1493749028600.0,-0.0025141863623420148,0.0027799695529318992,-0.006355887345848028,1
1493749053600.0,-0.0025432096466825836,0.002804611964164458,-0.006447064267408495,1
1493749078600.0,-0.002572232931023153,0.002829254375397017,-0.006538241188968962,1
1493749103600.0,-0.002601256215363722,0.0028538967866295756,-0.00662941811052943,1
1493749128600.0,-0.0026302794997042907,0.002878539197862134,-0.006720595032089897,1
1493749153600.0,-0.00265930278404486,0.0029031816090946926,-0.006811771953650364,1
1493749178600.0,-0.002688326068385429,0.002927824020327251,-0.006902948875210831,1
1493749203600.0,-0.002717349352725998,0.0029524664315598104,-0.006994125796771298,1
1493749228600.0,-0.002746372637066567,0.002977108842792369,-0.007085302718331765,1
1493749253600.0,-0.0027753959214071363,0.0030017512540249274,-0.007176479639892232,1
1493749278600.0,-0.002804419205747705,0.003026393665257486,-0.007267656561452699,1
1493749303600.0,-0.0028334424900882745,0.0030510360764900444,-0.007358833483013166,1
1493749328600.0,-0.0028624657744288433,0.0030756784877226037,-0.007450010404573633,1
1493749353600.0,-0.0028914890587694126,0.003100320898955162,-0.0075411873261341,1
1493749378600.0,-0.0029205123431099815,0.0031249633101877207,-0.007632364247694567,1
1493749403600.0,-0.002949535627450551,0.003149605721420279,-0.007723541169255034,1
1493749428600.0,-0.0029785589117911197,0.0031742481326528377,-0.007814718090815501,1
1493749453600.0,-0.003007582196131689,0.003198890543885397,-0.007905895012375968,1
1493749478600.0,-0.003036605480472258,0.0032235329551179555,-0.007997071933936435,1
1493749503600.0,-0.003065628764812827,0.003248175366350514,-0.008088248855496902,1
1493749528600.0,-0.003094652049153396,0.0032728177775830725,-0.008179425777057369,1
1493749553600.0,-0.0031236753334939653,0.003297460188815631,-0.008270602698617836,1
1493749578600.0,-0.003152698617834534,0.0033221026000481895,-0.008361779620178303,1
1493749603600.0,-0.0031817219021751035,0.003346745011280749,-0.00845295654173877,1
1493749628600.0,-0.0032107451865156724,0.0033713874225133073,-0.008544133463299236,1
1493749653600.0,-0.0032397684708562412,0.003396029833745866,-0.008635310384859703,1
1493749678600.0,-0.0032687917551968105,0.0034206722449784243,-0.00872648730642017,1
1493749703600.0,-0.0032978150395373794,0.003445314656210983,-0.008817664227980637,1
1493749728600.0,-0.0033268383238779487,0.003469957067443542,-0.008908841149541104,1
1493749753600.0,-0.0033558616082185176,0.0034945994786761006,-0.009000018071101573,1
1493749778600.0,-0.003384884892559087,0.003519241889908659,-0.00909119499266204,1
1493749803600.0,-0.0034139081768996557,0.0035438843011412176,-0.009182371914222507,1
1493749828600.0,-0.003442931461240225,0.003568526712373776,-0.009273548835782974,1
1493749853600.0,-0.003471954745580794,0.0035931691236063355,-0.00936472575734344,1
1493749878600.0,-0.003500978029921363,0.003617811534838894,-0.009455902678903907,1
1493749903600.0,-0.003530001314261932,0.0036424539460714524,-0.009547079600464374,1
1493749928600.0,-0.0035590245986025014,0.003667096357304011,-0.009638256522024841,1
1493749953600.0,-0.0035880478829430702,0.0036917387685365694,-0.009729433443585308,1
1493749978600.0,-0.0036170711672836395,0.003716381179769128,-0.009820610365145775,1
1493750003600.0,-0.0036460944516242084,0.0037410235910016873,-0.009911787286706242,1
1493750028600.0,-0.0036751177359647777,0.0037656660022342458,-0.010002964208266709,1
1493750053600.0,-0.0037041410203053466,0.0037903084134668042,-0.010094141129827176,1
1493750078600.0,-0.003733164304645916,0.0038149508246993627,-0.010185318051387643,1
1493750103600.0,-0.0037621875889864848,0.0038395932359319212,-0.01027649497294811,1
1493750128600.0,-0.0037912108733270536,0.0038642356471644806,-0.010367671894508577,1
1493750153600.0,-0.003820234157667623,0.003888878058397039,-0.010458848816069044,1
1493750178600.0,-0.003849257442008192,0.0039135204696295976,-0.01055002573762951,1
1493750203600.0,-0.003878280726348761,0.003938162880862156,-0.010641202659189978,1
1493750228600.0,-0.00390730401068933,0.0039628052920947145,-0.010732379580750444,1
1493750253600.0,-0.0039363272950299,0.003987447703327274,-0.010823556502310911,1
1493750278600.0,-0.0039653505793704686,0.004012090114559832,-0.010914733423871378,1
1493750303600.0,-0.0039943738637110374,0.004036732525792391,-0.011005910345431847,1
1493750328600.0,-0.004023397148051606,0.004061374937024949,-0.011097087266992314,1
1493750353600.0,-0.004052420432392176,0.004086017348257508,-0.011188264188552781,1
1493750378600.0,-0.004081443716732745,0.004110659759490066,-0.011279441110113248,1
1493750403600.0,-0.004110467001073314,0.004135302170722626,-0.011370618031673715,1
1493750428600.0,-0.004139490285413883,0.004159944581955184,-0.011461794953234182,1
1493750453600.0,-0.004168513569754452,0.004184586993187743,-0.011552971874794649,1
1493750478600.0,-0.004197536854095021,0.004209229404420301,-0.011644148796355116,1
1493750503600.0,-0.00422656013843559,0.00423387181565286,-0.011735325717915582,1
1493750528600.0,-0.004255583422776159,0.004258514226885419,-0.01182650263947605,1
1493750553600.0,-0.004284606707116728,0.0042831566381179775,-0.011917679561036516,1
1493750578600.0,-0.004313629991457298,0.004307799049350536,-0.012008856482596983,1
1493750603600.0,-0.0043426532757978665,0.0043324414605830945,-0.01210003340415745,1
1493750628600.0,-0.004371676560138435,0.004357083871815653,-0.012191210325717917,1
1493750653600.0,-0.004400699844479004,0.004381726283048212,-0.012282387247278384,1
1493750678600.0,-0.004429723128819573,0.004406368694280771,-0.012373564168838851,1
1493750703600.0,-0.004458746413160143,0.004431011105513329,-0.012464741090399318,1
1493750728600.0,-0.004487769697500712,0.004455653516745888,-0.012555918011959785,1
1493750753600.0,-0.0045167929818412805,0.004480295927978446,-0.012647094933520252,1
1493750778600.0,-0.004545816266181849,0.004504938339211005,-0.012738271855080719,1
1493750803600.0,-0.004574839550522419,0.004529580750443564,-0.012829448776641186,1
1493750828600.0,-0.004603862834862988,0.004554223161676123,-0.012920625698201654,1
1493750853600.0,-0.004632886119203557,0.004578865572908681,-0.013011802619762121,1
1493750878600.0,-0.004661909403544126,0.00460350798414124,-0.013102979541322588,1
1493750903600.0,-0.0046909326878846955,0.004628150395373798,-0.013194156462883055,1
1493750928600.0,-0.004719955972225264,0.0046527928066063574,-0.013285333384443522,1
1493750953600.0,-0.004748979256565833,0.004677435217838916,-0.013376510306003989,1
1493750978600.0,-0.004778002540906402,0.004702077629071474,-0.013467687227564456,1
1493751003600.0,-0.004807025825246972,0.004726720040304033,-0.013558864149124923,1
1493751028600.0,-0.004836049109587541,0.004751362451536591,-0.01365004107068539,1
1493751053600.0,-0.0048650723939281095,0.004776004862769151,-0.013741217992245857,1
1493751078600.0,-0.004894095678268678,0.004800647274001709,-0.013832394913806324,1
1493751103600.0,-0.004923118962609247,0.004825289685234268,-0.01392357183536679,1
1493751128600.0,-0.004952142246949817,0.004849932096466826,-0.014014748756927257,1
1493751153600.0,-0.004981165531290386,0.004874574507699385,-0.014105925678487724,1
1493751178600.0,-0.005010188815630955,0.004899216918931943,-0.014197102600048191,1
1493751203600.0,-0.005039212099971524,0.004923859330164502,-0.014288279521608658,1
1493751228600.0,-0.005068235384312093,0.004948501741397061,-0.014379456443169125,1
1493751253600.0,-0.005097258668652662,0.0049731441526296195,-0.014470633364729592,1
1493751278600.0,-0.005126281952993231,0.004997786563862178,-0.014561810286290059,1
1493751303600.0,-0.0051553052373338,0.0050224289750947365,-0.014652987207850526,1
1493751328600.0,-0.00518432852167437,0.005047071386327295,-0.014744164129410993,1
1493751353600.0,-0.005213351806014939,0.0050717137975598535,-0.014835341050971462,1
1493751378600.0,-0.0052423750903555074,0.005096356208792413,-0.014926517972531929,1
1493751403600.0,-0.005271398374696076,0.005120998620024971,-0.015017694894092395,1
1493751428600.0,-0.005300421659036646,0.00514564103125753,-0.01510887181565286,1
1493751453600.0,-0.005329444943377215,0.005170283442490088,-0.01520004873721333,1
1493751478600.0,-0.005358468227717784,0.005194925853722647,-0.015291225658773794,1
1493751503600.0,-0.005387491512058353,0.005219568264955206,-0.015382402580334263,1
1493751528600.0,-0.005416514796398922,0.005244210676187765,-0.015473579501894728,1
1493751553600.0,-0.005445538080739491,0.005268853087420323,-0.015564756423455197,1
1493751578600.0,-0.00547456136508006,0.005293495498652882,-0.015655933345015662,1
1493751603600.0,-0.005503584649420629,0.00531813790988544,-0.01574711026657613,1
1493751628600.0,-0.005532607933761198,0.0053427803211179995,-0.0158382871881366,1
1493751653600.0,-0.005561631218101768,0.005367422732350558,-0.015929464109697065,1
1493751678600.0,-0.0055906545024423365,0.0053920651435831165,-0.016020641031257533,1
1493751703600.0,-0.005619677786782905,0.005416707554815675,-0.016111817952818,1
1493751728600.0,-0.005648701071123474,0.0054413499660482334,-0.016202994874378467,1
1493751753600.0,-0.005677724355464044,0.005465992377280792,-0.016294171795938932,1
1493751778600.0,-0.005706747639804613,0.005490634788513351,-0.0163853487174994,1
1493751803600.0,-0.005735770924145182,0.00551527719974591,-0.016476525639059866,1
1493751828600.0,-0.0057647942084857505,0.005539919610978468,-0.016567702560620335,1
1493751853600.0,-0.00579381749282632,0.005564562022211027,-0.0166588794821808,1
1493751878600.0,-0.005822840777166889,0.005589204433443585,-0.01675005640374127,1
1493751903600.0,-0.005851864061507458,0.005613846844676145,-0.016841233325301734,1
1493751928600.0,-0.005880887345848027,0.005638489255908703,-0.016932410246862203,1
1493751953600.0,-0.005909910630188597,0.005663131667141262,-0.017023587168422668,1
1493751978600.0,-0.0059389339145291655,0.00568777407837382,-0.017114764089983137,1
1493752003600.0,-0.005967957198869734,0.0057124164896063786,-0.017205941011543602,1
1493752028600.0,-0.005996980483210303,0.005737058900838938,-0.01729711793310407,1
1493752053600.0,-0.006026003767550873,0.005761701312071496,-0.017388294854664536,1
1493752078600.0,-0.006055027051891442,0.005786343723304055,-0.017479471776225004,1
1493752103600.0,-0.006084050336232011,0.005810986134536613,-0.01757064869778547,1
1493752128600.0,-0.0061130736205725796,0.005835628545769172,-0.017661825619345938,1
1493752153600.0,-0.006142096904913148,0.00586027095700173,-0.017753002540906407,1
1493752178600.0,-0.006171120189253718,0.00588491336823429,-0.017844179462466872,1
1493752203600.0,-0.006200143473594287,0.005909555779466848,-0.01793535638402734,1
1493752228600.0,-0.006229166757934856,0.005934198190699407,-0.018026533305587806,1
1493752253600.0,-0.006258190042275425,0.005958840601931965,-0.018117710227148275,1
1493752278600.0,-0.0062872133266159945,0.005983483013164524,-0.01820888714870874,1
1493752303600.0,-0.006316236610956563,0.006008125424397083,-0.01830006407026921,1
1493752328600.0,-0.006345259895297132,0.0060327678356296415,-0.018391240991829674,1
1493752353600.0,-0.006374283179637701,0.0060574102468622,-0.018482417913390142,1
1493752378600.0,-0.006403306463978271,0.0060820526580947585,-0.018573594834950607,1
1493752403600.0,-0.00643232974831884,0.006106695069327317,-0.018664771756511076,1
1493752428600.0,-0.006461353032659409,0.006131337480559876,-0.01875594867807154,1
1493752453600.0,-0.0064903763169999774,0.006155979891792435,-0.01884712559963201,1
1493752478600.0,-0.006519399601340547,0.006180622303024993,-0.018938302521192475,1
1493752503600.0,-0.006548422885681116,0.006205264714257552,-0.019029479442752944,1
1493752528600.0,-0.006577446170021685,0.00622990712549011,-0.01912065636431341,1
1493752553600.0,-0.006606469454362254,0.006254549536722669,-0.019211833285873878,1
1493752578600.0,-0.006635492738702823,0.006279191947955228,-0.019303010207434343,1
1493752603600.0,-0.006664516023043392,0.006303834359187787,-0.01939418712899481,1
1493752628600.0,-0.006693539307383961,0.006328476770420345,-0.019485364050555277,1
1493752653600.0,-0.00672256259172453,0.006353119181652904,-0.019576540972115745,1
1493752678600.0,-0.006751585876065099,0.006377761592885462,-0.019667717893676214,1
1493752703600.0,-0.006780609160405669,0.0064024040041180215,-0.01975889481523668,1
1493752728600.0,-0.006809632444746238,0.00642704641535058,-0.019850071736797148,1
1493752753600.0,-0.0068386557290868065,0.0064516888265831384,-0.019941248658357613,1
1493752778600.0,-0.006867679013427375,0.006476331237815697,-0.020032425579918082,1
1493752803600.0,-0.006896702297767945,0.006500973649048255,-0.020123602501478547,1
1493752828600.0,-0.006925725582108514,0.006525616060280815,-0.020214779423039016,1
1493752853600.0,-0.006954748866449083,0.006550258471513373,-0.02030595634459948,1
1493752878600.0,-0.006983772150789652,0.006574900882745932,-0.02039713326615995,1
1493752903600.0,-0.007012795435130221,0.00659954329397849,-0.020488310187720415,1
1493752928600.0,-0.00704181871947079,0.006624185705211049,-0.020579487109280883,1
1493752953600.0,-0.007070842003811359,0.006648828116443607,-0.02067066403084135,1
1493752978600.0,-0.007099865288151928,0.006673470527676167,-0.020761840952401817,1
1493753003600.0,-0.007128888572492498,0.006698112938908725,-0.020853017873962282,1
1493753028600.0,-0.007157911856833067,0.0067227553501412836,-0.02094419479552275,1
1493753053600.0,-0.0071869351411736355,0.006747397761373842,-0.021035371717083216,1
1493753078600.0,-0.007215958425514204,0.0067720401726064005,-0.021126548638643685,1
1493753103600.0,-0.007244981709854773,0.00679668258383896,-0.02121772556020415,1
1493753128600.0,-0.007274004994195343,0.006821324995071518,-0.02130890248176462,1
1493753153600.0,-0.007303028278535912,0.006845967406304077,-0.021400079403325084,1
1493753178600.0,-0.007332051562876481,0.006870609817536635,-0.021491256324885553,1
1493753203600.0,-0.0073610748472170496,0.006895252228769194,-0.02158243324644602,1
1493753228600.0,-0.007390098131557619,0.006919894640001753,-0.021673610168006487,1
1493753253600.0,-0.007419121415898188,0.006944537051234312,-0.021764787089566955,1
1493753278600.0,-0.007448144700238757,0.00696917946246687,-0.02185596401112742,1
1493753303600.0,-0.007477167984579326,0.006993821873699429,-0.02194714093268789,1
1493753328600.0,-0.007506191268919896,0.007018464284931987,-0.022038317854248354,1
1493753353600.0,-0.0075352145532604645,0.007043106696164546,-0.022129494775808823,1
1493753378600.0,-0.007564237837601033,0.007067749107397105,-0.022220671697369288,1
1493753403600.0,-0.007593261121941602,0.0070923915186296635,-0.022311848618929757,1
1493753428600.0,-0.007622284406282172,0.007117033929862222,-0.022403025540490222,1
1493753453600.0,-0.007651307690622741,0.0071416763410947805,-0.02249420246205069,1
1493753478600.0,-0.00768033097496331,0.007166318752327339,-0.022585379383611156,1
1493753503600.0,-0.007709354259303879,0.007190961163559898,-0.022676556305171625,1
1493753528600.0,-0.007738377543644448,0.007215603574792457,-0.02276773322673209,1
1493753553600.0,-0.007767400827985017,0.007240245986025015,-0.02285891014829256,1
1493753578600.0,-0.007796424112325586,0.007264888397257574,-0.022950087069853024,1
1493753603600.0,-0.007825447396666156,0.007289530808490132,-0.023041263991413492,1
1493753628600.0,-0.007854470681006724,0.007314173219722692,-0.023132440912973957,1
1493753653600.0,-0.007883493965347294,0.00733881563095525,-0.023223617834534426,1
1493753678600.0,-0.007912517249687863,0.007363458042187809,-0.02331479475609489,1
1493753703600.0,-0.007941540534028431,0.007388100453420367,-0.02340597167765536,1
1493753728600.0,-0.007970563818369001,0.007412742864652926,-0.02349714859921583,1
1493753753600.0,-0.00799958710270957,0.007437385275885484,-0.023588325520776294,1
1493753778600.0,-0.008028610387050139,0.0074620276871180434,-0.023679502442336763,1
1493753803600.0,-0.008057633671390708,0.007486670098350602,-0.023770679363897228,1
1493753828600.0,-0.008086656955731276,0.00751131250958316,-0.023861856285457696,1
1493753853600.0,-0.008115680240071846,0.007535954920815719,-0.02395303320701816,1
1493753878600.0,-0.008144703524412414,0.007560597332048277,-0.02404421012857863,1
1493753903600.0,-0.008173726808752984,0.007585239743280837,-0.024135387050139095,1
1493753928600.0,-0.008202750093093554,0.007609882154513395,-0.024226563971699564,1
1493753953600.0,-0.008231773377434122,0.007634524565745954,-0.02431774089326003,1
1493753978600.0,-0.008260796661774691,0.007659166976978512,-0.024408917814820498,1
1493754003600.0,-0.008289819946115261,0.007683809388211071,-0.024500094736380963,1
1493754028600.0,-0.00831884323045583,0.00770845179944363,-0.024591271657941432,1
1493754053600.0,-0.008347866514796399,0.0077330942106761886,-0.024682448579501897,1
1493754078600.0,-0.008376889799136967,0.007757736621908747,-0.024773625501062366,1
1493754103600.0,-0.008405913083477537,0.0077823790331413055,-0.02486480242262283,1
1493754128600.0,-0.008434936367818106,0.007807021444373864,-0.0249559793441833,1
1493754153600.0,-0.008463959652158674,0.007831663855606423,-0.025047156265743765,1
1493754178600.0,-0.008492982936499244,0.007856306266838982,-0.025138333187304233,1
1493754203600.0,-0.008522006220839812,0.00788094867807154,-0.0252295101088647,1
1493754228600.0,-0.008551029505180382,0.007905591089304099,-0.025320687030425167,1
1493754253600.0,-0.008580052789520952,0.007930233500536657,-0.025411863951985636,1
1493754278600.0,-0.00860907607386152,0.007954875911769216,-0.0255030408735461,1
1493754303600.0,-0.00863809935820209,0.007979518323001776,-0.02559421779510657,1
1493754328600.0,-0.008667122642542659,0.008004160734234335,-0.025685394716667035,1
1493754353600.0,-0.008696145926883227,0.008028803145466893,-0.025776571638227504,1
1493754378600.0,-0.008725169211223797,0.008053445556699452,-0.02586774855978797,1
1493754403600.0,-0.008754192495564365,0.00807808796793201,-0.025958925481348438,1
1493754428600.0,-0.008783215779904935,0.008102730379164568,-0.026050102402908903,1
1493754453600.0,-0.008812239064245504,0.008127372790397127,-0.02614127932446937,1
1493754478600.0,-0.008841262348586072,0.008152015201629685,-0.026232456246029837,1
1493754503600.0,-0.008870285632926642,0.008176657612862244,-0.026323633167590305,1
1493754528600.0,-0.008899308917267212,0.008201300024094802,-0.02641481008915077,1
1493754553600.0,-0.00892833220160778,0.008225942435327361,-0.02650598701071124,1
1493754578600.0,-0.00895735548594835,0.008250584846559921,-0.026597163932271704,1
1493754603600.0,-0.008986378770288917,0.00827522725779248,-0.026688340853832173,1
1493754628600.0,-0.009015402054629487,0.008299869669025038,-0.026779517775392638,1
1493754653600.0,-0.009044425338970057,0.008324512080257597,-0.026870694696953107,1
1493754678600.0,-0.009073448623310625,0.008349154491490155,-0.026961871618513572,1
1493754703600.0,-0.009102471907651195,0.008373796902722714,-0.02705304854007404,1
1493754728600.0,-0.009131495191991763,0.008398439313955272,-0.027144225461634506,1
1493754753600.0,-0.009160518476332332,0.00842308172518783,-0.027235402383194975,1
1493754778600.0,-0.009189541760672902,0.008447724136420389,-0.02732657930475544,1
1493754803600.0,-0.00921856504501347,0.008472366547652948,-0.02741775622631591,1
1493754828600.0,-0.00924758832935404,0.008497008958885508,-0.027508933147876377,1
1493754853600.0,-0.00927661161369461,0.008521651370118066,-0.027600110069436842,1
1493754878600.0,-0.009305634898035178,0.008546293781350625,-0.02769128699099731,1
1493754903600.0,-0.009334658182375747,0.008570936192583183,-0.027782463912557776,1
1493754928600.0,-0.009363681466716315,0.008595578603815742,-0.027873640834118245,1
1493754953600.0,-0.009392704751056885,0.0086202210150483,-0.02796481775567871,1
1493754978600.0,-0.009421728035397455,0.008644863426280859,-0.02805599467723918,1
1493755003600.0,-0.009450751319738023,0.008669505837513417,-0.028147171598799644,1
1493755028600.0,-0.009479774604078593,0.008694148248745976,-0.028238348520360113,1
1493755053600.0,-0.00950879788841916,0.008718790659978534,-0.028329525441920578,1
1493755078600.0,-0.00953782117275973,0.008743433071211093,-0.028420702363481046,1
1493755103600.0,-0.0095668444571003,0.008768075482443651,-0.02851187928504151,1
1493755128600.0,-0.009595867741440868,0.00879271789367621,-0.02860305620660198,1
1493755153600.0,-0.009624891025781438,0.008817360304908768,-0.028694233128162445,1
1493755178600.0,-0.009653914310122007,0.008842002716141328,-0.028785410049722914,1
1493755203600.0,-0.009682937594462575,0.008866645127373887,-0.02887658697128338,1
1493755228600.0,-0.009711960878803145,0.008891287538606445,-0.028967763892843848,1
1493755253600.0,-0.009740984163143713,0.008915929949839004,-0.029058940814404313,1
1493755278600.0,-0.009770007447484283,0.008940572361071562,-0.029150117735964782,1
1493755303600.0,-0.009799030731824853,0.00896521477230412,-0.029241294657525247,0
1493755328600.0,-0.00982805401616542,0.00898985718353668,-0.029332471579085716,0
1493755353600.0,-0.00985707730050599,0.009014499594769238,-0.029423648500646184,0
1493755378600.0,-0.00988610058484656,0.009039142006001796,-0.02951482542220665,0
1493755403600.0,-0.009915123869187128,0.009063784417234355,-0.029606002343767118,0
1493755428600.0,-0.009944147153527698,0.009088426828466915,-0.029697179265327583,0
1493755453600.0,-0.009973170437868266,0.009113069239699473,-0.029788356186888052,0
1493755478600.0,-0.010002193722208836,0.009137711650932032,-0.029879533108448517,0
1493755503600.0,-0.010031217006549405,0.00916235406216459,-0.029970710030008986,0
1493755528600.0,-0.010060240290889973,0.009186996473397149,-0.03006188695156945,0
1493755553600.0,-0.010089263575230543,0.009211638884629707,-0.03015306387312992,0
1493755578600.0,-0.010118286859571111,0.009236281295862266,-0.030244240794690385,0
1493755603600.0,-0.01014731014391168,0.009260923707094824,-0.030335417716250854,0
1493755628600.0,-0.01017633342825225,0.009285566118327383,-0.03042659463781132,0
1493755653600.0,-0.010205356712592819,0.009310208529559941,-0.030517771559371788,0
1493755678600.0,-0.010234379996933388,0.0093348509407925,-0.030608948480932253,0
1493755703600.0,-0.010263403281273958,0.00935949335202506,-0.030700125402492718,0
1493755728600.0,-0.010292426565614526,0.009384135763257619,-0.03079130232405319,0
1493755753600.0,-0.010321449849955096,0.009408778174490177,-0.030882479245613655,0
1493755778600.0,-0.010350473134295664,0.009433420585722736,-0.03097365616717412,0
1493755803600.0,-0.010379496418636234,0.009458062996955294,-0.031064833088734586,0
1493755828600.0,-0.010408519702976803,0.009482705408187853,-0.031156010010295058,0
1493755853600.0,-0.010437542987317371,0.009507347819420411,-0.031247186931855523,0
1493755878600.0,-0.010466566271657941,0.00953199023065297,-0.031338363853415985,0
1493755903600.0,-0.01049558955599851,0.009556632641885528,-0.03142954077497646,0
1493755928600.0,-0.010524612840339079,0.009581275053118087,-0.03152071769653692,0
1493755953600.0,-0.010553636124679648,0.009605917464350645,-0.03161189461809739,0
1493755978600.0,-0.010582659409020216,0.009630559875583205,-0.03170307153965785,0
1493756003600.0,-0.010611682693360786,0.009655202286815764,-0.031794248461218325,0
1493756028600.0,-0.010640705977701356,0.009679844698048322,-0.03188542538277879,0
1493756053600.0,-0.010669729262041924,0.00970448710928088,-0.031976602304339255,0
1493756078600.0,-0.010698752546382494,0.00972912952051344,-0.03206777922589972,0
1493756103600.0,-0.010727775830723062,0.009753771931745998,-0.03215895614746019,0
1493756128600.0,-0.010756799115063631,0.009778414342978556,-0.03225013306902066,0
1493756153600.0,-0.010785822399404201,0.009803056754211115,-0.03234130999058112,0
1493756178600.0,-0.01081484568374477,0.009827699165443673,-0.03243248691214159,0
1493756203600.0,-0.010843868968085339,0.009852341576676232,-0.03252366383370206,0
1493756228600.0,-0.010872892252425909,0.009876983987908792,-0.032614840755262525,0
1493756253600.0,0.2331,0.1198,0.0528,0
1493756278600.0,-0.0487,0.0667,-0.034,0
1493756303600.0,0.0022,0.0053,-0.0277,0
1493756328600.0,0.0153,-0.0063,0.0251,0
1493756353600.0,0.0345,-0.049,0.0412,0
1493756378600.0,-0.0974,0.0378,-0.0631,0
1493756403600.0,-0.052,0.2102,-0.0599,0
1493756428600.0,-0.36,-0.0501,0.1263,0
1493756453600.0,-0.3003,-0.2138,-0.6681,0
1493756478600.0,0.0029,-0.0433,0.0173,0
1493756503600.0,0.032,-0.0022,-0.0038,0
1493756528600.0,-0.0578,-0.0081,0.123,0
1493756553600.0,0.0017,0.0052,0.0019,0
1493756578600.0,-0.022,-0.0009,-0.0165,0
1493756603600.0,0.0578,-0.0023,-0.0532,0
1493756628600.0,0.0539,-0.0296,0.0106,0
1493756653600.0,-0.0159,-0.0195,-0.032,0
1493756678600.0,-0.0046,0.004,-0.0098,0
1493756703600.0,-0.2898,-0.354,0.222,0
1493756728600.0,0.0159,0.0144,0.0556,0
1493756753600.0,-0.0676,0.0598,-0.0807,0
1493756778600.0,-0.0833,0.0283,-0.0388,0
1493756803600.0,0.0816,-0.0412,0.5161,0
1493756828600.0,-0.0224,0.0559,-0.011,0
1493756853600.0,-0.0118,0.0339,0.0066,0
1493756878600.0,-0.0523,-0.0765,-0.0137,0
1493756903600.0,-0.0136,0.0062,0.0012,0
1493756928600.0,0.017,-0.0226,0.1173,0
1493756953600.0,-0.0085,-0.0203,-0.0244,0
1493756978600.0,-0.0057,-0.0016,0.0015,0
1493757003600.0,-0.0803,-0.0653,0.0936,0
1493757028600.0,0.0049,0.0412,-0.0796,0
1493757053600.0,0.0143,0.0239,0.0059,0
1493757078600.0,0.1838,0.1217,-0.1483,0
1493757103600.0,0.0015,-0.0178,0.0431,0
1493757128600.0,0.0052,-0.0087,-0.0062,0
1493757153600.0,0.0448,0.0138,0.0032,0
1493757178600.0,0.4731,1.2909,-0.4372,0
1493757203600.0,0.2777,0.108,-0.4913,0
1493757228600.0,0.0084,-0.0511,-0.0672,0
1493757253600.0,-0.0113,-0.0079,-0.0095,0
1493757278600.0,-0.0901,-0.1688,0.3277,0
1493757303600.0,-0.5313,-0.102,-0.3968,0
1493757328600.0,-0.0104,-0.0042,0.0124,0
1493757353600.0,0.0802,-0.1579,0.1795,0
1493757378600.0,-0.0237,-0.0354,0.012,0
1493757403600.0,0.0053,-0.0024,0.0028,0
1493757428600.0,0.0057,-0.0024,-0.0045,0
1493757453600.0,0.0083,-0.0081,0.0321,0
1493757478600.0,-0.5658,-0.2911,-0.1309,0
1493757503600.0,-0.0768,0.054,0.003,0
1493757528600.0,0.0003,-0.008,0.0046,0
1493757553600.0,0.0917,-0.2062,-0.1505,0
1493757578600.0,-0.0184,-0.0136,0.0053,0
1493757603600.0,-0.0499,-0.0943,-0.021,0
1493757628600.0,-0.0155,0.0248,0.0073,0
1493757653600.0,-0.0164,-0.0003,-0.0009,0
1493757678600.0,0.1486,0.1307,0.2048,0
1493757703600.0,0.0399,0.7676,-0.0132,0
1493757728600.0,-0.13,-0.0947,-0.2847,0
1493757753600.0,-0.0079,0.0902,-0.0227,0
1493757778600.0,-0.2897,-0.2915,0.2642,0
1493757803600.0,-0.0922,0.0746,-0.0504,0
1493757828600.0,-0.0997,-0.3066,0.0016,0
1493757853600.0,0.006,-0.0014,-0.0042,0
1493757878600.0,-0.0014,0.0051,-0.0007,0
1493757903600.0,0.0056,-0.0003,-0.0068,0
1493757928600.0,0.0018,-0.0091,-0.0058,0
1493757953600.0,-0.0102,0.0029,-0.0141,0
1493757978600.0,-0.0009,0.0079,-0.0018,0
1493758003600.0,0.0053,0.0151,-0.0001,0
1493758028600.0,0.0016,-0.0008,-0.0018,0
1493758053600.0,-0.0069,0.0004,-0.0048,0
1493758078600.0,0.0145,-0.0088,-0.0066,0
1493758103600.0,-0.0027,0.0046,0.0016,0
1493758128600.0,-0.0036,-0.0098,0.0299,0
1493758153600.0,-0.001,0.0035,-0.0019,0
1493758178600.0,-0.012,0.0017,-0.0031,0
1493758203600.0,0.1,-0.0297,-0.0236,0
1493758228600.0,0.1576,0.1138,-0.2057,0
1493758253600.0,-0.0182,-0.0138,0.0205,0
1493758278600.0,0.1459,0.0016,0.0427,0
1493758303600.0,0.0149,0.0099,-0.0115,0
1493758328600.0,-0.2454,-0.2385,0.3034,0
1493758353600.0,0.0015,-0.0022,-0.0083,0
1493758378600.0,0.0085,-0.0034,0.0005,0
1493758403600.0,0.0845,-0.0103,0.2208,0
1493758428600.0,0.0005,-0.0016,-0.006,0
1493758453600.0,0.0133,-0.0007,-0.0178,0
1493758478600.0,0.0032,0.004,-0.0025,0
1493758503600.0,0.0007,0.0023,-0.0044,0
1493758528600.0,0.006,-0.0033,-0.0025,0
1493758553600.0,0.0046,-0.0011,-0.0003,0
1493758578600.0,0.0015,-0.0018,-0.0017,0
1493758603600.0,-0.0036,0.0017,-0.0003,0
1493758628600.0,-0.0116,0.0215,-0.0043,0
1493758653600.0,-0.0009,-0.0012,-0.0027,0
1493758678600.0,-0.0032,-0.003,-0.0039,0
1493758703600.0,0.0025,-0.0002,-0.0015,0
1493758728600.0,0.0067,-0.0009,-0.003,0
1493758753600.0,-0.004,-0.0049,-0.0014,0
1493758778600.0,0.0059,0.0047,-0.0033,0
1493758803600.0,-0.001,0.0023,-0.0043,0
1493758828600.0,-0.0011,-0.0015,-0.0026,0
1493758853600.0,-0.0026,0.0018,0.0013,0
1493758878600.0,-0.0001,0.0016,-0.0029,0
1493758903600.0,-0.0007,-0.0002,-0.0048,0
1493758928600.0,-0.0022,0.0028,0.0051,0
1493758953600.0,-0.0006,0.0029,-0.0009,0
1493758978600.0,0.0013,0.0169,-0.0017,1
1493759003600.0,0.0055,0.0105,0.0034,1
1493759028600.0,-0.0087,0.003,-0.0033,1
1493759053600.0,-0.0016,-0.0009,-0.0031,1
1493759078600.0,-0.0029,-0.0016,-0.0052,1
1493759103600.0,-0.0018,-0.0006,-0.0013,1
1493759128600.0,0.0008,-0.0016,-0.0045,1
1493759153600.0,0.0131,0.0047,0.0008,1
1493759178600.0,-0.0031,-0.0044,-0.0026,1
1493759203600.0,0.0004,-0.0002,-0.0018,1
1493759228600.0,-0.0032,0.0003,-0.0041,1
1493759253600.0,0.0025,-0.0031,-0.0026,1
1493759278600.0,0.0007,0.0054,-0.0017,1
1493759303600.0,0.0008,0.001,-0.0041,1
1493759328600.0,-0.0,-0.0049,-0.0027,1
1493759353600.0,-0.001,-0.0008,-0.0043,1
1493759378600.0,0.0042,0.0043,0.0012,1
1493759403600.0,0.0033,0.006,-0.0026,1
1493759428600.0,0.0199,-0.001,0.006,1
1493759453600.0,0.0001,0.0015,-0.0034,1
1493759478600.0,-0.0021,-0.001,-0.0039,1
1493759503600.0,-0.0094,0.0088,-0.0149,1
1493759528600.0,-0.0305,0.0278,0.0132,1
1493759553600.0,0.012,-0.0037,0.017,1
1493759578600.0,-0.0,-0.0025,-0.0042,1
1493759603600.0,0.0011,0.0017,-0.002,1
1493759628600.0,0.0021,-0.0025,-0.0055,1
1493759653600.0,0.002,0.0012,-0.006,1
1493759678600.0,-0.0051,-0.0007,-0.0023,1
1493759703600.0,0.0001,0.0005,-0.004,1
1493759728600.0,0.0013,-0.0017,-0.0046,1
1493759753600.0,0.0033,-0.0046,-0.0045,1
1493759778600.0,-0.0029,-0.0045,-0.0059,1
1493759803600.0,0.0036,0.004,-0.0048,1
1493759828600.0,0.001,-0.0005,-0.0036,1
1493759853600.0,0.0013,0.0018,-0.0021,1
1493759878600.0,0.01,-0.0033,-0.0202,1
1493759903600.0,0.0001,-0.0012,-0.0036,1
1493759928600.0,0.0043,-0.0002,-0.0019,1
1493759953600.0,-0.0229,-0.0009,-0.0115,1
1493759978600.0,-0.025,0.0127,-0.0197,1
1493760003600.0,0.0014,0.0023,-0.0068,1
1493760028600.0,0.0008,0.0032,0.0019,1
1493760053600.0,-0.0172,-0.0009,-0.0124,1
1493760078600.0,0.0047,-0.0083,0.0094,1
1493760103600.0,-0.0254,0.0001,-0.219,1
1493760128600.0,-0.001,-0.0079,-0.0065,1
1493760153600.0,0.0087,0.0022,-0.0032,1
1493760178600.0,-0.0106,-0.01,-0.0082,1
1493760203600.0,0.0195,0.0118,0.0087,1
1493760228600.0,-0.0088,0.0064,-0.0048,1
1493760253600.0,0.1247,-0.0695,0.0222,1
1493760278600.0,0.0053,0.0042,-0.004,1
1493760303600.0,0.0039,0.0004,-0.0014,1
1493760328600.0,0.0053,-0.003,-0.0012,1
1493760353600.0,0.0002,-0.0015,-0.0031,1
1493760378600.0,0.0027,-0.003,0.0033,1
1493760403600.0,0.0003,-0.0004,-0.0004,1
1493760428600.0,-0.0067,0.0334,-0.0325,1
1493760453600.0,0.0086,0.0148,-0.0721,1
1493760478600.0,-0.0011,0.0007,-0.0047,1
1493760503600.0,0.005,-0.0035,-0.0004,1
1493760528600.0,0.0085,0.0023,0.003,1
1493760553600.0,0.0063,-0.0016,-0.0011,1
1493760578600.0,0.0026,-0.0012,-0.0036,1
1493760603600.0,-0.0101,0.0057,-0.0035,1
1493760628600.0,0.0063,0.0009,-0.0349,1
1493760653600.0,0.01,-0.0081,0.0032,1
1493760678600.0,-0.0001,-0.003,-0.0049,1
1493760703600.0,-0.0142,0.0046,0.0044,1
1493760728600.0,0.0124,0.0085,0.0899,1
1493760753600.0,0.0188,0.0053,0.0385,1
1493760778600.0,-0.0001,-0.0001,-0.0047,1
1493760803600.0,0.0005,0.0031,-0.0004,1
1493760828600.0,-0.0004,0.0016,-0.0044,1
1493760853600.0,-0.0522,0.0091,-0.0955,1
1493760878600.0,0.1548,-0.0638,-0.5719,1
1493760903600.0,0.0217,-0.0794,0.0563,1
1493760928600.0,0.0858,0.2501,-0.3193,1
1493760953600.0,0.0567,-0.0308,-0.0306,1
1493760978600.0,0.0326,-0.0459,-0.0259,1
1493761003600.0,0.1874,-0.1692,0.2324,1
1493761028600.0,0.4153,0.3387,-0.3486,1
1493761053600.0,-0.1123,0.0273,-0.1032,1
1493761078600.0,-0.0221,-0.2247,-0.1154,1
1493761103600.0,-0.0398,0.0023,-0.0004,1
1493761128600.0,-0.5613,-0.6397,-0.1941,1
1493761153600.0,0.1735,0.2095,0.188,1
1493761178600.0,0.0213,0.1307,0.1013,1
1493761203600.0,-0.3856,-0.3686,0.1869,1
1493761228600.0,-0.1727,-0.0714,0.302,1
1493761253600.0,-0.0572,-0.2688,-0.0547,1
1493761278600.0,0.037,-0.2086,0.4377,1
1493761303600.0,-0.0273,-0.0168,-0.0304,1
1493761328600.0,-0.0368,-0.0413,0.0902,1
1493761353600.0,0.0883,0.2057,0.0855,1
1493761378600.0,0.3383,0.5142,-0.2557,1
1493761403600.0,0.0069999999999999,-0.0253,0.0131,1
1493761428600.0,0.0246,0.0133,-0.0372,1
1493761453600.0,-0.0057,0.021,0.0024,1
1493761478600.0,0.0291,0.0898,-0.2685,1
1493761503600.0,-0.0563,-0.0261,0.0106,1
1493761528600.0,0.0119,-0.0037,-0.0034,1
1493761553600.0,0.0368,0.0127,-0.0475,1
1493761578600.0,0.0679,-0.008,0.0723,1
1493761603600.0,-0.0232,0.0019,0.0205,1
1493761628600.0,-0.0125,-0.0112,-0.0326,1
1493761653600.0,0.0716,0.0505,0.0351,1
1493761678600.0,-0.0137,-0.1383,0.1117,1
1493761703600.0,-0.0364,0.1174,-0.0178,1
1493761728600.0,-0.0148,0.0112,-0.0232,1
1493761753600.0,0.0518,-0.2944,0.1826,1
1493761778600.0,-0.0699,-0.1866,0.0979,1
1493761803600.0,0.1911,0.3856,-0.0559,1
1493761828600.0,0.0651,-0.2166,-0.0121,1
1493761853600.0,-0.3845,0.0913,-0.341,1
1493761878600.0,0.1699,-0.1072,0.2085,1
1493761903600.0,-0.2126,0.2351,-0.0647,1
1493761928600.0,0.0857,0.0764,0.0939,1
1493761953600.0,0.0031,0.0025,0.0035,1
1493761978600.0,0.0952,-0.0556,-0.0433,1
1493762003600.0,0.1727,-0.0025,0.1377,1
1493762028600.0,0.1463,0.1547,0.2344,1
1493762053600.0,0.133,-0.0535,-0.075,1
1493762078600.0,-0.0362,-0.0915,-0.1766,1
1493762103600.0,0.0184,-0.0136,0.0023,1
1493762128600.0,-0.7463,0.8176,0.0529,1
1493762153600.0,0.3225,-0.2678,0.058,1
1493762178600.0,0.0319,0.2628,-0.6494,1
1493762203600.0,-0.126,0.0198,-0.1391,1
1493762228600.0,-0.3742,-0.1549,-0.1035,1
1493762253600.0,0.0936,-0.0193,-0.0446,1
1493762278600.0,0.0007,0.0751,-0.0982,1
1493762303600.0,0.0114,0.0286,0.0117,1
1493762328600.0,-0.0474,0.1577,0.0233,1
1493762353600.0,-0.0709,0.043,0.0682,1
1493762378600.0,-0.1074,0.0093,-0.0142,1
1493762403600.0,0.0681,0.0517,-0.0496,1
1493762428600.0,-0.0606,0.0394,-0.0158,1
1493762453600.0,0.0109,-0.0205,-0.0232,1
1493762478600.0,-0.0984,-0.1716,0.0487,1
1493762503600.0,-0.0238,-0.002,-0.0157,1
1493762528600.0,-0.0182,-0.0076,-0.0199,1
1493762553600.0,-0.102,0.0295,0.014,1
1493762578600.0,0.0343,0.0488,-0.0207,1
1493762603600.0,-0.0581,-0.0194,-0.06,1
1493762628600.0,0.0372,-0.0219,0.1501,1
1493762653600.0,0.0929,-0.1123,-0.0376,1
1493762678600.0,0.0027,0.0031,0.0141,1
1493762703600.0,0.0354,-0.0409,-0.1458,1
1493762728600.0,0.1763,-0.1164,0.0074,1
1493762753600.0,-0.0837,-0.0265,0.2749,1
1493762778600.0,0.009,0.0194,-0.1021,1
1493762803600.0,-0.0036,-0.005,0.2978,1
1493762828600.0,0.0124,0.0705,-0.1422,1
1493762853600.0,0.0178,-0.0049,-0.0711,1
1493762878600.0,0.0302,0.0323,0.0234,1
1493762903600.0,-0.0186,-0.0035,-0.0101,1
1493762928600.0,-0.0258,0.0173,-0.1222,1
1493762953600.0,0.0217,0.0116,0.0106,1
1493762978600.0,0.0311,0.0052,-0.0219,1
1493763003600.0,0.0937,-0.0206,-0.0215,1
1493763028600.0,0.0037,0.0018,-0.0081,1
1493763053600.0,0.5055,0.1852,0.1885,1
1493763078600.0,0.0035924336751827646,-0.004080654077652347,0.05820656660897419,1
1493763103600.0,0.0031442406551109503,-0.003583379401203792,0.05740059414636667,1
1493763128600.0,0.0026960476350391363,-0.0030861047247552373,0.05659462168375914,1
1493763153600.0,0.002247854614967322,-0.0025888300483066827,0.055788649221151614,1
1493763178600.0,0.0017996615948955078,-0.0020915553718581278,0.05498267675854408,1
1493763203600.0,0.0013514685748236936,-0.0015942806954095732,0.05417670429593656,1
1493763228600.0,0.0009032755547518792,-0.0010970060189610187,0.05337073183332903,1
1493763253600.0,0.00045508253468006486,-0.0005997313425124638,0.052564759370721505,1
1493763278600.0,6.889514608250484e-06,-0.00010245666606390879,0.051758786908113974,1
1493763303600.0,-0.0004413035054635639,0.0003948180103846453,0.05095281444550645,1
1493763328600.0,-0.0008894965255353783,0.0008920926868332003,0.05014684198289892,1
1493763353600.0,-0.0013376895456071918,0.0013893673632817552,0.04934086952029139,1
1493763378600.0,-0.0017858825656790062,0.0018866420397303093,0.048534897057683865,1
1493763403600.0,-0.0022340755857508205,0.0023839167161788643,0.047728924595076334,1
1493763428600.0,-0.002682268605822635,0.0028811913926274193,0.04692295213246881,1
1493763453600.0,-0.0031304616258944493,0.0033784660690759733,0.04611697966986128,1
1493763478600.0,-0.0035786546459662637,0.0038757407455245274,0.045311007207253756,1
1493763503600.0,-0.004026847666038078,0.004373015421973083,0.044505034744646225,1
1493763528600.0,-0.004475040686109892,0.004870290098421637,0.0436990622820387,1
1493763553600.0,-0.004923233706181706,0.0053675647748701915,0.04289308981943117,1
1493763578600.0,-0.005371426726253521,0.005864839451318747,0.04208711735682365,1
1493763603600.0,-0.005819619746325335,0.006362114127767301,0.04128114489421612,1
1493763628600.0,-0.006267812766397148,0.0068593888042158555,0.040475172431608586,1
1493763653600.0,-0.0067160057864689635,0.007356663480664411,0.03966919996900106,1
1493763678600.0,-0.007164198806540777,0.007853938157112966,0.03886322750639354,1
1493763703600.0,-0.007612391826612592,0.008351212833561519,0.03805725504378601,1
1493763728600.0,-0.008060584846684406,0.008848487510010074,0.03725128258117848,1
1493763753600.0,-0.008508777866756221,0.00934576218645863,0.03644531011857095,1
1493763778600.0,-0.008956970886828034,0.009843036862907183,0.03563933765596343,1
1493763803600.0,-0.009405163906899848,0.010340311539355738,0.0348333651933559,1
1493763828600.0,-0.009853356926971663,0.010837586215804294,0.03402739273074837,1
1493763853600.0,-0.010301549947043477,0.011334860892252847,0.033221420268140844,1
1493763878600.0,-0.010749742967115292,0.011832135568701403,0.032415447805533314,1
1493763903600.0,-0.011197935987187106,0.012329410245149958,0.03160947534292578,1
1493763928600.0,-0.01164612900725892,0.012826684921598514,0.03080350288031826,1
1493763953600.0,-0.012094322027330734,0.013323959598047067,0.029997530417710732,1
1493763978600.0,-0.01254251504740255,0.013821234274495622,0.029191557955103205,1
1493764003600.0,-0.012990708067474361,0.014318508950944178,0.028385585492495678,1
1493764028600.0,-0.013438901087546177,0.01481578362739273,0.02757961302988815,1
1493764053600.0,-0.013887094107617992,0.015313058303841286,0.02677364056728062,1
1493764078600.0,-0.014335287127689807,0.015810332980289842,0.025967668104673096,1
1493764103600.0,-0.014783480147761619,0.016307607656738395,0.025161695642065565,1
1493764128600.0,-0.015231673167833434,0.01680488233318695,0.02435572317945804,1
1493764153600.0,-0.015679866187905248,0.017302157009635506,0.02354975071685051,1
1493764178600.0,-0.01612805920797706,0.01779943168608406,0.022743778254242987,1
1493764203600.0,-0.016576252228048878,0.018296706362532614,0.021937805791635456,1
1493764228600.0,-0.01702444524812069,0.01879398103898117,0.021131833329027933,1
1493764253600.0,-0.01747263826819251,0.019291255715429723,0.020325860866420402,1
1493764278600.0,-0.01792083128826432,0.01978853039187828,0.019519888403812878,1
1493764303600.0,-0.018369024308336132,0.020285805068326834,0.018713915941205347,1
1493764328600.0,-0.01881721732840795,0.020783079744775387,0.017907943478597824,1
1493764353600.0,-0.019265410348479763,0.021280354421223942,0.017101971015990293,1
1493764378600.0,-0.019713603368551574,0.0217776290976725,0.01629599855338277,1
1493764403600.0,-0.020161796388623393,0.02227490377412105,0.015490026090775239,1
1493764428600.0,-0.020609989408695205,0.022772178450569606,0.014684053628167708,1
1493764453600.0,-0.021058182428767017,0.023269453127018162,0.013878081165560184,1
1493764478600.0,-0.021506375448838835,0.023766727803466715,0.013072108702952653,1
1493764503600.0,-0.021954568468910647,0.02426400247991527,0.01226613624034513,1
1493764528600.0,-0.022402761488982466,0.024761277156363826,0.011460163777737599,1
1493764553600.0,-0.022850954509054278,0.02525855183281238,0.010654191315130075,1
1493764578600.0,-0.02329914752912609,0.025755826509260935,0.009848218852522544,1
1493764603600.0,-0.023747340549197908,0.02625310118570949,0.00904224638991502,1
1493764628600.0,-0.02419553356926972,0.026750375862158043,0.00823627392730749,1
1493764653600.0,-0.02464372658934153,0.0272476505386066,0.007430301464699966,1
1493764678600.0,-0.02509191960941335,0.027744925215055154,0.006624329002092436,1
1493764703600.0,-0.025540112629485162,0.02824219989150371,0.005818356539484912,1
1493764728600.0,-0.025988305649556974,0.028739474567952266,0.005012384076877381,1
1493764753600.0,-0.026436498669628793,0.029236749244400815,0.004206411614269857,1
1493764778600.0,-0.026884691689700604,0.02973402392084937,0.0034004391516623267,1
1493764803600.0,-0.027332884709772416,0.030231298597297927,0.002594466689054796,1
1493764828600.0,-0.027781077729844235,0.030728573273746482,0.0017884942264472722,1
1493764853600.0,-0.028229270749916047,0.031225847950195038,0.0009825217638397415,1
1493764878600.0,-0.02867746376998786,0.03172312262664359,0.0001765493012322178,1
1493764903600.0,-0.029125656790059677,0.03222039730309214,-0.0006294231613753129,1
1493764928600.0,-0.02957384981013149,0.032717671979540695,-0.0014353956239828367,1
1493764953600.0,-0.0300220428302033,0.03321494665598925,-0.0022413680865903673,1
1493764978600.0,-0.03047023585027512,0.03371222133243781,-0.003047340549197891,1
1493765003600.0,-0.03091842887034693,0.03420949600888636,-0.003853313011805422,1
1493765028600.0,-0.0391,0.0049,-0.005,1
1493765053600.0,0.0141,-0.0376,-0.0399,1
1493765078600.0,-0.0002,0.0094,0.0205,1
1493765103600.0,0.146,0.0433,0.103,1
1493765128600.0,0.0583,0.0029,0.0133,1
1493765153600.0,-0.0571,-0.1261,0.1039,1
1493765178600.0,-0.0902,-0.011,0.0517,1
1493765203600.0,-0.0008,-0.0073,-0.0092,1
1493765228600.0,-0.0125,0.0258,-0.0093,1
1493765253600.0,-0.0155,0.2682,-0.2479,1
1493765278600.0,-0.1447,-0.0517,0.0382,1
1493765303600.0,0.0006,-0.0052,0.0002,1
1493765328600.0,-0.0566,0.008,0.0138,1
1493765353600.0,0.0089,0.0057,0.0026,1
1493765378600.0,0.0047,0.0008,-0.001,1
1493765403600.0,-0.0001,-0.011,-0.0053,1
1493765428600.0,-0.3113,-0.2753,-0.0403,1
1493765453600.0,0.2384,-0.0985,-0.059,1
1493765478600.0,0.058,0.1902,0.1871,1
1493765503600.0,-0.0665,-0.1537,0.0446,1
1493765528600.0,-0.4932,-0.0305,0.0748,1
1493765553600.0,0.1406,0.0183,-0.2604,1
1493765578600.0,0.0336,-0.0575,-0.0819999999999999,1
1493765603600.0,-0.0431,0.3395,-0.2132,1
1493765628600.0,1.6294,0.399,1.7522,1
1493765653600.0,0.0085,-0.0351,-0.0812,1
1493765678600.0,-0.0087,0.07,-0.0941,1
1493765703600.0,0.466,0.4499,0.1562,1
1493765728600.0,-0.4724,-0.3852,-0.2335,1
1493765753600.0,-0.0629,-0.1405,0.0665,1
1493765778600.0,-0.0215,-0.0092,-0.0052,1
1493765803600.0,0.0514,0.0931,-0.1158,1
1493765828600.0,0.1585,-0.2384,-0.0772,1
1493765853600.0,0.0431,0.3158,0.0318,1
1493765878600.0,0.3717,-0.5793,-0.2122,1
1493765903600.0,0.7794,-0.1102,-0.3139,1
1493765928600.0,0.1397,-0.2017,0.0102,1
1493765953600.0,0.0977,0.0354,0.0171,1
1493765978600.0,-0.0783,0.0437,0.0267,1
1493766003600.0,-0.3725,0.0426,0.1242,1
1493766028600.0,-0.5426,-0.8947,-0.6364,1
1493766053600.0,-0.1287,-0.0817,0.0725,1
1493766078600.0,-0.0272,-0.0983,0.0976,1
1493766103600.0,-0.6905,0.448,0.4735,1
1493766128600.0,-0.0308,0.0038,0.0035,1
1493766153600.0,0.0618,-0.0216,-0.1634,1
1493766178600.0,-0.0806,0.071,0.1611,1
1493766203600.0,-0.0003,0.0654,0.079,1
1493766228600.0,-0.0544,0.0393,-0.1759,1
1493766253600.0,0.0074,0.0107,0.0068,1
1493766278600.0,0.0096,-0.0095,0.0011,1
1493766303600.0,0.0219,-0.032,-0.0203,1
1493766328600.0,-0.1388,-0.0023,0.0296,1
1493766353600.0,0.0019,-0.068,0.1067,1
1493766378600.0,-0.026,-0.0483,-0.0478,1
1493766403600.0,-0.2629,0.1315,-0.5937,1
1493766428600.0,0.3521,1.8041,0.3042,1
1493766453600.0,0.1957081054036024,0.31283635757171446,-0.08034818212141429,1
1493766478600.0,0.19255600400266845,0.309014762222434,-0.07946783331744973,1
1493766503600.0,0.18940390260173448,0.3051931668731535,-0.07858748451348518,1
1493766528600.0,0.18625180120080054,0.30137157152387306,-0.07770713570952063,1
1493766553600.0,0.18309969979986657,0.29754997617459256,-0.07682678690555608,1
1493766578600.0,0.17994759839893262,0.2937283808253121,-0.07594643810159155,1
1493766603600.0,0.17679549699799865,0.28990678547603166,-0.075066089297627,1
1493766628600.0,0.1736433955970647,0.28608519012675115,-0.07418574049366244,1
1493766653600.0,0.17049129419613074,0.2822635947774707,-0.0733053916896979,1
1493766678600.0,0.1673391927951968,0.2784419994281902,-0.07242504288573334,1
1493766703600.0,0.16418709139426285,0.27462040407890975,-0.0715446940817688,1
1493766728600.0,0.16103498999332888,0.27079880872962925,-0.07066434527780426,1
1493766753600.0,0.1578828885923949,0.2669772133803488,-0.0697839964738397,1
1493766778600.0,0.15473078719146097,0.26315561803106835,-0.06890364766987515,1
1493766803600.0,0.15157868579052702,0.25933402268178785,-0.0680232988659106,1
1493766828600.0,0.14842658438959305,0.2555124273325074,-0.06714295006194607,1
1493766853600.0,0.1452744829886591,0.2516908319832269,-0.06626260125798152,1
1493766878600.0,0.14212238158772514,0.24786923663394644,-0.06538225245401696,1
1493766903600.0,0.1389702801867912,0.24404764128466597,-0.06450190365005241,1
1493766928600.0,0.13581817878585722,0.2402260459353855,-0.06362155484608786,1
1493766953600.0,0.13266607738492328,0.236404450586105,-0.06274120604212333,1
1493766978600.0,0.12951397598398934,0.23258285523682454,-0.061860857238158776,1
1493767003600.0,0.12636187458305537,0.2287612598875441,-0.060980508434194225,1
1493767028600.0,0.12320977318212141,0.22493966453826358,-0.060100159630229674,1
1493767053600.0,0.12005767178118745,0.22111806918898314,-0.05921981082626513,1
1493767078600.0,0.11690557038025351,0.21729647383970266,-0.05833946202230059,1
1493767103600.0,0.11375346897931955,0.21347487849042218,-0.057459113218336036,1
1493767128600.0,0.1106013675783856,0.2096532831411417,-0.056578764414371485,1
1493767153600.0,0.10744926617745164,0.20583168779186123,-0.05569841561040694,1
1493767178600.0,0.10429716477651768,0.20201009244258078,-0.05481806680644239,1
1493767203600.0,0.10114506337558372,0.19818849709330028,-0.05393771800247785,1
1493767228600.0,0.09799296197464977,0.19436690174401983,-0.053057369198513296,1
1493767253600.0,0.09484086057371581,0.19054530639473935,-0.052177020394548745,1
1493767278600.0,0.09168875917278185,0.18672371104545887,-0.0512966715905842,1
1493767303600.0,0.0885366577718479,0.1829021156961784,-0.05041632278661965,1
1493767328600.0,0.08538455637091395,0.17908052034689792,-0.04953597398265511,1
1493767353600.0,0.08223245496998,0.17525892499761744,-0.048655625178690556,1
1493767378600.0,0.07908035356904604,0.171437329648337,-0.047775276374726006,1
1493767403600.0,0.07592825216811208,0.16761573429905652,-0.04689492757076146,1
1493767428600.0,0.07277615076717811,0.16379413894977604,-0.04601457876679691,1
1493767453600.0,0.06962404936624417,0.15997254360049556,-0.04513422996283237,1
1493767478600.0,0.06647194796531022,0.1561509482512151,-0.04425388115886782,1
1493767503600.0,0.06331984656437625,0.1523293529019346,-0.043373532354903266,1
1493767528600.0,0.06016774516344231,0.14850775755265413,-0.04249318355093872,1
1493767553600.0,0.05701564376250834,0.14468616220337369,-0.04161283474697417,1
1493767578600.0,0.053863542361574396,0.1408645668540932,-0.04073248594300963,1
1493767603600.0,0.050711440960640425,0.13704297150481273,-0.03985213713904508,1
1493767628600.0,0.04755933955970648,0.13322137615553226,-0.038971788335080526,1
1493767653600.0,0.04440723815877251,0.12939978080625178,-0.03809143953111598,1
1493767678600.0,0.04125513675783857,0.1255781854569713,-0.03721109072715143,1
1493767703600.0,0.038103035356904624,0.12175659010769083,-0.03633074192318689,1
1493767728600.0,0.03495093395597065,0.11793499475841038,-0.03545039311922234,1
1493767753600.0,0.03179883255503671,0.1141133994091299,-0.034570044315257786,1
1493767778600.0,0.02864673115410274,0.11029180405984942,-0.03368969551129324,1
1493767803600.0,0.025494629753168796,0.10647020871056895,-0.03280934670732869,1
1493767828600.0,0.022342528352234825,0.10264861336128847,-0.03192899790336415,1
1493767853600.0,0.019190426951300882,0.098827018012008,-0.031048649099399597,1
1493767878600.0,0.01603832555036691,0.09500542266272752,-0.030168300295435053,1
1493767903600.0,0.012886224149432968,0.09118382731344707,-0.029287951491470503,1
1493767928600.0,0.009734122748499024,0.08736223196416659,-0.028407602687505952,1
1493767953600.0,0.0065820213475650535,0.08354063661488612,-0.027527253883541408,1
1493767978600.0,0.0034299199466311103,0.07971904126560564,-0.026646905079576858,1
1493768003600.0,0.0002778185456971394,0.07589744591632516,-0.025766556275612314,1
1493768028600.0,-0.002874282855236804,0.07207585056704469,-0.024886207471647763,1
1493768053600.0,-0.006026384256170775,0.06825425521776421,-0.024005858667683212,1
1493768078600.0,-0.009178485657104718,0.06443265986848373,-0.02312550986371867,1
1493768103600.0,-0.012330587058038689,0.060611064519203284,-0.022245161059754118,1
1493768128600.0,-0.015482688458972632,0.05678946916992278,-0.021364812255789574,1
1493768153600.0,-0.018634789859906603,0.05296787382064233,-0.020484463451825023,1
1493768178600.0,-0.021786891260840546,0.04914627847136188,-0.019604114647860472,1
1493768203600.0,-0.02493899266177449,0.04532468312208138,-0.01872376584389593,1
1493768228600.0,-0.02809109406270846,0.04150308777280093,-0.017843417039931378,1
1493768253600.0,-0.031243195463642404,0.037681492423520424,-0.016963068235966827,1
1493768278600.0,-0.034395296864576375,0.033859897074239975,-0.016082719432002276,1
1493768303600.0,-0.03754739826551032,0.03003830172495947,-0.01520237062803774,1
1493768328600.0,-0.04069949966644429,0.026216706375679022,-0.014322021824073189,1
1493768353600.0,-0.04385160106737823,0.022395111026398573,-0.013441673020108638,1
1493768378600.0,-0.0470037024683122,0.01857351567711807,-0.012561324216144087,1
1493768403600.0,-0.050155803869246146,0.01475192032783762,-0.01168097541217955,1
1493768428600.0,-0.05330790527018012,0.010930324978557115,-0.010800626608215,1
1493768453600.0,-0.05646000667111403,0.007108729629276667,-0.00992027780425045,1
1493768478600.0,-0.059612108072048,0.0032871342799961623,-0.009039929000285898,1
1493768503600.0,-0.06276420947298197,-0.0005344610692842866,-0.008159580196321348,1
1493768528600.0,-0.06591631087391595,-0.0043560564185647355,-0.007279231392356811,1
1493768553600.0,-0.1423,0.1899,-0.1812,1
1493768578600.0,-0.1001,0.0342,0.063,1
1493768603600.0,0.0485,-0.0049,0.2112,1
1493768628600.0,0.009588550245827202,-0.15562504736479504,-0.12173613973005981,1
1493768653600.0,0.009794841543231141,-0.15488658715122286,-0.12068158801240096,1
1493768678600.0,0.01000113284063508,-0.1541481269376507,-0.11962703629474213,1
1493768703600.0,0.010207424138039019,-0.15340966672407855,-0.11857248457708328,1
1493768728600.0,0.010413715435442958,-0.15267120651050636,-0.11751793285942443,1
1493768753600.0,0.010620006732846899,-0.1519327462969342,-0.11646338114176558,1
1493768778600.0,0.010826298030250838,-0.15119428608336202,-0.11540882942410673,1
1493768803600.0,0.011032589327654777,-0.15045582586978987,-0.11435427770644788,1
1493768828600.0,0.011238880625058716,-0.1497173656562177,-0.11329972598878903,1
1493768853600.0,0.011445171922462655,-0.14897890544264553,-0.11224517427113018,1
1493768878600.0,0.011651463219866596,-0.14824044522907337,-0.11119062255347133,1
1493768903600.0,0.011857754517270535,-0.1475019850155012,-0.11013607083581248,1
1493768928600.0,0.012064045814674474,-0.14676352480192903,-0.10908151911815364,1
1493768953600.0,0.012270337112078415,-0.14602506458835687,-0.10802696740049479,1
1493768978600.0,0.012476628409482354,-0.1452866043747847,-0.10697241568283594,1
1493769003600.0,0.012682919706886293,-0.14454814416121253,-0.10591786396517709,1
1493769028600.0,0.012889211004290232,-0.14380968394764038,-0.10486331224751824,1
1493769053600.0,0.013095502301694172,-0.1430712237340682,-0.10380876052985939,1
1493769078600.0,0.01330179359909811,-0.14233276352049604,-0.10275420881220054,1
1493769103600.0,0.01350808489650205,-0.14159430330692388,-0.1016996570945417,1
1493769128600.0,0.01371437619390599,-0.1408558430933517,-0.10064510537688284,1
1493769153600.0,0.01392066749130993,-0.14011738287977954,-0.09959055365922401,1
1493769178600.0,0.01412695878871387,-0.13937892266620736,-0.09853600194156516,1
1493769203600.0,0.01433325008611781,-0.1386404624526352,-0.09748145022390631,1
1493769228600.0,0.014539541383521749,-0.13790200223906304,-0.09642689850624746,1
1493769253600.0,0.014745832680925688,-0.13716354202549086,-0.09537234678858861,1
1493769278600.0,0.014952123978329627,-0.1364250818119187,-0.09431779507092976,1
1493769303600.0,0.015158415275733566,-0.13568662159834655,-0.09326324335327091,1
1493769328600.0,0.015364706573137505,-0.13494816138477436,-0.09220869163561207,1
1493769353600.0,0.015570997870541446,-0.1342097011712022,-0.09115413991795321,1
1493769378600.0,0.015777289167945387,-0.13347124095763002,-0.09009958820029437,1
1493769403600.0,0.015983580465349326,-0.13273278074405787,-0.08904503648263551,1
1493769428600.0,0.016189871762753265,-0.1319943205304857,-0.08799048476497667,1
1493769453600.0,0.016396163060157204,-0.13125586031691353,-0.08693593304731782,1
1493769478600.0,0.016602454357561143,-0.13051740010334137,-0.08588138132965897,1
1493769503600.0,0.016808745654965082,-0.1297789398897692,-0.08482682961200012,1
1493769528600.0,0.01701503695236902,-0.12904047967619703,-0.08377227789434127,1
1493769553600.0,0.01722132824977296,-0.12830201946262487,-0.08271772617668244,1
1493769578600.0,0.0174276195471769,-0.12756355924905272,-0.08166317445902357,1
1493769603600.0,0.01763391084458084,-0.12682509903548053,-0.08060862274136474,1
1493769628600.0,0.017840202141984778,-0.12608663882190838,-0.07955407102370587,1
1493769653600.0,0.01804649343938872,-0.1253481786083362,-0.07849951930604704,1
1493769678600.0,0.01825278473679266,-0.12460971839476404,-0.07744496758838819,1
1493769703600.0,0.0184590760341966,-0.12387125818119187,-0.07639041587072934,1
1493769728600.0,0.018665367331600537,-0.1231327979676197,-0.07533586415307049,1
1493769753600.0,0.018871658629004476,-0.12239433775404754,-0.07428131243541164,1
1493769778600.0,0.01907794992640842,-0.12165587754047537,-0.0732267607177528,1
1493769803600.0,0.019284241223812358,-0.1209174173269032,-0.07217220900009394,1
1493769828600.0,0.019490532521216297,-0.12017895711333104,-0.0711176572824351,1
1493769853600.0,0.019696823818620236,-0.11944049689975886,-0.07006310556477624,1
1493769878600.0,0.019903115116024175,-0.1187020366861867,-0.0690085538471174,1
1493769903600.0,0.020109406413428114,-0.11796357647261453,-0.06795400212945855,1
1493769928600.0,0.020315697710832054,-0.11722511625904236,-0.0668994504117997,1
1493769953600.0,0.020521989008235993,-0.1164866560454702,-0.06584489869414085,1
1493769978600.0,0.020728280305639932,-0.11574819583189803,-0.064790346976482,1
1493770003600.0,0.02093457160304387,-0.11500973561832586,-0.06373579525882317,1
1493770028600.0,0.02114086290044781,-0.11427127540475371,-0.0626812435411643,1
1493770053600.0,0.02134715419785175,-0.11353281519118152,-0.06162669182350546,1
1493770078600.0,0.021553445495255688,-0.11279435497760937,-0.06057214010584661,1
1493770103600.0,0.02175973679265963,-0.1120558947640372,-0.05951758838818777,1
1493770128600.0,0.02196602809006357,-0.11131743455046503,-0.05846303667052892,1
1493770153600.0,0.02217231938746751,-0.11057897433689287,-0.05740848495287007,1
1493770178600.0,0.022378610684871448,-0.1098405141233207,-0.05635393323521122,1
1493770203600.0,0.022584901982275387,-0.10910205390974853,-0.05529938151755237,1
1493770228600.0,0.02279119327967933,-0.10836359369617637,-0.05424482979989352,1
1493770253600.0,0.02299748457708327,-0.10762513348260419,-0.05319027808223467,1
1493770278600.0,0.023203775874487208,-0.10688667326903203,-0.05213572636457582,1
1493770303600.0,0.023410067171891147,-0.10614821305545986,-0.051081174646916985,1
1493770328600.0,0.023616358469295086,-0.1054097528418877,-0.050026622929258135,1
1493770353600.0,0.023822649766699025,-0.10467129262831554,-0.048972071211599286,1
1493770378600.0,0.024028941064102964,-0.10393283241474337,-0.047917519493940436,1
1493770403600.0,0.024235232361506903,-0.1031943722011712,-0.046862967776281586,1
1493770428600.0,0.024441523658910842,-0.10245591198759904,-0.045808416058622736,1
1493770453600.0,0.02464781495631478,-0.10171745177402686,-0.044753864340963886,1
1493770478600.0,0.02485410625371872,-0.1009789915604547,-0.04369931262330504,1
1493770503600.0,0.02506039755112266,-0.10024053134688253,-0.04264476090564619,1
1493770528600.0,0.0252666888485266,-0.09950207113331036,-0.04159020918798735,1
1493770551450.0,0.0254552390943538,-0.09882711849810541,-0.04062634891804716,1
1493770551450.0,0.0254552390943538,-0.09882711849810541,-0.04062634891804716,1
