1493733886450.0,0.0007,-0.0001,-0.004,0
1493733888950.0,0.0236,0.0045,0.0038,0
1493733891450.0,0.0022,-0.0324,-0.0058,0
1493733893950.0,0.0002,-0.0,-0.0056,0
1493733896450.0,0.0025,-0.0003,-0.0043,0
1493733898950.0,-0.0,0.024,-0.0052,0
1493733901450.0,-0.0017,-0.002,-0.0031,0
1493733903950.0,-0.0049,-0.0006,-0.0048,0
1493733906450.0,0.0034,0.001,-0.0038,0
1493733908950.0,0.0008,0.0015,-0.003,0
1493733911450.0,0.0028,0.0013,-0.001,0
1493733913950.0,-0.0051,0.0069,-0.0032,0
1493733916450.0,-0.002,0.0015,-0.0023,0
1493733918950.0,0.0039,-0.0013,-0.0014,0
1493733921450.0,0.0013,-0.008,-0.0025,0
1493733923950.0,-0.0033,-0.0014,-0.0028,0
1493733926450.0,-0.0008,0.0022,-0.0012,0
1493733928950.0,-0.0008,-0.0001,-0.002,0
1493733931450.0,0.0008,0.0013,-0.0063,0
1493733933950.0,0.0005,0.0001,-0.0058,0
1493733936450.0,-0.0011,-0.0052,-0.0046,0
1493733938950.0,0.0005,0.0018,-0.0047,0
1493733941450.0,-0.0041,0.0009,0.0056,0
1493733943950.0,0.0026,0.0022,-0.0041,0
1493733946450.0,0.0018,0.0008,-0.0021,0
1493733948950.0,-0.0027,0.0021,-0.003,0
1493733951450.0,0.0022,0.003,-0.003,0
1493733953950.0,0.0064,-0.001,0.0096,0
1493733956450.0,0.0032,0.0005,-0.0046,0
1493733958950.0,-0.0005,0.0006,-0.0035,0
1493733961450.0,-0.0004,-0.0018,-0.003,0
1493733963950.0,-0.0005,0.0014,-0.0029,0
1493733966450.0,-0.0008,-0.0019,-0.0036,0
1493733968950.0,-0.001,-0.002,-0.0029,0
1493733971450.0,0.0015,-0.0004,-0.0036,0
1493733973950.0,0.002,0.0013,-0.0048,0
1493733976450.0,-0.9158,0.2341,1.8885,0
1493733978950.0,0.048,0.0522,0.6363,0
1493733981450.0,-0.0359,-0.0181,-0.0668,0
1493733983950.0,-0.0005,0.0037,-0.0039,0
1493733986450.0,-0.0015,0.0032,-0.0036,0
1493733988950.0,0.0002,-0.0008,-0.0039,0
1493733991450.0,-0.0007,-0.0037,-0.0023,0
1493733993950.0,-0.0006,0.0001,-0.0025,0
1493733996450.0,-0.0,0.0004,-0.0003,0
1493733998950.0,-0.003,0.0036,-0.0047,0
1493734001450.0,-0.0005,-0.001,-0.003,0
1493734003950.0,-0.0005,-0.0008,-0.0016,0
1493734006450.0,0.0002,-0.0005,-0.0027,0
1493734008950.0,1.4832,-0.5773,0.2663,0
1493734011450.0,-0.0633,0.030143478260869563,0.026247826086956527,0
1493734013950.0,-0.0266,-0.0077,0.0783,0
1493734016450.0,-0.0136,-0.0242,-0.0044,0
1493734018950.0,-0.03543604436229206,0.055424768946395565,0.12445896487985211,0
1493734021450.0,-0.030861182994454714,0.0461271719038817,0.11620573012939,0
1493734023950.0,-0.026286321626617377,0.03682957486136784,0.1079524953789279,0
1493734026450.0,-0.021711460258780037,0.027531977818853977,0.09969926062846579,0
1493734028950.0,-0.017136598890942698,0.01823438077634011,0.09144602587800368,0
1493734031450.0,-0.012561737523105361,0.008936783733826253,0.08319279112754158,0
1493734033950.0,-0.007986876155268021,-0.0003608133086876117,0.07493955637707948,0
1493734036450.0,-0.003412014787430681,-0.00965841035120147,0.06668632162661738,0
1493734038950.0,0.0011628465804066554,-0.018956007393715342,0.05843308687615527,0
1493734041450.0,0.005737707948243992,-0.0282536044362292,0.05017985212569316,0
1493734043950.0,0.010312569316081335,-0.03755120147874306,0.041926617375231054,0
1493734046450.0,0.0639,-0.0891,0.0222,0
1493734048950.0,-0.0465,-0.1709,-0.0549,0
1493734051450.0,0.7232,0.0634,0.3053,0
1493734053950.0,0.0807,0.3032,-0.1854,0
1493734056450.0,-0.6628,-0.2154,-0.6731,0
1493734058950.0,-0.2427,-0.0473,0.5574,0
1493734061450.0,-0.1586,0.1259,-0.1691,0
1493734063950.0,0.1713,-0.1073,-0.0519,0
1493734066450.0,0.071,0.1762,-0.0884,0
1493734068950.0,-0.0095,-0.0092,0.0338,0
1493734071450.0,-0.0069999999999999,-0.0189,0.0046,0
1493734073950.0,0.1844,-0.1008,0.0577,0
1493734076450.0,0.0766,-0.0404,-0.0248,0
1493734078950.0,0.0007,-0.042,0.0209,0
1493734081450.0,-0.0001,-0.0138,-0.0048,0
1493734083950.0,0.008,-0.0318,0.003,0
1493734086450.0,-0.0098,0.0158,-0.0118,0
1493734088950.0,0.044,-0.0371,-0.0218,0
1493734091450.0,0.0025,0.0065,0.009,0
1493734093950.0,-0.2741,-0.146,0.273,0
1493734096450.0,0.01,0.0008,0.0215,0
1493734098950.0,-0.012,0.027,-0.0201,0
1493734101450.0,0.1865,0.2267,-0.1782,0
1493734103950.0,0.0516,-0.0394,0.0228,0
1493734106450.0,0.1352,-0.1035,-0.0864,0
1493734108950.0,0.3278,-0.021,-0.0964,0
1493734111450.0,0.0263,0.02,-0.0155,0
1493734113950.0,-0.0122,0.1964,0.0511,0
1493734116450.0,0.2383,0.1901,0.014,0
1493734118950.0,0.0498,-0.0214,0.0001,0
1493734121450.0,-0.0636,-0.2005,0.0394,0
1493734123950.0,0.0919,-0.0484,0.0043,0
1493734126450.0,-0.0234,0.0557,-0.0898,0
1493734128950.0,0.2904,-0.2788,0.0098,0
1493734131450.0,-0.0515,0.0337,0.0492,0
1493734133950.0,0.0002,-0.0089,0.0001,0
1493734136450.0,-0.0274,-0.0145,0.0644,0
1493734138950.0,0.0647,0.3337,-0.0332,0
1493734141450.0,-0.034,0.053,-0.0193,0
1493734143950.0,-0.0166,0.0204,0.0097,0
1493734146450.0,0.0975,0.1669,0.0035,0
1493734148950.0,-0.0407,-0.0408,-0.0333,0
1493734151450.0,-0.0292,-0.0049,-0.0311,0
1493734153950.0,-0.0044,0.0063,0.0028,0
1493734156450.0,0.0017,0.0017,-0.0003,0
1493734158950.0,0.1111,0.0069,0.056,0
1493734161450.0,0.0221,0.0004,-0.0005,0
1493734163950.0,0.0432,-0.0069999999999999,0.0028,0
1493734166450.0,0.039,0.0124,-0.0365,0
1493734168950.0,0.1188,-0.0285,0.0101,0
1493734171450.0,-0.0275,0.0204,0.0089,0
1493734173950.0,-0.0371,0.1803,0.1226,0
1493734176450.0,0.0076,0.0083,0.018,0
1493734178950.0,-0.0192,0.0345,0.0219,0
1493734181450.0,-0.0026,0.0882,-0.0039,0
1493734183950.0,-0.0379,-0.0879,-0.0526,0
1493734186450.0,-0.0049,0.0126,0.0159,0
1493734188950.0,0.0177,0.0049,-0.0094,0
1493734191450.0,-0.0205,-0.0115,-0.0762,0
1493734193950.0,0.0026,0.0027,-0.0111,0
1493734196450.0,0.1812,-0.0469,-0.2599,0
1493734198950.0,0.0692,0.0656,-0.0882,0
1493734201450.0,0.015,-0.0258,0.0517,0
1493734203950.0,0.0246,-0.0128,-0.0088,0
1493734206450.0,-0.0041,-0.0,0.0016,0
1493734208950.0,-0.0013,-0.001,0.0164,0
1493734211450.0,0.0069999999999999,0.0912,0.0001,0
1493734213950.0,-0.0864,-0.021,-0.0402,0
1493734216450.0,-0.0752,-0.0913,0.0883,0
1493734218950.0,-0.0232,0.3624,0.0625,0
1493734221450.0,0.2161,-0.1639,0.2868,0
1493734223950.0,0.3276,0.0912,0.0257,0
1493734226450.0,0.1846,-0.037,0.1902,0
1493734228950.0,0.2996,-0.003,0.2255,0
1493734231450.0,-0.4616,-0.4011,0.6898,0
1493734233950.0,-0.2203,0.4132,-0.5929,0
1493734236450.0,-0.1864,0.0728,-0.0486,0
1493734238950.0,0.0884,0.3005,0.0506,0
1493734241450.0,0.0454,-0.0088,-0.0395,0
1493734243950.0,0.0803,0.162,-0.126,0
1493734246450.0,0.1639,-0.0243,0.0276,0
1493734248950.0,0.2082,-0.0231,0.1013,0
1493734251450.0,0.1358,0.1612,-0.0236,0
1493734253950.0,-0.0993,0.0639,-0.3528,0
1493734256450.0,0.161,0.0821,0.0911,0
1493734258950.0,0.1611,0.0952,0.442,0
1493734261450.0,-0.0401,0.5173,-0.6088,0
1493734263950.0,-0.0352,-0.2076,-0.0368,0
1493734266450.0,0.1146,-0.0174,0.2043,0
1493734268950.0,0.0194,0.181,-0.52,0
1493734271450.0,-0.0089,-0.0526,-0.6531,0
1493734273950.0,0.1504,-0.0348,0.1149,0
1493734276450.0,-0.3119,0.188,-0.4595,0
1493734278950.0,0.1677,-0.1354,0.3179,0
1493734281450.0,-0.6247,0.1088,0.2761,0
1493734283950.0,0.0826,0.2078,0.0263,0
1493734286450.0,0.2765,0.0459,0.1726,0
1493734288950.0,-0.1528,0.0229,0.2356,0
1493734291450.0,-0.2159,0.3093,-0.2533,0
1493734293950.0,-0.1199,-0.07,-0.1411,0
1493734296450.0,-0.1718,-0.2208,0.307,0
1493734298950.0,-0.0736,0.2995,-0.3301,0
1493734301450.0,0.2499,0.0574,0.2525,0
1493734303950.0,-0.5625,0.3112,0.6137,0
1493734306450.0,-0.0068,0.4037,0.0136,0
1493734308950.0,0.0617,0.3216,-0.281,0
1493734311450.0,0.0272,0.2606,0.0008,0
1493734313950.0,0.0826,0.3112,0.2155,0
1493734316450.0,0.0466,0.3746,-0.0233,0
1493734318950.0,0.1599,0.2649,-0.23,0
1493734321450.0,-1.0953,-0.4259,0.1809,0
1493734323950.0,-0.0788,0.0541,-0.0431,0
1493734326450.0,-0.0873,0.4147,-0.1557,0
1493734328950.0,0.2658,0.0761,0.3225,0
1493734331450.0,-0.6224,0.1347,-0.2689,0
1493734333950.0,0.309,0.0445,0.2584,0
1493734336450.0,0.0107,0.4437,-0.2259,0
1493734338950.0,0.1516,0.3892,0.0535,0
1493734341450.0,-0.14043604395604395,-0.0845534065934066,-0.23264615384615384,0
1493734343950.0,-0.10710637362637362,-0.04300395604395604,-0.2014923076923077,0
1493734346450.0,-0.07377670329670329,-0.001454505494505487,-0.17033846153846152,0
1493734348950.0,-0.04044703296703295,0.040094945054945055,-0.13918461538461535,0
1493734351450.0,-0.007117362637362623,0.08164439560439561,-0.10803076923076921,0
1493734353950.0,0.02621230769230773,0.12319384615384617,-0.07687692307692306,0
1493734356450.0,0.059541978021978054,0.16474329670329668,-0.04572307692307692,0
1493734358950.0,0.09287164835164838,0.20629274725274727,-0.014569230769230751,0
1493734361450.0,0.1262013186813187,0.2478421978021978,0.016584615384615364,0
1493734363950.0,0.0532,0.1156,-0.1272,0
1493734366450.0,-0.6848,0.0223,-0.1762,0
1493734368950.0,0.0809,0.0734,0.0353,0
1493734371450.0,0.1146,-0.0276,0.0649,0
1493734373950.0,-0.6008,0.3764,-0.915,0
1493734376450.0,-0.0126,-0.3003,-0.079,0
1493734378950.0,0.1369,0.0818,0.0348,0
1493734381450.0,-0.0856,0.0565,-0.0136,0
1493734383950.0,0.2607,-0.0005,0.0642,0
1493734386450.0,0.29454385964912283,0.06378070175438597,-0.06354035087719298,0
1493734388950.0,0.2625811403508772,0.10296929824561403,-0.099384649122807,0
1493734391450.0,0.23061842105263158,0.1421578947368421,-0.13522894736842103,0
1493734393950.0,0.19865570175438596,0.18134649122807017,-0.17107324561403506,0
1493734396450.0,0.16669298245614037,0.22053508771929825,-0.20691754385964908,0
1493734398950.0,0.13473026315789477,0.2597236842105263,-0.24276184210526314,0
1493734401450.0,0.10276754385964915,0.29891228070175435,-0.27860614035087716,0
1493734403950.0,0.07080482456140352,0.33810087719298243,-0.31445043859649113,0
1493734406450.0,0.0388421052631579,0.3772894736842105,-0.3502947368421052,0
1493734408950.0,0.0519,-0.2046,0.3135,0
1493734411450.0,-0.1531,0.2548,-0.254,0
1493734413950.0,0.0815,0.1342,0.0165,0
1493734416450.0,-0.1323,-0.1298,0.0967,0
1493734418950.0,-0.0892,0.2797,-0.4105,0
1493734421450.0,-0.2674,-0.1078,0.4384,0
1493734423950.0,-0.1142,-0.1437,0.0449,0
1493734426450.0,0.0168,0.2075,0.0663,0
1493734428950.0,-0.0589,0.1531,-0.2673,0
1493734431450.0,-0.4744,-0.2054,-0.1045,0
1493734433950.0,0.2778,-0.0424,0.0287,0
1493734436450.0,0.0398,0.1344,-0.2808,0
1493734438950.0,-0.2039,-0.1145,-0.2062,0
1493734441450.0,0.1811,0.1459,0.0267,0
1493734443950.0,-0.0887,0.3229,-0.3117,0
1493734446450.0,-0.0945,0.0622,-0.2425,0
1493734448950.0,0.1672,0.0098,0.0518,0
1493734451450.0,-0.0791,0.3268,-0.3876,0
1493734453950.0,-0.0275,-0.1564,0.0074,0
1493734456450.0,0.2734,-0.0273,0.187,0
1493734458950.0,0.035,0.4875,-0.2793,0
1493734461450.0,-0.0233,0.011,-0.1833,0
1493734463950.0,0.0968,-0.1342,0.25,0
1493734466450.0,-0.0834,0.436,-0.4111,0
1493734468950.0,0.0145,-0.0818,-0.0402,0
1493734471450.0,0.3732,0.0757,-0.0294,0
1493734473950.0,0.1639999999999999,0.4069,-0.2896,0
1493734476450.0,0.089,-0.0466,-0.134,0
1493734478950.0,0.3139,0.0136,-0.005,0
1493734481450.0,0.0787,0.202,-0.3071,0
1493734483950.0,-0.0389,0.0952,-0.2419,0
1493734486450.0,0.3423,0.0867,-0.0549,0
1493734488950.0,0.2602,0.2317,-0.0327,0
1493734491450.0,-0.0268,0.4264,-0.4275,0
1493734493950.0,0.2621,0.3701,0.1712,0
1493734496450.0,0.3409,0.0634,0.0801,0
1493734498950.0,0.1978,0.5152,-0.4477,0
1493734501450.0,0.2316,0.1396,-0.1651,0
1493734503950.0,0.2362,0.2485,-0.0606,0
1493734506450.0,-0.369,0.165,-0.4558,0
1493734508950.0,0.2724,0.0167,0.0063,0
1493734511450.0,-0.0043,0.3185,-0.3952,0
1493734513950.0,-0.066,0.1784,-0.2255,0
1493734516450.0,0.1162,-0.0244,-0.1286,0
1493734518950.0,0.5071,0.0764,0.0684,0
1493734521450.0,-0.5128,0.0377,-0.5828,0
1493734523950.0,0.1093,0.3763,-0.0372,0
1493734526450.0,0.4736,0.2095,-0.0069,0
1493734528950.0,0.0015,0.0587,-0.3434,0
1493734531450.0,0.3905,0.06,-0.0799,0
1493734533950.0,0.3779,0.1547,-0.1409,0
1493734536450.0,-0.3616,0.4917,0.3731,0
1493734538950.0,0.2344,0.107,-0.3238,0
1493734541450.0,0.3819,0.0719,0.0803,0
1493734543950.0,-0.5399,-0.0949,-0.3719,0
1493734546450.0,0.0359,-0.0943,0.0316,0
1493734548950.0,0.2152,0.2564,-0.2358,0
1493734551450.0,-0.6177,-0.2339,-0.4617,0
1493734553950.0,0.2374,0.183,-0.2061,0
1493734556450.0,-0.05,0.2833,-0.3818,0
1493734558950.0,0.0119,-0.0516,0.0138,0
1493734561450.0,-0.162,-0.1608,-0.014,0
1493734563950.0,0.0344,0.2611,0.0807,0
1493734566450.0,0.0425,0.0774,-0.0328,0
1493734568950.0,-0.0034,-0.235,0.4337,0
1493734571450.0,0.07,0.0366,0.0029,0
1493734573950.0,0.1167,-0.0521,0.1172,0
1493734576450.0,-0.4256,-0.0053,0.1414,0
1493734578950.0,-0.017,0.2449,0.0575,0
1493734581450.0,0.0396,-0.1799,0.179,0
1493734583950.0,-0.0505,-0.1328,0.1196,0
1493734586450.0,0.0845,-0.3589,0.1132,0
1493734588950.0,0.0477,0.0118,-0.016,0
1493734591450.0,0.0548,0.1501,-0.2518,0
1493734593950.0,-0.2789,-0.0661,-0.4132,0
1493734596450.0,0.2975,-0.1004,0.1369,0
1493734598950.0,0.2292,0.1191,0.2134,0
1493734601450.0,0.2821,-0.2134,0.0003,0
1493734603950.0,-0.3014,-0.0209,-0.5193,0
1493734606450.0,0.1953,0.2977,-0.284,0
1493734608950.0,0.3719,0.2289,0.16,0
1493734611450.0,-0.46996666666666664,0.18543333333333334,-0.08833333333333333,0
1493734613950.0,0.406,-0.0051,0.1669999999999999,0
1493734616450.0,-0.0163,0.5869,-0.547,0
1493734618950.0,0.2543,0.2023,0.112,0
1493734621450.0,-0.0953,-0.0936,-0.3537,0
1493734623950.0,0.1312,0.1556,0.1474,0
1493734626450.0,-0.0421,0.2328,-0.4816,0
1493734628950.0,0.2949,0.131,-0.3484,0
1493734631450.0,-0.1101,0.4318,-0.5006,0
1493734633950.0,0.4439,-0.2036,-0.5435,0
1493734636450.0,-0.3169,0.2598,-0.318,0
1493734638950.0,0.0827,-0.3558,0.1144,0
1493734641450.0,-0.6909,-0.3901,0.8041,0
1493734643950.0,-0.1571,0.0283,-0.2665,0
1493734646450.0,-0.1405,-0.2724,0.0965,0
1493734648950.0,-0.0582,-0.0384,0.3074,0
1493734651450.0,-0.1996,0.1637,-0.3433,0
1493734653950.0,-0.2547,0.3906,-0.2967,0
1493734656450.0,-0.0593,0.0801,0.0913,0
1493734658950.0,-0.14793486842105263,-0.2231059210526316,0.0785578947368421,0
1493734661450.0,-0.09752916666666667,-0.1917791666666667,0.08206666666666666,0
1493734663950.0,-0.0471234649122807,-0.16045241228070178,0.08557543859649122,0
1493734666450.0,0.0032822368421052683,-0.12912565789473684,0.08908421052631578,0
1493734668950.0,0.053687938596491236,-0.09779890350877196,0.09259298245614034,0
1493734671450.0,0.10409364035087718,-0.06647214912280702,0.09610175438596491,0
1493734673950.0,0.15449934210526314,-0.03514539473684211,0.09961052631578947,0
1493734676450.0,0.2049050438596491,-0.0038186403508772004,0.10311929824561403,0
1493734678950.0,0.2553107456140351,0.027508114035087683,0.1066280701754386,0
1493734681450.0,0.1758,-0.1812,-0.0598,0
1493734683950.0,-0.2627,0.2036,-0.5341,0
1493734686450.0,-0.0097,0.1882,-0.1462,0
1493734688950.0,0.0965,-0.0751,0.1062,0
1493734691450.0,-0.4652,-0.0871,0.0877,0
1493734693950.0,0.1568,0.3802,0.2614,0
1493734696450.0,0.2318,0.0035,0.2477,0
1493734698950.0,-0.2634,-0.0887,0.131,0
1493734701450.0,0.112,0.1639999999999999,0.1459,0
1493734703950.0,-0.1068,0.5143,-0.5158,0
1493734706450.0,-0.1143,-0.0527,-0.6425,0
1493734708950.0,0.0327,-0.1296,0.0235,0
1493734711450.0,0.1994,0.2298,-0.0626,0
1493734713950.0,0.2077,0.1281,0.2023,0
1493734716450.0,0.0249,-0.0951,0.0645,0
1493734718950.0,0.0355,0.4503,-0.2599,0
1493734721450.0,0.0235,-0.1098,0.0405,0
1493734723950.0,0.0199,-0.0398,0.0836,0
1493734726450.0,-0.1137,0.1819,-0.3845,0
1493734728950.0,0.0667,-0.0495,0.1311,0
1493734731450.0,-0.0738,0.0346,0.1296,0
1493734733950.0,-0.1675,-0.0515,-0.2454,0
1493734736450.0,-0.1112,-0.0235,0.1606,0
1493734738950.0,-0.4729,-0.3559,0.4821,0
1493734741450.0,-0.3119,0.2639,-0.3947,0
1493734743950.0,-0.2682,-0.0484,-0.33,0
1493734746450.0,-0.0129,0.1287,-0.0239,0
1493734748950.0,-0.0729,-0.1113,0.1281,0
1493734751450.0,-0.0155,-0.0712,-0.0141,0
1493734753950.0,-0.019,0.181,0.016,0
1493734756450.0,0.027,-0.0191,0.0419,0
1493734758950.0,-0.0889,0.0194,-0.0294,0
1493734761450.0,0.0508,-0.0247,-0.0427,0
1493734763950.0,0.0352,0.0033,0.0013,0
1493734766450.0,-0.0022,0.1066,-0.0222,0
1493734768950.0,-0.2413,0.1803,-0.0591,0
1493734771450.0,0.0132,-0.0662,0.0093,0
1493734773950.0,-0.002,0.0097,-0.0005,0
1493734776450.0,-0.0543,-0.0481,0.2121,0
1493734778950.0,-0.0949,0.2273,-0.3539,0
1493734781450.0,0.0456,-0.1506,-0.0247,0
1493734783950.0,-0.0648,-0.0701,-0.1805,0
1493734786450.0,0.0618,0.2784,-0.0427,0
1493734788950.0,0.3145,0.4334,0.1587,0
1493734791450.0,-0.4821,0.1977,-0.4618,0
1493734793950.0,0.3505,0.1902,0.0837,0
1493734796450.0,-0.156,0.2423,-0.5722,0
1493734798950.0,-0.0314,-0.1476,0.0073,0
1493734801450.0,-0.0274,0.2631,0.1422,0
1493734803950.0,-0.26,0.6758,-0.4977,0
1493734806450.0,0.4097,0.105,0.235,0
1493734808950.0,-0.0848,0.0872,-0.2131,0
1493734811450.0,0.0319,0.0098,0.1805,0
1493734813950.0,-0.0107,0.4407,-0.2137,0
1493734816450.0,-0.112,0.4499,-0.6856,0
1493734818950.0,0.1572,-0.0114,-0.0463,0
1493734821450.0,-0.0963,0.1284,0.334,0
1493734823950.0,-0.1297,0.3501,-0.4023,0
1493734826450.0,0.3104,0.1373,0.2247,0
1493734828950.0,-0.2984,0.4814,-0.3301,0
1493734831450.0,-0.1499,0.2916,-0.3951,0
1493734833950.0,0.3191,0.2099,0.0637,0
1493734836450.0,0.1126,-0.0887,-0.1694,0
1493734838950.0,-0.0561,0.2908,-0.539,0
1493734841450.0,-0.1241,0.3794,-1.2831,0
1493734843950.0,-0.2266,0.7018,-0.3606,0
1493734846450.0,-0.0489,-0.0032,0.2938,0
1493734848950.0,0.3215,-0.0845,-0.2947,0
1493734851450.0,0.0139,0.0311,0.025,0
1493734853950.0,-0.0057,0.0988,0.0416,0
1493734856450.0,0.0145,-0.0302,-0.0026,0
1493734858950.0,-0.1007,-0.0484,0.0625,0
1493734861450.0,0.0427,-0.0361,0.0262,0
1493734863950.0,0.079,0.0749,0.0084,0
1493734866450.0,0.0781,0.0022,0.0232,0
1493734868950.0,0.1244,0.048,0.1541,0
1493734871450.0,-0.0679,-0.0351,0.0795,0
1493734873950.0,-0.4495,-0.0175,0.0766,0
1493734876450.0,0.1527,-0.2863,0.1402,0
1493734878950.0,-0.0043,-0.035,-0.2279,0
1493734881450.0,0.0044,0.0076,-0.0046,0
1493734883950.0,-0.013946153846153846,0.017584615384615393,0.06792307692307688,0
1493734886450.0,0.5388,0.5174,0.5652,0
1493734888950.0,0.0048,0.293,0.1553,0
1493734891450.0,0.0418,-0.0429,0.0028,0
1493734893950.0,-0.0409,0.0156,0.0048,0
1493734896450.0,-0.0412,0.0901,0.3171,0
1493734898950.0,-0.0875,0.0011,-0.0459,0
1493734901450.0,0.1251,-0.0337,-0.0543,0
1493734903950.0,0.2554,-0.2536,-0.1987,0
1493734906450.0,0.0193,0.1259,-0.0608,0
1493734908950.0,0.0773,0.0101,0.0343,0
1493734911450.0,0.0221,-0.1003,-0.0245,0
1493734913950.0,0.0012,-0.0354,-0.0226,0
1493734916450.0,0.0016,0.0175,-0.0064,0
1493734918950.0,0.0253,0.0045,0.0051,0
1493734921450.0,-0.1505,0.0267,0.0793,0
1493734923950.0,0.0042,-0.1374,-0.0527,0
1493734926450.0,0.1676,-0.1078,0.0887,0
1493734928950.0,0.0659,0.0787,0.0073,0
1493734931450.0,0.0575,0.4125,-0.124,0
1493734933950.0,0.1383,-0.2556,0.0709,0
1493734936450.0,0.1706,0.0529,-0.0231,0
1493734938950.0,0.0481,-0.0315,-0.2778,0
1493734941450.0,-0.186,0.1435,-0.2336,0
1493734943950.0,0.1602,0.2241,0.1912,0
1493734946450.0,0.4068,0.1806,-0.0173,0
1493734948950.0,0.0281,-0.0597,-0.0597,0
1493734951450.0,0.155,0.0902,0.0257,0
1493734953950.0,0.0635,0.0856,0.1481,0
1493734956450.0,-0.062,0.0368,0.0523,0
1493734958950.0,0.1495,0.0149,-0.0552,0
1493734961450.0,-0.0539,0.0195,-0.0157,0
1493734963950.0,-0.019,-0.0083,-0.5188,0
1493734966450.0,-0.0194,-0.0079,0.045,0
1493734968950.0,-0.1395,-0.0644,-0.0032,0
1493734971450.0,0.1988,-0.4097,-0.4811,0
1493734973950.0,0.010966666666666694,-0.5033,-0.4980666666666667,0
1493734976450.0,-0.0175,0.315,-0.0723,0
1493734978950.0,-0.6812,0.3037,0.2501,0
1493734981450.0,-0.0549,0.0167,0.0027,0
1493734983950.0,0.2874,0.1022,-0.2472,0
1493734986450.0,-0.0185,0.1881,-0.1667,0
1493734988950.0,-0.1503,0.1236,-0.0746,0
1493734991450.0,0.1419,-0.216,0.1232,0
1493734993950.0,0.0107,-0.3534,0.2361,0
1493734996450.0,0.0336,0.0528,0.0252,0
1493734998950.0,0.5198,0.8921,0.2475,0
1493735001450.0,-0.0006,0.0014,0.0065,0
1493735003950.0,-0.0357,-0.0112,-0.0112,0
1493735006450.0,0.1736,0.0408,0.2305,0
1493735008950.0,0.0142,-0.0055,-0.0005,0
1493735011450.0,0.0349,0.0835,-0.1522,0
1493735013950.0,0.002,0.0188,0.0061,0
1493735016450.0,-0.015,-0.0204,-0.0214,0
1493735018950.0,0.0243,0.02,0.0013,0
1493735021450.0,0.0022,-0.0004,0.0176,0
1493735023950.0,-0.01,0.0028,0.0004,0
1493735026450.0,-0.0024,-0.001,0.0078,0
1493735028950.0,-0.0004,-0.0026,0.0062,0
1493735031450.0,0.0044,0.0012,0.003,0
1493735033950.0,-0.0006,0.0002,0.003,0
1493735036450.0,-0.006,-0.0006,0.0001,0
1493735038950.0,-0.0169,-0.0025,0.0147,0
1493735041450.0,0.0373,-0.0001,-0.0608,0
1493735043950.0,0.031,0.0651,0.0152,0
1493735046450.0,-0.0048,0.003,-0.0016,0
1493735048950.0,-0.0045,-0.0001,0.0099,0
1493735051450.0,0.0065,0.0108,0.0109,0
1493735053950.0,-0.0004,0.0008,-0.0197,0
1493735056450.0,-0.0037,0.001,0.0005,0
1493735058950.0,-0.0032,0.0027,0.0005,0
1493735061450.0,-0.0004,0.0014,-0.0029,0
1493735063950.0,0.0024,-0.0006,0.0027,0
1493735066450.0,-0.001,-0.0025,-0.0131,0
1493735068950.0,0.0004,-0.0032,0.0058,0
1493735071450.0,0.0006,-0.0025,-0.0047,0
1493735073950.0,0.049,-0.0178,-0.046,0
1493735076450.0,-0.0048,0.0042,-0.0256,0
1493735078950.0,-0.0086,-0.0043,-0.0092,0
1493735081450.0,0.0032,-0.0028,-0.0019,0
1493735083950.0,0.0028,-0.0049,-0.0002,0
1493735086450.0,0.0028,-0.0056,-0.0029,0
1493735088950.0,0.0017,-0.0094,-0.0061,0
1493735091450.0,0.0015,0.0057,-0.0014,0
1493735093950.0,0.0023,-0.0016,-0.0081,0
1493735096450.0,-0.0022,-0.0045,-0.0018,0
1493735098950.0,-0.0016,-0.0028,-0.0012,0
1493735101450.0,0.0016,0.0058,0.0046,0
1493735103950.0,0.0011,-0.0026,-0.003,0
1493735106450.0,-0.0053,-0.0045,0.0023,0
1493735108950.0,0.0042,-0.0025,0.0062,0
1493735111450.0,-0.0013,-0.0003,-0.0018,0
1493735113950.0,0.0012,0.0002,0.0014,0
1493735116450.0,0.0124,0.0026,0.0055,0
1493735118950.0,-0.0147,0.0098,0.0202,0
1493735121450.0,0.0013,0.0007,-0.0012,0
1493735123950.0,0.0019,-0.0015,-0.0037,0
1493735126450.0,0.0028,0.0011,0.004,0
1493735128950.0,-0.0011,-0.0017,-0.0008,0
1493735131450.0,-0.001,-0.0031,0.0042,0
1493735133950.0,0.0041,0.0012,-0.0008,0
1493735136450.0,0.0048,-0.0005,0.0004,0
1493735138950.0,-0.0008,0.0052,0.0003,0
1493735141450.0,0.0114,0.0017,0.0031,0
1493735143950.0,0.0011,-0.0016,0.0025,0
1493735146450.0,-0.0011,-0.0029,-0.0014,0
1493735148950.0,0.0068,-0.0003,-0.0081,0
1493735151450.0,-0.0035,-0.0065,-0.0059,0
1493735153950.0,0.0,0.0004,-0.0038,0
1493735156450.0,0.0003,0.0001,0.0001,0
1493735158950.0,0.0039,0.008,-0.0038,0
1493735161450.0,0.0005,-0.0023,-0.0033,0
1493735163950.0,0.0003,0.0038,-0.0043,0
1493735166450.0,0.0005,-0.0044,-0.0006,0
1493735168950.0,0.0016,-0.0007,-0.002,0
1493735171450.0,-0.0085,-0.0056,-0.0018,0
1493735173950.0,0.002,-0.0043,-0.0017,0
1493735176450.0,0.0038,0.0055,-0.0002,0
1493735178950.0,-0.0066,-0.0008,-0.0063,0
1493735181450.0,0.0006,-0.008,-0.0037,0
1493735183950.0,0.0006,-0.0105,0.0018,0
1493735186450.0,-0.0102,-0.0135,-0.0094,0
1493735188950.0,-0.0017,-0.0062,-0.0012,0
1493735191450.0,0.003,-0.0058,-0.0004,0
1493735193950.0,0.0024,-0.0021,-0.0007,0
1493735196450.0,0.0,0.0005,-0.0009,0
1493735198950.0,-0.001,-0.0,-0.0034,0
1493735201450.0,-0.0329,-0.0132,0.1087,0
1493735203950.0,0.0004,-0.002,-0.0048,0
1493735206450.0,-0.0028,-0.0044,-0.0012,0
1493735208950.0,0.0015,-0.0024,0.0059,0
1493735211450.0,0.0145,0.0,-0.0163,0
1493735213950.0,-0.005,-0.0023,0.0021,0
1493735216450.0,0.0006,-0.0073,-0.0037,0
1493735218950.0,-0.0019,-0.0027,-0.0019,0
1493735221450.0,0.0039,0.0025,0.0025,0
1493735223950.0,0.0031,0.0015,0.0027,0
1493735226450.0,-0.0006,-0.0033,-0.0011,0
1493735228950.0,-0.0043,-0.0038,-0.0101,0
1493735231450.0,0.0016,0.0121,-0.0064,0
1493735233950.0,-0.0012,-0.0003,0.0056,0
1493735236450.0,0.0061,0.0018,-0.0033,0
1493735238950.0,-0.0025,-0.0002,0.0,0
1493735241450.0,-0.0004,0.0019,-0.0051,0
1493735243950.0,-0.0011,-0.0011,0.0017,0
1493735246450.0,-0.004258461538461539,-0.0070599999999999994,-0.002150769230769231,0
1493735248950.0,-0.027324395604395608,-0.021917142857142854,-0.0026892307692307693,0
1493735251450.0,-0.05039032967032967,-0.03677428571428571,-0.0032276923076923077,0
1493735253950.0,-0.07345626373626375,-0.051631428571428564,-0.003766153846153846,0
1493735256450.0,-0.09652219780219781,-0.06648857142857142,-0.004304615384615384,0
1493735258950.0,-0.11958813186813189,-0.08134571428571429,-0.004843076923076923,0
1493735261450.0,-0.14265406593406593,-0.09620285714285713,-0.005381538461538462,0
1493735263950.0,-0.16572,-0.11105999999999999,-0.00592,0
1493735266450.0,-0.18878593406593408,-0.12591714285714284,-0.006458461538461538,0
1493735268950.0,0.0928,-0.0219,0.1191,0
1493735271450.0,0.04406284902981543,-0.04673151916706105,-0.09997775674396593,0
1493735273950.0,0.04322517747278751,-0.046085518220539516,-0.09836157122574539,0
1493735276450.0,0.042387505915759585,-0.04543951727401799,-0.09674538570752485,0
1493735278950.0,0.04154983435873166,-0.04479351632749645,-0.0951292001893043,0
1493735281450.0,0.04071216280170374,-0.04414751538097492,-0.09351301467108378,0
1493735283950.0,0.03987449124467582,-0.04350151443445339,-0.09189682915286324,0
1493735286450.0,0.03903681968764789,-0.04285551348793185,-0.0902806436346427,0
1493735288950.0,0.03819914813061997,-0.04220951254141032,-0.08866445811642215,0
1493735291450.0,0.037361476573592046,-0.04156351159488879,-0.08704827259820161,0
1493735293950.0,0.036523805016564125,-0.04091751064836725,-0.08543208707998107,0
1493735296450.0,0.0356861334595362,-0.04027150970184572,-0.08381590156176054,0
1493735298950.0,0.03484846190250828,-0.03962550875532418,-0.08219971604354,0
1493735301450.0,0.03401079034548036,-0.03897950780880265,-0.08058353052531946,0
1493735303950.0,0.03317311878845244,-0.03833350686228112,-0.07896734500709891,0
1493735306450.0,0.032335447231424515,-0.03768750591575958,-0.07735115948887838,0
1493735308950.0,0.03149777567439659,-0.037041504969238054,-0.07573497397065784,0
1493735311450.0,0.03066010411736867,-0.03639550402271652,-0.0741187884524373,0
1493735313950.0,0.02982243256034075,-0.03574950307619498,-0.07250260293421676,0
1493735316450.0,0.028984761003312823,-0.03510350212967345,-0.07088641741599622,0
1493735318950.0,0.0281470894462849,-0.03445750118315192,-0.06927023189777567,0
1493735321450.0,0.02730941788925698,-0.03381150023663038,-0.06765404637955513,0
1493735323950.0,0.026471746332229058,-0.03316549929010885,-0.06603786086133459,0
1493735326450.0,0.025634074775201136,-0.03251949834358732,-0.06442167534311406,0
1493735328950.0,0.024796403218173214,-0.031873497397065784,-0.06280548982489352,0
1493735331450.0,0.023958731661145292,-0.031227496450544248,-0.061189304306672986,0
1493735333950.0,0.023121060104117366,-0.030581495504022716,-0.059573118788452444,0
1493735336450.0,0.022283388547089444,-0.029935494557501184,-0.0579569332702319,0
1493735338950.0,0.021445716990061522,-0.02928949361097965,-0.056340747752011366,0
1493735341450.0,0.0206080454330336,-0.028643492664458117,-0.054724562233790824,0
1493735343950.0,0.01977037387600568,-0.02799749171793658,-0.05310837671557028,0
1493735346450.0,0.018932702318977757,-0.02735149077141505,-0.05149219119734975,0
1493735348950.0,0.018095030761949835,-0.026705489824893517,-0.049876005679129205,0
1493735351450.0,0.01725735920492191,-0.02605948887837198,-0.04825982016090867,0
1493735353950.0,0.016419687647893987,-0.02541348793185045,-0.04664363464268813,0
1493735356450.0,0.015582016090866065,-0.024767486985328914,-0.045027449124467586,0
1493735358950.0,0.014744344533838143,-0.024121486038807382,-0.04341126360624705,0
1493735361450.0,0.013906672976810221,-0.02347548509228585,-0.04179507808802651,0
1493735363950.0,0.013069001419782296,-0.022829484145764314,-0.04017889256980597,0
1493735366450.0,0.012231329862754374,-0.022183483199242782,-0.03856270705158543,0
1493735368950.0,0.011393658305726452,-0.021537482252721247,-0.03694652153336489,0
1493735371450.0,0.01055598674869853,-0.020891481306199715,-0.03533033601514435,0
1493735373950.0,0.009718315191670608,-0.020245480359678183,-0.033714150496923806,0
1493735376450.0,-0.0197,0.035,0.0052,0
1493735378950.0,-0.0016,-0.0025,-0.0058,0
1493735381450.0,-0.0018022947089975888,-0.00029961192421364304,-0.0040011979730796236,0
1493735383950.0,-0.0018059958525420867,-0.00029898599552597056,-0.004003130187724178,0
1493735386450.0,-0.001809696996086585,-0.0002983600668382981,-0.004005062402368732,0
1493735388950.0,-0.001813398139631083,-0.0002977341381506256,-0.004006994617013286,0
1493735391450.0,-0.001817099283175581,-0.00029710820946295314,-0.00400892683165784,0
1493735393950.0,-0.0018208004267200792,-0.00029648228077528067,-0.0040108590463023945,0
1493735396450.0,-0.0018245015702645774,-0.0002958563520876082,-0.004012791260946949,0
1493735398950.0,-0.0018282027138090753,-0.0002952304233999357,-0.004014723475591502,0
1493735401450.0,-0.0018319038573535735,-0.0002946044947122633,-0.004016655690236057,0
1493735403950.0,-0.0018356050008980715,-0.00029397856602459083,-0.004018587904880611,0
1493735406450.0,-0.0018393061444425696,-0.00029335263733691835,-0.0040205201195251655,0
1493735408950.0,-0.0018430072879870678,-0.0002927267086492459,-0.004022452334169719,0
1493735411450.0,-0.0018467084315315658,-0.0002921007799615734,-0.004024384548814273,0
1493735413950.0,-0.001850409575076064,-0.00029147485127390093,-0.004026316763458828,0
1493735416450.0,-0.0018541107186205619,-0.00029084892258622846,-0.004028248978103382,0
1493735418950.0,-0.00185781186216506,-0.000290222993898556,-0.0040301811927479355,0
1493735421450.0,-0.0018615130057095582,-0.0002895970652108835,-0.00403211340739249,0
1493735423950.0,-0.0018652141492540562,-0.00028897113652321104,-0.004034045622037044,0
1493735426450.0,-0.0018689152927985544,-0.00028834520783553857,-0.004035977836681599,0
1493735428950.0,-0.0018726164363430525,-0.0002877192791478661,-0.004037910051326152,0
1493735431450.0,-0.0018763175798875505,-0.0002870933504601936,-0.0040398422659707065,0
1493735433950.0,-0.0018800187234320487,-0.00028646742177252114,-0.004041774480615261,0
1493735436450.0,-0.0018837198669765466,-0.00028584149308484867,-0.004043706695259815,0
1493735438950.0,-0.0018874210105210448,-0.0002852155643971762,-0.004045638909904369,0
1493735441450.0,-0.001891122154065543,-0.0002845896357095037,-0.004047571124548923,0
1493735443950.0,-0.001894823297610041,-0.0002839637070218313,-0.004049503339193477,0
1493735446450.0,-0.001898524441154539,-0.00028333777833415883,-0.004051435553838032,0
1493735448950.0,-0.001902225584699037,-0.00028271184964648636,-0.004053367768482585,0
1493735451450.0,-0.0019059267282435352,-0.0002820859209588139,-0.00405529998312714,0
1493735453950.0,-0.0019096278717880334,-0.0002814599922711414,-0.004057232197771694,0
1493735456450.0,-0.0019133290153325313,-0.00028083406358346894,-0.004059164412416248,0
1493735458950.0,-0.0019170301588770295,-0.00028020813489579646,-0.004061096627060802,0
1493735461450.0,-0.0019207313024215277,-0.000279582206208124,-0.004063028841705356,0
1493735463950.0,-0.0019244324459660256,-0.0002789562775204515,-0.004064961056349911,0
1493735466450.0,-0.0019281335895105238,-0.00027833034883277904,-0.004066893270994465,0
1493735468950.0,-0.0019318347330550217,-0.00027770442014510657,-0.0040688254856390185,0
1493735471450.0,-0.00193553587659952,-0.0002770784914574341,-0.004070757700283573,0
1493735473950.0,-0.0019392370201440179,-0.0002764525627697616,-0.004072689914928127,0
1493735476450.0,-0.001942938163688516,-0.00027582663408208915,-0.0040746221295726815,0
1493735478950.0,-0.0019466393072330142,-0.0002752007053944167,-0.004076554344217235,0
1493735481450.0,-0.0019503404507775122,-0.0002745747767067442,-0.004078486558861789,0
1493735483950.0,-0.00195404159432201,-0.0002739488480190717,-0.004080418773506344,0
1493735486450.0,-0.0019577427378665085,-0.00027332291933139925,-0.004082350988150898,0
1493735488950.0,-0.0019614438814110065,-0.0002726969906437268,-0.004084283202795452,0
1493735491450.0,-0.0019651450249555044,-0.00027207106195605436,-0.004086215417440006,0
1493735493950.0,-0.001968846168500003,-0.0002714451332683819,-0.00408814763208456,0
1493735496450.0,-0.0019725473120445008,-0.0002708192045807094,-0.004090079846729115,0
1493735498950.0,-0.0019762484555889987,-0.00027019327589303694,-0.004092012061373668,0
1493735501450.0,-0.001979949599133497,-0.00026956734720536446,-0.004093944276018223,0
1493735503950.0,-0.001983650742677995,-0.000268941418517692,-0.004095876490662777,0
1493735506450.0,-0.001987351886222493,-0.0002683154898300195,-0.004097808705307331,0
1493735508950.0,-0.0019910530297669914,-0.00026768956114234704,-0.004099740919951885,0
1493735511450.0,-0.0019947541733114894,-0.00026706363245467457,-0.004101673134596439,0
1493735513950.0,-0.0019984553168559873,-0.0002664377037670021,-0.0041036053492409935,0
1493735516450.0,-0.0020021564604004857,-0.0002658117750793296,-0.004105537563885548,0
1493735518950.0,-0.0020058576039449836,-0.00026518584639165715,-0.004107469778530102,0
1493735521450.0,-0.0020095587474894816,-0.0002645599177039847,-0.004109401993174656,0
1493735523950.0,-0.0020132598910339796,-0.0002639339890163122,-0.00411133420781921,0
1493735526450.0,-0.002016961034578478,-0.00026330806032863973,-0.0041132664224637645,0
1493735528950.0,-0.002020662178122976,-0.00026268213164096725,-0.004115198637108319,0
1493735531450.0,-0.002024363321667474,-0.0002620562029532948,-0.004117130851752872,0
1493735533950.0,-0.0020280644652119722,-0.00026143027426562236,-0.004119063066397427,0
1493735536450.0,-0.00203176560875647,-0.00026080434557794983,-0.004120995281041981,0
1493735538950.0,-0.002035466752300968,-0.0002601784168902774,-0.004122927495686535,0
1493735541450.0,-0.0020391678958454665,-0.00025955248820260494,-0.004124859710331089,0
1493735543950.0,-0.0020428690393899645,-0.00025892655951493247,-0.004126791924975643,0
1493735546450.0,-0.0020465701829344624,-0.00025830063082726,-0.004128724139620198,0
1493735548950.0,-0.0020502713264789604,-0.0002576747021395875,-0.004130656354264752,0
1493735551450.0,-0.002053972470023459,-0.00025704877345191505,-0.0041325885689093055,0
1493735553950.0,-0.0020576736135679567,-0.00025642284476424257,-0.00413452078355386,0
1493735556450.0,-0.0020613747571124547,-0.0002557969160765701,-0.004136452998198414,0
1493735558950.0,-0.002065075900656953,-0.0002551709873888976,-0.004138385212842969,0
1493735561450.0,-0.002068777044201451,-0.00025454505870122515,-0.004140317427487522,0
1493735563950.0,-0.002072478187745949,-0.0002539191300135527,-0.0041422496421320764,0
1493735566450.0,-0.0020761793312904474,-0.0002532932013258802,-0.004144181856776631,0
1493735568950.0,-0.0020798804748349453,-0.00025266727263820773,-0.004146114071421185,0
1493735571450.0,-0.0020835816183794433,-0.00025204134395053526,-0.004148046286065739,0
1493735573950.0,-0.0020872827619239417,-0.0002514154152628628,-0.004149978500710293,0
1493735576450.0,-0.0020909839054684396,-0.00025078948657519036,-0.004151910715354847,0
1493735578950.0,-0.0020946850490129376,-0.00025016355788751784,-0.004153842929999402,0
1493735581450.0,-0.002098386192557436,-0.0002495376291998454,-0.004155775144643955,0
1493735583950.0,-0.002102087336101934,-0.00024891170051217294,-0.00415770735928851,0
1493735586450.0,-0.002105788479646432,-0.00024828577182450047,-0.004159639573933064,0
1493735588950.0,-0.00210948962319093,-0.000247659843136828,-0.004161571788577618,0
1493735591450.0,-0.0021131907667354282,-0.0002470339144491555,-0.004163504003222172,0
1493735593950.0,-0.002116891910279926,-0.00024640798576148305,-0.004165436217866726,0
1493735596450.0,-0.002120593053824424,-0.0002457820570738106,-0.0041673684325112806,0
1493735598950.0,-0.0021242941973689225,-0.0002451561283861381,-0.004169300647155835,0
1493735601450.0,-0.0021279953409134205,-0.00024453019969846563,-0.004171232861800388,0
1493735603950.0,-0.0021316964844579184,-0.00024390427101079315,-0.004173165076444943,0
1493735606450.0,-0.0021353976280024164,-0.00024327834232312068,-0.004175097291089497,0
1493735608950.0,-0.0021390987715469148,-0.0002426524136354482,-0.0041770295057340515,0
1493735611450.0,-0.0021427999150914127,-0.00024202648494777573,-0.004178961720378605,0
1493735613950.0,-0.0021465010586359107,-0.00024140055626010326,-0.004180893935023159,0
1493735616450.0,-0.002150202202180409,-0.0002407746275724308,-0.004182826149667714,0
1493735618950.0,-0.002153903345724907,-0.00024014869888475834,-0.004184758364312268,0
1493735621450.0,-0.002157604489269405,-0.00023952277019708587,-0.004186690578956822,0
1493735623950.0,-0.0021613056328139034,-0.0002388968415094134,-0.004188622793601376,0
1493735626450.0,-0.0021650067763584013,-0.00023827091282174092,-0.00419055500824593,0
1493735628950.0,-0.0021687079199028993,-0.00023764498413406844,-0.004192487222890485,0
1493735631450.0,-0.0021724090634473977,-0.000237019055446396,-0.004194419437535038,0
1493735633950.0,-0.0021761102069918956,-0.00023639312675872352,-0.0041963516521795925,0
1493735636450.0,-0.0021798113505363936,-0.00023576719807105105,-0.004198283866824147,0
1493735638950.0,-0.002183512494080892,-0.00023514126938337858,-0.004200216081468701,0
1493735641450.0,-0.00218721363762539,-0.0002345153406957061,-0.004202148296113255,0
1493735643950.0,-0.002190914781169888,-0.00023388941200803363,-0.004204080510757809,0
1493735646450.0,-0.002194615924714386,-0.00023326348332036116,-0.0042060127254023635,0
1493735648950.0,-0.002198317068258884,-0.00023263755463268868,-0.004207944940046918,0
1493735651450.0,-0.002202018211803382,-0.0002320116259450162,-0.004209877154691471,0
1493735653950.0,-0.00220571935534788,-0.00023138569725734374,-0.004211809369336026,0
1493735656450.0,-0.0022094204988923785,-0.00023075976856967126,-0.00421374158398058,0
1493735658950.0,-0.0022131216424368765,-0.0002301338398819988,-0.004215673798625134,0
1493735661450.0,-0.0022168227859813744,-0.00022950791119432631,-0.004217606013269688,0
1493735663950.0,-0.002220523929525873,-0.00022888198250665387,-0.004219538227914242,0
1493735666450.0,-0.0022242250730703707,-0.0002282560538189814,-0.004221470442558797,0
1493735668950.0,-0.0022279262166148687,-0.00022763012513130892,-0.004223402657203351,0
1493735671450.0,-0.0022316273601593667,-0.00022700419644363645,-0.0042253348718479045,0
1493735673950.0,-0.002235328503703865,-0.00022637826775596397,-0.004227267086492459,0
1493735676450.0,-0.002239029647248363,-0.00022575233906829153,-0.004229199301137013,0
1493735678950.0,-0.002242730790792861,-0.00022512641038061905,-0.004231131515781568,0
1493735681450.0,-0.0022464319343373593,-0.00022450048169294658,-0.004233063730426121,0
1493735683950.0,-0.0022501330778818573,-0.0002238745530052741,-0.0042349959450706754,0
1493735686450.0,-0.0022538342214263552,-0.00022324862431760163,-0.00423692815971523,0
1493735688950.0,-0.0022575353649708536,-0.00022262269562992916,-0.004238860374359784,0
1493735691450.0,-0.0022612365085153516,-0.00022199676694225668,-0.004240792589004338,0
1493735693950.0,-0.0022649376520598495,-0.0002213708382545842,-0.004242724803648892,0
1493735696450.0,-0.002268638795604348,-0.00022074490956691174,-0.004244657018293446,0
1493735698950.0,-0.002272339939148846,-0.00022011898087923926,-0.004246589232938001,0
1493735701450.0,-0.002276041082693344,-0.0002194930521915668,-0.004248521447582554,0
1493735703950.0,-0.0022797422262378422,-0.00021886712350389432,-0.004250453662227109,0
1493735706450.0,-0.00228344336978234,-0.00021824119481622184,-0.004252385876871663,0
1493735708950.0,-0.002287144513326838,-0.0002176152661285494,-0.004254318091516217,0
1493735711450.0,-0.0022908456568713365,-0.00021698933744087692,-0.004256250306160771,0
1493735713950.0,-0.0022945468004158345,-0.00021636340875320445,-0.004258182520805325,0
1493735716450.0,-0.0022982479439603324,-0.00021573748006553198,-0.0042601147354498796,0
1493735718950.0,-0.0023019490875048304,-0.0002151115513778595,-0.004262046950094434,0
1493735721450.0,-0.0023056502310493288,-0.00021448562269018706,-0.004263979164738987,0
1493735723950.0,-0.0023093513745938267,-0.00021385969400251458,-0.004265911379383542,0
1493735726450.0,-0.0023130525181383247,-0.0002132337653148421,-0.004267843594028096,0
1493735728950.0,-0.0023167536616828226,-0.00021260783662716963,-0.0042697758086726505,0
1493735731450.0,-0.002320454805227321,-0.00021198190793949716,-0.004271708023317205,0
1493735733950.0,-0.002324155948771819,-0.0002113559792518247,-0.004273640237961758,0
1493735736450.0,-0.002327857092316317,-0.00021073005056415221,-0.004275572452606313,0
1493735738950.0,-0.0023315582358608153,-0.00021010412187647974,-0.004277504667250867,0
1493735741450.0,-0.0023352593794053133,-0.00020947819318880727,-0.004279436881895421,0
1493735743950.0,-0.0023389605229498112,-0.0002088522645011348,-0.004281369096539975,0
1493735746450.0,-0.0023426616664943096,-0.00020822633581346232,-0.004283301311184529,0
1493735748950.0,-0.0023463628100388076,-0.00020760040712578985,-0.004285233525829084,0
1493735751450.0,-0.0023500639535833055,-0.00020697447843811737,-0.004287165740473638,0
1493735753950.0,-0.002353765097127804,-0.00020634854975044493,-0.0042890979551181915,0
1493735756450.0,-0.002357466240672302,-0.00020572262106277245,-0.004291030169762746,0
1493735758950.0,-0.0023611673842168,-0.00020509669237509998,-0.0042929623844073,0
1493735761450.0,-0.002364868527761298,-0.0002044707636874275,-0.004294894599051854,0
1493735763950.0,-0.002368569671305796,-0.00020384483499975503,-0.004296826813696408,0
1493735766450.0,-0.002372270814850294,-0.00020321890631208258,-0.0042987590283409625,0
1493735768950.0,-0.0023759719583947925,-0.0002025929776244101,-0.004300691242985517,0
1493735771450.0,-0.0023796731019392905,-0.00020196704893673764,-0.004302623457630071,0
1493735773950.0,-0.0023833742454837884,-0.00020134112024906516,-0.004304555672274625,0
1493735776450.0,-0.002387075389028287,-0.0002007151915613927,-0.004306487886919179,0
1493735778950.0,-0.0023907765325727848,-0.00020008926287372022,-0.004308420101563733,0
1493735781450.0,-0.0023944776761172827,-0.00019946333418604774,-0.004310352316208288,0
1493735783950.0,-0.0023981788196617807,-0.00019883740549837527,-0.004312284530852841,0
1493735786450.0,-0.0024018799632062786,-0.0001982114768107028,-0.004314216745497396,0
1493735788950.0,-0.002405581106750777,-0.00019758554812303032,-0.00431614896014195,0
1493735791450.0,-0.002409282250295275,-0.00019695961943535785,-0.004318081174786504,0
1493735793950.0,-0.002412983393839773,-0.00019633369074768537,-0.004320013389431058,0
1493735796450.0,-0.0024166845373842713,-0.0001957077620600129,-0.004321945604075612,0
1493735798950.0,-0.0024203856809287693,-0.00019508183337234045,-0.004323877818720167,0
1493735801450.0,-0.002424086824473267,-0.00019445590468466798,-0.004325810033364721,0
1493735803950.0,-0.0024277879680177656,-0.0001938299759969955,-0.0043277422480092744,0
1493735806450.0,-0.0024314891115622636,-0.00019320404730932303,-0.004329674462653829,0
1493735808950.0,-0.0024351902551067615,-0.00019257811862165056,-0.004331606677298383,0
1493735811450.0,-0.00243889139865126,-0.0001919521899339781,-0.0043335388919429375,0
1493735813950.0,-0.002442592542195758,-0.00019132626124630564,-0.004335471106587491,0
1493735816450.0,-0.002446293685740256,-0.00019070033255863317,-0.004337403321232045,0
1493735818950.0,-0.002449994829284754,-0.0001900744038709607,-0.0043393355358766,0
1493735821450.0,-0.002453695972829252,-0.00018944847518328822,-0.004341267750521154,0
1493735823950.0,-0.00245739711637375,-0.00018882254649561574,-0.004343199965165708,0
1493735826450.0,-0.0024610982599182485,-0.00018819661780794327,-0.004345132179810262,0
1493735828950.0,-0.0024647994034627464,-0.0001875706891202708,-0.004347064394454816,0
1493735831450.0,-0.0024685005470072444,-0.00018694476043259832,-0.004348996609099371,0
1493735833950.0,-0.002472201690551743,-0.00018631883174492585,-0.004350928823743924,0
1493735836450.0,-0.0024759028340962407,-0.00018569290305725338,-0.0043528610383884786,0
1493735838950.0,-0.0024796039776407387,-0.0001850669743695809,-0.004354793253033033,0
1493735841450.0,-0.0024833051211852366,-0.00018444104568190843,-0.004356725467677587,0
1493735843950.0,-0.002487006264729735,-0.00018381511699423598,-0.004358657682322141,0
1493735846450.0,-0.002490707408274233,-0.0001831891883065635,-0.004360589896966695,0
1493735848950.0,-0.002494408551818731,-0.00018256325961889104,-0.0043625221116112495,0
1493735851450.0,-0.002498109695363229,-0.00018193733093121856,-0.004364454326255804,0
1493735853950.0,-0.0025018108389077273,-0.0001813114022435461,-0.004366386540900357,0
1493735856450.0,-0.0025055119824522252,-0.00018068547355587364,-0.004368318755544912,0
1493735858950.0,-0.002509213125996723,-0.00018005954486820117,-0.004370250970189466,0
1493735861450.0,-0.0025129142695412216,-0.0001794336161805287,-0.0043721831848340205,0
1493735863950.0,-0.0025166154130857195,-0.00017880768749285622,-0.004374115399478574,0
1493735866450.0,-0.0025203165566302175,-0.00017818175880518375,-0.004376047614123128,0
1493735868950.0,-0.002524017700174716,-0.00017755583011751127,-0.004377979828767683,0
1493735871450.0,-0.002527718843719214,-0.0001769299014298388,-0.004379912043412237,0
1493735873950.0,-0.002531419987263712,-0.00017630397274216633,-0.0043818442580567905,0
1493735876450.0,-0.00253512113080821,-0.00017567804405449385,-0.004383776472701345,0
1493735878950.0,-0.002538822274352708,-0.00017505211536682138,-0.004385708687345899,0
1493735881450.0,-0.002542523417897206,-0.0001744261866791489,-0.004387640901990454,0
1493735883950.0,-0.0025462245614417045,-0.00017380025799147646,-0.004389573116635007,0
1493735886450.0,-0.0025499257049862024,-0.00017317432930380398,-0.0043915053312795615,0
1493735888950.0,-0.0025536268485307004,-0.0001725484006161315,-0.004393437545924116,0
1493735891450.0,-0.0025573279920751988,-0.00017192247192845904,-0.00439536976056867,0
1493735893950.0,-0.0025610291356196967,-0.00017129654324078656,-0.004397301975213224,0
1493735896450.0,-0.0025647302791641947,-0.0001706706145531141,-0.004399234189857778,0
1493735898950.0,-0.002568431422708693,-0.00017004468586544162,-0.004401166404502332,0
1493735901450.0,-0.002572132566253191,-0.00016941875717776914,-0.004403098619146887,0
1493735903950.0,-0.002575833709797689,-0.00016879282849009667,-0.00440503083379144,0
1493735906450.0,-0.002579534853342187,-0.00016816689980242422,-0.004406963048435995,0
1493735908950.0,-0.0025832359968866853,-0.00016754097111475175,-0.004408895263080549,0
1493735911450.0,-0.0025869371404311833,-0.00016691504242707928,-0.004410827477725103,0
1493735913950.0,-0.0025906382839756812,-0.0001662891137394068,-0.004412759692369657,0
1493735916450.0,-0.002594339427520179,-0.00016566318505173433,-0.004414691907014211,0
1493735918950.0,-0.0025980405710646776,-0.00016503725636406185,-0.004416624121658766,0
1493735921450.0,-0.0026017417146091755,-0.00016441132767638938,-0.00441855633630332,0
1493735923950.0,-0.0026054428581536735,-0.0001637853989887169,-0.0044204885509478735,0
1493735926450.0,-0.002609144001698172,-0.00016315947030104443,-0.004422420765592428,0
1493735928950.0,-0.00261284514524267,-0.000162533541613372,-0.004424352980236982,0
1493735931450.0,-0.0026165462887871678,-0.00016190761292569951,-0.0044262851948815365,0
1493735933950.0,-0.002620247432331666,-0.00016128168423802704,-0.00442821740952609,0
1493735936450.0,-0.002623948575876164,-0.00016065575555035457,-0.004430149624170644,0
1493735938950.0,-0.002627649719420662,-0.0001600298268626821,-0.004432081838815199,0
1493735941450.0,-0.0026313508629651605,-0.00015940389817500962,-0.004434014053459753,0
1493735943950.0,-0.0026350520065096584,-0.00015877796948733715,-0.004435946268104307,0
1493735946450.0,-0.0026387531500541564,-0.00015815204079966467,-0.004437878482748861,0
1493735948950.0,-0.0026424542935986547,-0.0001575261121119922,-0.004439810697393415,0
1493735951450.0,-0.0026461554371431527,-0.00015690018342431975,-0.00444174291203797,0
1493735953950.0,-0.0026498565806876507,-0.00015627425473664728,-0.004443675126682523,0
1493735956450.0,-0.002653557724232149,-0.0001556483260489748,-0.004445607341327078,0
1493735958950.0,-0.002657258867776647,-0.00015502239736130233,-0.004447539555971632,0
1493735961450.0,-0.002660960011321145,-0.00015439646867362986,-0.004449471770616186,0
1493735963950.0,-0.0026646611548656433,-0.00015377053998595738,-0.004451403985260741,0
1493735966450.0,-0.0026683622984101413,-0.0001531446112982849,-0.004453336199905294,0
1493735968950.0,-0.0026720634419546392,-0.00015251868261061244,-0.0044552684145498485,0
1493735971450.0,-0.002675764585499137,-0.00015189275392293996,-0.004457200629194403,0
1493735973950.0,-0.002679465729043635,-0.00015126682523526752,-0.004459132843838956,0
1493735976450.0,-0.0026831668725881335,-0.00015064089654759504,-0.004461065058483511,0
1493735978950.0,-0.0026868680161326315,-0.00015001496785992257,-0.004462997273128065,0
1493735981450.0,-0.0026905691596771295,-0.0001493890391722501,-0.0044649294877726195,0
1493735983950.0,-0.002694270303221628,-0.00014876311048457762,-0.004466861702417174,0
1493735986450.0,-0.002697971446766126,-0.00014813718179690515,-0.004468793917061727,0
1493735988950.0,-0.0027016725903106237,-0.00014751125310923267,-0.004470726131706282,0
1493735991450.0,-0.002705373733855122,-0.0001468853244215602,-0.004472658346350836,0
1493735993950.0,-0.00270907487739962,-0.00014625939573388773,-0.0044745905609953895,0
1493735996450.0,-0.002712776020944118,-0.00014563346704621528,-0.004476522775639944,0
1493735998950.0,-0.0027164771644886164,-0.0001450075383585428,-0.004478454990284498,0
1493736001450.0,-0.0027201783080331144,-0.00014438160967087033,-0.004480387204929053,0
1493736003950.0,-0.0027238794515776123,-0.00014375568098319786,-0.004482319419573607,0
1493736006450.0,-0.0027275805951221107,-0.00014312975229552539,-0.0044842516342181605,0
1493736008950.0,-0.0027312817386666087,-0.0001425038236078529,-0.004486183848862715,0
1493736011450.0,-0.0027349828822111066,-0.00014187789492018044,-0.004488116063507269,0
1493736013950.0,-0.002738684025755605,-0.00014125196623250796,-0.004490048278151823,0
1493736016450.0,-0.002742385169300103,-0.0001406260375448355,-0.004491980492796377,0
1493736018950.0,-0.002746086312844601,-0.00014000010885716304,-0.0044939127074409314,0
1493736021450.0,-0.0027497874563890993,-0.00013937418016949057,-0.004495844922085486,0
1493736023950.0,-0.0027534885999335973,-0.0001387482514818181,-0.00449777713673004,0
1493736026450.0,-0.0027571897434780952,-0.00013812232279414562,-0.004499709351374594,0
1493736028950.0,-0.002760890887022593,-0.00013749639410647315,-0.004501641566019148,0
1493736031450.0,-0.0027645920305670916,-0.00013687046541880068,-0.004503573780663702,0
1493736033950.0,-0.0027682931741115895,-0.0001362445367311282,-0.004505505995308256,0
1493736036450.0,-0.0027719943176560875,-0.00013561860804345573,-0.00450743820995281,0
1493736038950.0,-0.0027756954612005854,-0.00013499267935578326,-0.004509370424597365,0
1493736041450.0,-0.002779396604745084,-0.0001343667506681108,-0.004511302639241919,0
1493736043950.0,-0.0027830977482895818,-0.00013374082198043834,-0.004513234853886473,0
1493736046450.0,-0.0027867988918340797,-0.00013311489329276586,-0.004515167068531027,0
1493736048950.0,-0.002790500035378578,-0.0001324889646050934,-0.004517099283175581,0
1493736051450.0,-0.002794201178923076,-0.00013186303591742091,-0.0045190314978201356,0
1493736053950.0,-0.002797902322467574,-0.00013123710722974844,-0.00452096371246469,0
1493736056450.0,-0.0028016034660120724,-0.00013061117854207597,-0.004522895927109243,0
1493736058950.0,-0.0028053046095565704,-0.0001299852498544035,-0.004524828141753798,0
1493736061450.0,-0.0028090057531010683,-0.00012935932116673102,-0.004526760356398352,0
1493736063950.0,-0.0028127068966455667,-0.00012873339247905857,-0.0045286925710429065,0
1493736066450.0,-0.0028164080401900647,-0.0001281074637913861,-0.00453062478568746,0
1493736068950.0,-0.0028201091837345626,-0.00012748153510371363,-0.004532557000332014,0
1493736071450.0,-0.002823810327279061,-0.00012685560641604115,-0.004534489214976569,0
1493736073950.0,-0.002827511470823559,-0.00012622967772836868,-0.004536421429621123,0
1493736076450.0,-0.002831212614368057,-0.0001256037490406962,-0.004538353644265677,0
1493736078950.0,-0.0028349137579125553,-0.00012497782035302373,-0.004540285858910231,0
1493736081450.0,-0.0028386149014570533,-0.00012435189166535126,-0.004542218073554785,0
1493736083950.0,-0.002842316045001551,-0.00012372596297767878,-0.00454415028819934,0
1493736086450.0,-0.0028460171885460496,-0.00012310003429000634,-0.004546082502843893,0
1493736088950.0,-0.002849718332090547,-0.00012247410560233386,-0.0045480147174884475,0
1493736091450.0,-0.0028534194756350455,-0.00012184817691466139,-0.004549946932133002,0
1493736093950.0,-0.002857120619179544,-0.00012122224822698892,-0.004551879146777556,0
1493736096450.0,-0.0028608217627240414,-0.00012059631953931644,-0.00455381136142211,0
1493736098950.0,-0.00286452290626854,-0.00011997039085164397,-0.004555743576066664,0
1493736101450.0,-0.0028682240498130378,-0.0001193444621639715,-0.0045576757907112185,0
1493736103950.0,-0.0028719251933575357,-0.00011871853347629902,-0.004559608005355773,0
1493736106450.0,-0.002875626336902034,-0.00011809260478862655,-0.004561540220000326,0
1493736108950.0,-0.002879327480446532,-0.0001174666761009541,-0.004563472434644881,0
1493736111450.0,-0.00288302862399103,-0.00011684074741328163,-0.004565404649289435,0
1493736113950.0,-0.0028867297675355284,-0.00011621481872560915,-0.004567336863933989,0
1493736116450.0,-0.0028904309110800263,-0.00011558889003793668,-0.004569269078578543,0
1493736118950.0,-0.0028941320546245243,-0.00011496296135026421,-0.004571201293223097,0
1493736121450.0,-0.0028978331981690227,-0.00011433703266259173,-0.004573133507867652,0
1493736123950.0,-0.0029015343417135206,-0.00011371110397491926,-0.004575065722512206,0
1493736126450.0,-0.0029052354852580186,-0.00011308517528724679,-0.0045769979371567595,0
1493736128950.0,-0.002908936628802517,-0.00011245924659957434,-0.004578930151801314,0
1493736131450.0,-0.002912637772347015,-0.00011183331791190187,-0.004580862366445868,0
1493736133950.0,-0.002916338915891513,-0.00011120738922422939,-0.004582794581090423,0
1493736136450.0,-0.0029200400594360113,-0.00011058146053655692,-0.004584726795734976,0
1493736138950.0,-0.0029237412029805092,-0.00010995553184888445,-0.0045866590103795304,0
1493736141450.0,-0.002927442346525007,-0.00010932960316121197,-0.004588591225024085,0
1493736143950.0,-0.0029311434900695056,-0.0001087036744735395,-0.004590523439668639,0
1493736146450.0,-0.0029348446336140035,-0.00010807774578586702,-0.004592455654313193,0
1493736148950.0,-0.0029385457771585015,-0.00010745181709819455,-0.004594387868957747,0
1493736151450.0,-0.002942246920703,-0.0001068258884105221,-0.004596320083602301,0
1493736153950.0,-0.0029459480642474974,-0.00010619995972284963,-0.004598252298246856,0
1493736156450.0,-0.002949649207791996,-0.00010557403103517716,-0.00460018451289141,0
1493736158950.0,-0.002953350351336494,-0.00010494810234750468,-0.004602116727535964,0
1493736161450.0,-0.0029570514948809917,-0.00010432217365983221,-0.004604048942180518,0
1493736163950.0,-0.00296075263842549,-0.00010369624497215974,-0.004605981156825072,0
1493736166450.0,-0.002964453781969988,-0.00010307031628448726,-0.004607913371469626,0
1493736168950.0,-0.002968154925514486,-0.00010244438759681479,-0.00460984558611418,0
1493736171450.0,-0.0029718560690589844,-0.00010181845890914232,-0.0046117778007587346,0
1493736173950.0,-0.0029755572126034823,-0.00010119253022146987,-0.004613710015403289,0
1493736176450.0,-0.0029792583561479803,-0.0001005666015337974,-0.004615642230047843,0
1493736178950.0,-0.0029829594996924787,-9.994067284612492e-05,-0.004617574444692397,0
1493736181450.0,-0.0029866606432369766,-9.931474415845245e-05,-0.004619506659336951,0
1493736183950.0,-0.0029903617867814746,-9.868881547077997e-05,-0.0046214388739815055,0
1493736186450.0,-0.002994062930325973,-9.80628867831075e-05,-0.004623371088626059,0
1493736188950.0,-0.002997764073870471,-9.743695809543503e-05,-0.004625303303270613,0
1493736191450.0,-0.003001465217414969,-9.681102940776255e-05,-0.004627235517915168,0
1493736193950.0,-0.0030051663609594673,-9.618510072009008e-05,-0.004629167732559722,0
1493736196450.0,-0.0030088675045039652,-9.555917203241763e-05,-0.0046310999472042765,0
1493736198950.0,-0.003012568648048463,-9.493324334474516e-05,-0.00463303216184883,0
1493736201450.0,-0.0030162697915929616,-9.430731465707269e-05,-0.004634964376493384,0
1493736203950.0,-0.0030199709351374595,-9.368138596940021e-05,-0.004636896591137939,0
1493736206450.0,-0.0030236720786819575,-9.305545728172774e-05,-0.004638828805782492,0
1493736208950.0,-0.003027373222226456,-9.242952859405526e-05,-0.0046407610204270465,0
1493736211450.0,-0.0030310743657709534,-9.180359990638279e-05,-0.004642693235071601,0
1493736213950.0,-0.0030347755093154518,-9.117767121871032e-05,-0.004644625449716155,0
1493736216450.0,-0.00303847665285995,-9.055174253103784e-05,-0.00464655766436071,0
1493736218950.0,-0.0030421777964044477,-8.99258138433654e-05,-0.004648489879005263,0
1493736221450.0,-0.003045878939948946,-8.929988515569292e-05,-0.0046504220936498175,0
1493736223950.0,-0.0030495800834934444,-8.867395646802045e-05,-0.004652354308294372,0
1493736226450.0,-0.003053281227037942,-8.804802778034798e-05,-0.004654286522938925,0
1493736228950.0,-0.0030569823705824404,-8.74220990926755e-05,-0.00465621873758348,0
1493736231450.0,-0.0030606835141269383,-8.679617040500303e-05,-0.004658150952228034,0
1493736233950.0,-0.0030643846576714363,-8.617024171733056e-05,-0.004660083166872588,0
1493736236450.0,-0.0030680858012159347,-8.554431302965808e-05,-0.004662015381517143,0
1493736238950.0,-0.0030717869447604326,-8.491838434198561e-05,-0.004663947596161696,0
1493736241450.0,-0.0030754880883049306,-8.429245565431316e-05,-0.004665879810806251,0
1493736243950.0,-0.003079189231849429,-8.366652696664069e-05,-0.004667812025450805,0
1493736246450.0,-0.003082890375393927,-8.304059827896821e-05,-0.0046697442400953585,0
1493736248950.0,-0.003086591518938425,-8.241466959129574e-05,-0.004671676454739913,0
1493736251450.0,-0.0030902926624829232,-8.178874090362327e-05,-0.004673608669384467,0
1493736253950.0,-0.003093993806027421,-8.11628122159508e-05,-0.004675540884029022,0
1493736256450.0,-0.003097694949571919,-8.053688352827832e-05,-0.004677473098673576,0
1493736258950.0,-0.0031013960931164175,-7.991095484060585e-05,-0.0046794053133181295,0
1493736261450.0,-0.0031050972366609155,-7.928502615293337e-05,-0.004681337527962684,0
1493736263950.0,-0.0031087983802054135,-7.865909746526093e-05,-0.004683269742607238,0
1493736266450.0,-0.003112499523749912,-7.803316877758845e-05,-0.004685201957251792,0
1493736268950.0,-0.00311620066729441,-7.740724008991598e-05,-0.004687134171896346,0
1493736271450.0,-0.0031199018108389077,-7.67813114022435e-05,-0.0046890663865409,0
1493736273950.0,-0.003123602954383406,-7.615538271457103e-05,-0.004690998601185455,0
1493736276450.0,-0.0031273040979279037,-7.552945402689856e-05,-0.004692930815830009,0
1493736278950.0,-0.003131005241472402,-7.490352533922608e-05,-0.004694863030474563,0
1493736281450.0,-0.0031347063850169004,-7.427759665155361e-05,-0.004696795245119117,0
1493736283950.0,-0.003138407528561398,-7.365166796388114e-05,-0.004698727459763671,0
1493736286450.0,-0.0031421086721058963,-7.302573927620869e-05,-0.004700659674408226,0
1493736288950.0,-0.0031458098156503943,-7.239981058853622e-05,-0.004702591889052779,0
1493736291450.0,-0.0031495109591948922,-7.177388190086374e-05,-0.0047045241036973336,0
1493736293950.0,-0.0031532121027393906,-7.114795321319127e-05,-0.004706456318341888,0
1493736296450.0,-0.0031569132462838886,-7.05220245255188e-05,-0.004708388532986442,0
1493736298950.0,-0.0031606143898283865,-6.989609583784632e-05,-0.004710320747630996,0
1493736301450.0,-0.003164315533372885,-6.927016715017385e-05,-0.00471225296227555,0
1493736303950.0,-0.003168016676917383,-6.864423846250137e-05,-0.0047141851769201045,0
1493736306450.0,-0.003171717820461881,-6.80183097748289e-05,-0.004716117391564659,0
1493736308950.0,-0.0031754189640063792,-6.739238108715645e-05,-0.004718049606209212,0
1493736311450.0,-0.003179120107550877,-6.676645239948398e-05,-0.004719981820853767,0
1493736313950.0,-0.003182821251095375,-6.614052371181151e-05,-0.004721914035498321,0
1493736316450.0,-0.0031865223946398735,-6.551459502413903e-05,-0.0047238462501428755,0
1493736318950.0,-0.0031902235381843715,-6.488866633646656e-05,-0.004725778464787429,0
1493736321450.0,-0.0031939246817288694,-6.426273764879409e-05,-0.004727710679431983,0
1493736323950.0,-0.003197625825273368,-6.363680896112161e-05,-0.004729642894076538,0
1493736326450.0,-0.0032013269688178658,-6.301088027344914e-05,-0.004731575108721092,0
1493736328950.0,-0.0032050281123623637,-6.238495158577667e-05,-0.0047335073233656455,0
1493736331450.0,-0.003208729255906862,-6.175902289810422e-05,-0.0047354395380102,0
1493736333950.0,-0.00321243039945136,-6.113309421043175e-05,-0.004737371752654754,0
1493736336450.0,-0.003216131542995858,-6.050716552275927e-05,-0.004739303967299309,0
1493736338950.0,-0.0032198326865403564,-5.98812368350868e-05,-0.004741236181943862,0
1493736341450.0,-0.003223533830084854,-5.9255308147414324e-05,-0.0047431683965884165,0
1493736343950.0,-0.0032272349736293523,-5.862937945974185e-05,-0.004745100611232971,0
1493736346450.0,-0.0032309361171738507,-5.800345077206938e-05,-0.004747032825877525,0
1493736348950.0,-0.0032346372607183482,-5.7377522084396904e-05,-0.004748965040522079,0
1493736351450.0,-0.0032383384042628466,-5.675159339672443e-05,-0.004750897255166633,0
1493736353950.0,-0.0032420395478073446,-5.612566470905198e-05,-0.004752829469811187,0
1493736356450.0,-0.0032457406913518425,-5.549973602137951e-05,-0.004754761684455742,0
1493736358950.0,-0.003249441834896341,-5.4873807333707036e-05,-0.004756693899100295,0
1493736361450.0,-0.003253142978440839,-5.424787864603456e-05,-0.00475862611374485,0
1493736363950.0,-0.003256844121985337,-5.362194995836209e-05,-0.004760558328389404,0
1493736366450.0,-0.003260545265529835,-5.2996021270689615e-05,-0.004762490543033958,0
1493736368950.0,-0.003264246409074333,-5.237009258301714e-05,-0.004764422757678512,0
1493736371450.0,-0.003267947552618831,-5.174416389534467e-05,-0.004766354972323066,0
1493736373950.0,-0.0032716486961633295,-5.1118235207672194e-05,-0.004768287186967621,0
1493736376450.0,-0.0032753498397078275,-5.049230651999972e-05,-0.004770219401612175,0
1493736378950.0,-0.0032790509832523254,-4.986637783232725e-05,-0.0047721516162567285,0
1493736381450.0,-0.003282752126796824,-4.924044914465477e-05,-0.004774083830901283,0
1493736383950.0,-0.0032864532703413218,-4.86145204569823e-05,-0.004776016045545837,0
1493736386450.0,-0.0032901544138858197,-4.7988591769309826e-05,-0.0047779482601903915,0
1493736388950.0,-0.003293855557430318,-4.736266308163741e-05,-0.004779880474834946,0
1493736391450.0,-0.003297556700974816,-4.673673439396493e-05,-0.004781812689479499,0
1493736393950.0,-0.003301257844519314,-4.611080570629246e-05,-0.004783744904124054,0
1493736396450.0,-0.0033049589880638124,-4.5484877018619986e-05,-0.004785677118768608,0
1493736398950.0,-0.00330866013160831,-4.485894833094751e-05,-0.004787609333413162,0
1493736401450.0,-0.0033123612751528083,-4.423301964327504e-05,-0.004789541548057716,0
1493736403950.0,-0.0033160624186973067,-4.3607090955602565e-05,-0.00479147376270227,0
1493736406450.0,-0.003319763562241804,-4.298116226793009e-05,-0.004793405977346825,0
1493736408950.0,-0.0033234647057863026,-4.235523358025762e-05,-0.004795338191991379,0
1493736411450.0,-0.003327165849330801,-4.1729304892585144e-05,-0.004797270406635933,0
1493736413950.0,-0.0033308669928752985,-4.110337620491267e-05,-0.004799202621280487,0
1493736416450.0,-0.003334568136419797,-4.0477447517240197e-05,-0.004801134835925041,0
1493736418950.0,-0.003338269279964295,-3.985151882956772e-05,-0.004803067050569595,0
1493736421450.0,-0.003341970423508793,-3.922559014189525e-05,-0.004804999265214149,0
1493736423950.0,-0.003345671567053291,-3.8599661454222776e-05,-0.0048069314798587035,0
1493736426450.0,-0.003349372710597789,-3.79737327665503e-05,-0.004808863694503258,0
1493736428950.0,-0.003353073854142287,-3.734780407887783e-05,-0.004810795909147812,0
1493736431450.0,-0.0033567749976867855,-3.6721875391205355e-05,-0.004812728123792366,0
1493736433950.0,-0.0033604761412312834,-3.6095946703532935e-05,-0.00481466033843692,0
1493736436450.0,-0.0033641772847757814,-3.547001801586046e-05,-0.0048165925530814745,0
1493736438950.0,-0.0033678784283202798,-3.484408932818799e-05,-0.004818524767726028,0
1493736441450.0,-0.0033715795718647777,-3.4218160640515514e-05,-0.004820456982370582,0
1493736443950.0,-0.0033752807154092757,-3.359223195284304e-05,-0.004822389197015137,0
1493736446450.0,-0.003378981858953774,-3.296630326517057e-05,-0.004824321411659691,0
1493736448950.0,-0.003382683002498272,-3.2340374577498093e-05,-0.004826253626304245,0
1493736451450.0,-0.00338638414604277,-3.171444588982562e-05,-0.004828185840948799,0
1493736453950.0,-0.0033900852895872684,-3.1088517202153146e-05,-0.004830118055593353,0
1493736456450.0,-0.0033937864331317663,-3.0462588514480673e-05,-0.004832050270237908,0
1493736458950.0,-0.0033974875766762643,-2.98366598268082e-05,-0.004833982484882461,0
1493736461450.0,-0.0034011887202207627,-2.9210731139135725e-05,-0.0048359146995270155,0
1493736463950.0,-0.00340488986376526,-2.858480245146325e-05,-0.00483784691417157,0
1493736466450.0,-0.0034085910073097586,-2.7958873763790778e-05,-0.004839779128816124,0
1493736468950.0,-0.003412292150854257,-2.7332945076118304e-05,-0.004841711343460679,0
1493736471450.0,-0.0034159932943987545,-2.670701638844583e-05,-0.004843643558105232,0
1493736473950.0,-0.003419694437943253,-2.6081087700773357e-05,-0.0048455757727497864,0
1493736476450.0,-0.003423395581487751,-2.5455159013100883e-05,-0.004847507987394341,0
1493736478950.0,-0.003427096725032249,-2.4829230325428464e-05,-0.004849440202038894,0
1493736481450.0,-0.003430797868576747,-2.420330163775599e-05,-0.004851372416683449,0
1493736483950.0,-0.003434499012121245,-2.3577372950083517e-05,-0.004853304631328003,0
1493736486450.0,-0.003438200155665743,-2.2951444262411043e-05,-0.004855236845972557,0
1493736488950.0,-0.0034419012992102415,-2.232551557473857e-05,-0.004857169060617112,0
1493736491450.0,-0.0034456024427547394,-2.1699586887066096e-05,-0.004859101275261665,0
1493736493950.0,-0.0034493035862992374,-2.1073658199393622e-05,-0.00486103348990622,0
1493736496450.0,-0.0034530047298437358,-2.044772951172115e-05,-0.004862965704550774,0
1493736498950.0,-0.0034567058733882337,-1.9821800824048675e-05,-0.0048648979191953275,0
1493736501450.0,-0.0034604070169327317,-1.91958721363762e-05,-0.004866830133839882,0
1493736503950.0,-0.00346410816047723,-1.8569943448703728e-05,-0.004868762348484436,0
1493736506450.0,-0.003467809304021728,-1.7944014761031254e-05,-0.0048706945631289906,0
1493736508950.0,-0.003471510447566226,-1.731808607335878e-05,-0.004872626777773545,0
1493736511450.0,-0.0034752115911107244,-1.6692157385686307e-05,-0.004874558992418098,0
1493736513950.0,-0.0034789127346552223,-1.6066228698013833e-05,-0.004876491207062653,0
1493736516450.0,-0.0034826138781997203,-1.544030001034136e-05,-0.004878423421707207,0
1493736518950.0,-0.0034863150217442187,-1.4814371322668886e-05,-0.0048803556363517615,0
1493736521450.0,-0.0034900161652887166,-1.4188442634996412e-05,-0.004882287850996315,0
1493736523950.0,-0.0034937173088332146,-1.3562513947323993e-05,-0.004884220065640869,0
1493736526450.0,-0.003497418452377713,-1.2936585259651519e-05,-0.004886152280285424,0
1493736528950.0,-0.0035011195959222105,-1.2310656571979045e-05,-0.004888084494929978,0
1493736531450.0,-0.003504820739466709,-1.1684727884306572e-05,-0.004890016709574532,0
1493736533950.0,-0.0035085218830112072,-1.1058799196634098e-05,-0.004891948924219086,0
1493736536450.0,-0.0035122230265557048,-1.0432870508961624e-05,-0.00489388113886364,0
1493736538950.0,-0.003515924170100203,-9.80694182128915e-06,-0.004895813353508195,0
1493736541450.0,-0.003519625313644701,-9.181013133616677e-06,-0.004897745568152748,0
1493736543950.0,-0.003523326457189199,-8.555084445944204e-06,-0.0048996777827973025,0
1493736546450.0,-0.0035270276007336974,-7.92915575827173e-06,-0.004901609997441857,0
1493736548950.0,-0.0035307287442781954,-7.303227070599256e-06,-0.004903542212086411,0
1493736551450.0,-0.0035344298878226934,-6.677298382926783e-06,-0.004905474426730965,0
1493736553950.0,-0.0035381310313671917,-6.051369695254309e-06,-0.004907406641375519,0
1493736556450.0,-0.0035418321749116897,-5.425441007581835e-06,-0.0049093388560200735,0
1493736558950.0,-0.0035455333184561877,-4.799512319909362e-06,-0.004911271070664628,0
1493736561450.0,-0.003549234462000686,-4.173583632236888e-06,-0.004913203285309181,0
1493736563950.0,-0.003552935605545184,-3.5476549445644144e-06,-0.004915135499953736,0
1493736566450.0,-0.003556636749089682,-2.921726256891941e-06,-0.00491706771459829,0
1493736568950.0,-0.0035603378926341803,-2.2957975692195214e-06,-0.004918999929242844,0
1493736571450.0,-0.0035640390361786783,-1.6698688815470477e-06,-0.004920932143887398,0
1493736573950.0,-0.0035677401797231762,-1.043940193874574e-06,-0.004922864358531952,0
1493736576450.0,-0.0035714413232676746,-4.1801150620210045e-07,-0.004924796573176507,0
1493736578950.0,-0.0035751424668121726,2.079171814703732e-07,-0.004926728787821061,0
1493736581450.0,-0.0035788436103566705,8.338458691428468e-07,-0.0049286610024656145,0
1493736583950.0,-0.003582544753901169,1.4597745568153205e-06,-0.004930593217110169,0
1493736586450.0,-0.0035862458974456665,2.085703244487794e-06,-0.004932525431754723,0
1493736588950.0,-0.003589947040990165,2.7116319321602677e-06,-0.004934457646399278,0
1493736591450.0,-0.0035936481845346632,3.3375606198327414e-06,-0.004936389861043831,0
1493736593950.0,-0.0035973493280791607,3.963489307505215e-06,-0.0049383220756883854,0
1493736596450.0,-0.003601050471623659,4.589417995177689e-06,-0.00494025429033294,0
1493736598950.0,-0.0036047516151681575,5.215346682850162e-06,-0.004942186504977494,0
1493736601450.0,-0.003608452758712655,5.841275370522636e-06,-0.004944118719622048,0
1493736603950.0,-0.0036121539022571534,6.46720405819511e-06,-0.004946050934266602,0
1493736606450.0,-0.0036158550458016514,7.093132745867583e-06,-0.004947983148911156,0
1493736608950.0,-0.0036195561893461493,7.719061433540057e-06,-0.004949915363555711,0
1493736611450.0,-0.0036232573328906477,8.344990121212476e-06,-0.004951847578200264,0
1493736613950.0,-0.0036269584764351457,8.97091880888495e-06,-0.004953779792844819,0
1493736616450.0,-0.0036306596199796436,9.596847496557424e-06,-0.004955712007489373,0
1493736618950.0,-0.003634360763524142,1.0222776184229897e-05,-0.004957644222133927,0
1493736621450.0,-0.00363806190706864,1.0848704871902371e-05,-0.004959576436778482,0
1493736623950.0,-0.003641763050613138,1.1474633559574845e-05,-0.004961508651423035,0
1493736626450.0,-0.0036454641941576363,1.2100562247247318e-05,-0.0049634408660675896,0
1493736628950.0,-0.0036491653377021343,1.2726490934919792e-05,-0.004965373080712144,0
1493736631450.0,-0.0036528664812466322,1.3352419622592265e-05,-0.004967305295356697,0
1493736633950.0,-0.0036565676247911306,1.3978348310264739e-05,-0.004969237510001252,0
1493736636450.0,-0.0036602687683356286,1.4604276997937213e-05,-0.004971169724645806,0
1493736638950.0,-0.0036639699118801265,1.5230205685609686e-05,-0.0049731019392903605,0
1493736641450.0,-0.003667671055424625,1.585613437328216e-05,-0.004975034153934915,0
1493736643950.0,-0.003671372198969123,1.6482063060954634e-05,-0.004976966368579468,0
1493736646450.0,-0.003675073342513621,1.7107991748627107e-05,-0.004978898583224023,0
1493736648950.0,-0.003678774486058119,1.773392043629958e-05,-0.004980830797868577,0
1493736651450.0,-0.0036824756296026167,1.8359849123972055e-05,-0.004982763012513131,0
1493736653950.0,-0.003686176773147115,1.8985777811644528e-05,-0.004984695227157685,0
1493736656450.0,-0.0036898779166916135,1.9611706499316948e-05,-0.004986627441802239,0
1493736658950.0,-0.003693579060236111,2.023763518698942e-05,-0.004988559656446794,0
1493736661450.0,-0.0036972802037806094,2.0863563874661895e-05,-0.004990491871091348,0
1493736663950.0,-0.0037009813473251074,2.148949256233437e-05,-0.0049924240857359015,0
1493736666450.0,-0.0037046824908696053,2.2115421250006842e-05,-0.004994356300380456,0
1493736668950.0,-0.0037083836344141037,2.2741349937679316e-05,-0.00499628851502501,0
1493736671450.0,-0.0037120847779586017,2.336727862535179e-05,-0.004998220729669564,0
1493736673950.0,-0.0037157859215030996,2.3993207313024263e-05,-0.005000152944314118,0
1493736676450.0,-0.003719487065047598,2.4619136000696737e-05,-0.0050020851589586725,0
1493736678950.0,-0.003723188208592096,2.524506468836921e-05,-0.005004017373603227,0
1493736681450.0,-0.003726889352136594,2.5870993376041684e-05,-0.005005949588247781,0
1493736683950.0,-0.0037305904956810923,2.6496922063714158e-05,-0.005007881802892335,0
1493736686450.0,-0.0037342916392255903,2.712285075138663e-05,-0.005009814017536889,0
1493736688950.0,-0.003737992782770088,2.7748779439059105e-05,-0.005011746232181443,0
1493736691450.0,-0.0037416939263145866,2.837470812673158e-05,-0.005013678446825997,0
1493736693950.0,-0.0037453950698590846,2.9000636814404052e-05,-0.005015610661470551,0
1493736696450.0,-0.0037490962134035825,2.9626565502076526e-05,-0.005017542876115106,0
1493736698950.0,-0.003752797356948081,3.0252494189749e-05,-0.00501947509075966,0
1493736701450.0,-0.003756498500492579,3.087842287742142e-05,-0.005021407305404214,0
1493736703950.0,-0.003760199644037077,3.150435156509389e-05,-0.005023339520048768,0
1493736706450.0,-0.0037639007875815748,3.2130280252766366e-05,-0.005025271734693322,0
1493736708950.0,-0.003767601931126073,3.275620894043884e-05,-0.005027203949337877,0
1493736711450.0,-0.003771303074670571,3.3382137628111313e-05,-0.00502913616398243,0
1493736713950.0,-0.003775004218215069,3.400806631578379e-05,-0.0050310683786269845,0
1493736716450.0,-0.0037787053617595674,3.463399500345626e-05,-0.005033000593271539,0
1493736718950.0,-0.0037824065053040654,3.5259923691128734e-05,-0.005034932807916093,0
1493736721450.0,-0.0037861076488485633,3.588585237880121e-05,-0.0050368650225606475,0
1493736723950.0,-0.0037898087923930617,3.651178106647368e-05,-0.005038797237205201,0
1493736726450.0,-0.0037935099359375597,3.7137709754146155e-05,-0.005040729451849755,0
1493736728950.0,-0.0037972110794820576,3.776363844181863e-05,-0.00504266166649431,0
1493736731450.0,-0.003800912223026556,3.83895671294911e-05,-0.005044593881138863,0
1493736733950.0,-0.003804613366571054,3.9015495817163576e-05,-0.005046526095783418,0
1493736736450.0,-0.003808314510115552,3.964142450483605e-05,-0.005048458310427972,0
1493736738950.0,-0.00381201565366005,4.0267353192508524e-05,-0.005050390525072526,0
1493736741450.0,-0.0038157167972045483,4.0893281880181e-05,-0.005052322739717081,0
1493736743950.0,-0.0038194179407490462,4.151921056785347e-05,-0.005054254954361634,0
1493736746450.0,-0.003823119084293544,4.214513925552589e-05,-0.0050561871690061886,0
1493736748950.0,-0.0038268202278380426,4.2771067943198364e-05,-0.005058119383650743,0
1493736751450.0,-0.0038305213713825405,4.339699663087084e-05,-0.005060051598295296,0
1493736753950.0,-0.0038342225149270385,4.402292531854331e-05,-0.005061983812939851,0
1493736756450.0,-0.003837923658471537,4.4648854006215785e-05,-0.005063916027584405,0
1493736758950.0,-0.003841624802016035,4.527478269388826e-05,-0.0050658482422289595,0
1493736761450.0,-0.0038453259455605328,4.590071138156073e-05,-0.005067780456873514,0
1493736763950.0,-0.003849027089105031,4.6526640069233206e-05,-0.005069712671518067,0
1493736766450.0,-0.003852728232649529,4.715256875690568e-05,-0.005071644886162622,0
1493736768950.0,-0.003856429376194027,4.777849744457815e-05,-0.005073577100807176,0
1493736771450.0,-0.003860130519738525,4.840442613225063e-05,-0.00507550931545173,0
1493736773950.0,-0.0038638316632830234,4.90303548199231e-05,-0.005077441530096284,0
1493736776450.0,-0.0038675328068275214,4.9656283507595574e-05,-0.005079373744740838,0
1493736778950.0,-0.0038712339503720193,5.028221219526805e-05,-0.005081305959385393,0
1493736781450.0,-0.0038749350939165177,5.090814088294052e-05,-0.005083238174029947,0
1493736783950.0,-0.0038786362374610157,5.1534069570612995e-05,-0.0050851703886745005,0
1493736786450.0,-0.0038823373810055136,5.215999825828547e-05,-0.005087102603319055,0
1493736788950.0,-0.003886038524550012,5.278592694595794e-05,-0.005089034817963609,0
1493736791450.0,-0.00388973966809451,5.341185563363036e-05,-0.005090967032608163,0
1493736793950.0,-0.003893440811639008,5.4037784321302835e-05,-0.005092899247252718,0
1493736796450.0,-0.003897141955183506,5.466371300897531e-05,-0.0050948314618972715,0
1493736798950.0,-0.0039008430987280043,5.528964169664778e-05,-0.005096763676541826,0
1493736801450.0,-0.0039045442422725022,5.5915570384320256e-05,-0.00509869589118638,0
1493736803950.0,-0.003908245385817,5.654149907199273e-05,-0.005100628105830934,0
1493736806450.0,-0.0039119465293614986,5.7167427759665203e-05,-0.005102560320475488,0
1493736808950.0,-0.003915647672905996,5.779335644733768e-05,-0.005104492535120042,0
1493736811450.0,-0.0039193488164504945,5.841928513501015e-05,-0.005106424749764597,0
1493736813950.0,-0.003923049959994993,5.9045213822682624e-05,-0.005108356964409151,0
1493736816450.0,-0.00392675110353949,5.96711425103551e-05,-0.005110289179053705,0
1493736818950.0,-0.003930452247083989,6.029707119802757e-05,-0.005112221393698259,0
1493736821450.0,-0.003934153390628487,6.0922999885700045e-05,-0.005114153608342813,0
1493736823950.0,-0.003937854534172985,6.154892857337252e-05,-0.005116085822987367,0
1493736826450.0,-0.003941555677717483,6.217485726104499e-05,-0.005118018037631921,0
1493736828950.0,-0.0039452568212619814,6.280078594871747e-05,-0.005119950252276476,0
1493736831450.0,-0.003948957964806479,6.342671463638994e-05,-0.00512188246692103,0
1493736833950.0,-0.003952659108350977,6.405264332406241e-05,-0.005123814681565584,0
1493736836450.0,-0.003956360251895476,6.467857201173483e-05,-0.005125746896210138,0
1493736838950.0,-0.003960061395439973,6.53045006994073e-05,-0.005127679110854692,0
1493736841450.0,-0.003963762538984472,6.593042938707978e-05,-0.0051296113254992465,0
1493736843950.0,-0.00396746368252897,6.655635807475225e-05,-0.0051315435401438,0
1493736846450.0,-0.0039711648260734676,6.718228676242473e-05,-0.005133475754788354,0
1493736848950.0,-0.003974865969617966,6.78082154500972e-05,-0.005135407969432909,0
1493736851450.0,-0.003978567113162464,6.843414413776967e-05,-0.005137340184077463,0
1493736853950.0,-0.003982268256706962,6.906007282544215e-05,-0.0051392723987220175,0
1493736856450.0,-0.00398596940025146,6.968600151311462e-05,-0.005141204613366571,0
1493736858950.0,-0.003989670543795959,7.03119302007871e-05,-0.005143136828011125,0
1493736861450.0,-0.003993371687340456,7.093785888845957e-05,-0.00514506904265568,0
1493736863950.0,-0.0039970728308849545,7.156378757613204e-05,-0.005147001257300233,0
1493736866450.0,-0.004000773974429453,7.218971626380452e-05,-0.005148933471944788,0
1493736868950.0,-0.0040044751179739504,7.281564495147699e-05,-0.005150865686589342,0
1493736871450.0,-0.004008176261518449,7.344157363914946e-05,-0.005152797901233896,0
1493736873950.0,-0.004011877405062947,7.406750232682194e-05,-0.005154730115878451,0
1493736876450.0,-0.004015578548607445,7.469343101449441e-05,-0.005156662330523004,0
1493736878950.0,-0.004019279692151943,7.531935970216688e-05,-0.0051585945451675585,0
1493736881450.0,-0.0040229808356964415,7.59452883898393e-05,-0.005160526759812113,0
1493736883950.0,-0.004026681979240939,7.657121707751178e-05,-0.005162458974456666,0
1493736886450.0,-0.004030383122785437,7.719714576518425e-05,-0.005164391189101221,0
1493736888950.0,-0.004034084266329936,7.782307445285673e-05,-0.005166323403745775,0
1493736891450.0,-0.004037785409874433,7.84490031405292e-05,-0.0051682556183903295,0
1493736893950.0,-0.004041486553418931,7.907493182820167e-05,-0.005170187833034884,0
1493736896450.0,-0.00404518769696343,7.970086051587415e-05,-0.005172120047679437,0
1493736898950.0,-0.004048888840507928,8.032678920354662e-05,-0.005174052262323992,0
1493736901450.0,-0.004052589984052425,8.09527178912191e-05,-0.005175984476968546,0
1493736903950.0,-0.004056291127596924,8.157864657889157e-05,-0.0051779166916130995,0
1493736906450.0,-0.004059992271141422,8.220457526656404e-05,-0.005179848906257654,0
1493736908950.0,-0.0040636934146859194,8.283050395423651e-05,-0.005181781120902208,0
1493736911450.0,-0.004067394558230419,8.345643264190899e-05,-0.005183713335546763,0
1493736913950.0,-0.004071095701774916,8.408236132958146e-05,-0.005185645550191317,0
1493736916450.0,-0.004074796845319414,8.470829001725394e-05,-0.0051875777648358705,0
1493736918950.0,-0.004078497988863913,8.533421870492641e-05,-0.005189509979480425,0
1493736921450.0,-0.0040821991324084105,8.596014739259888e-05,-0.005191442194124979,0
1493736923950.0,-0.004085900275952908,8.658607608027136e-05,-0.005193374408769533,0
1493736926450.0,-0.004089601419497406,8.721200476794378e-05,-0.005195306623414087,0
1493736928950.0,-0.004093302563041905,8.783793345561625e-05,-0.0051972388380586414,0
1493736931450.0,-0.004097003706586402,8.846386214328872e-05,-0.005199171052703196,0
1493736933950.0,-0.004100704850130901,8.90897908309612e-05,-0.00520110326734775,0
1493736936450.0,-0.004104405993675399,8.971571951863367e-05,-0.005203035481992304,0
1493736938950.0,-0.004108107137219897,9.034164820630614e-05,-0.005204967696636858,0
1493736941450.0,-0.004111808280764395,9.096757689397862e-05,-0.005206899911281412,0
1493736943950.0,-0.004115509424308893,9.159350558165109e-05,-0.005208832125925966,0
1493736946450.0,-0.004119210567853391,9.221943426932356e-05,-0.00521076434057052,0
1493736948950.0,-0.004122911711397889,9.284536295699604e-05,-0.005212696555215075,0
1493736951450.0,-0.004126612854942388,9.347129164466851e-05,-0.005214628769859629,0
1493736953950.0,-0.004130313998486885,9.409722033234099e-05,-0.005216560984504183,0
1493736956450.0,-0.004134015142031384,9.472314902001346e-05,-0.005218493199148737,0
1493736958950.0,-0.004137716285575882,9.534907770768593e-05,-0.005220425413793291,0
1493736961450.0,-0.0041414174291203795,9.59750063953584e-05,-0.0052223576284378456,0
1493736963950.0,-0.004145118572664878,9.660093508303088e-05,-0.005224289843082399,0
1493736966450.0,-0.004148819716209376,9.722686377070335e-05,-0.005226222057726953,0
1493736968950.0,-0.004152520859753874,9.785279245837583e-05,-0.005228154272371508,0
1493736971450.0,-0.004156222003298372,9.847872114604825e-05,-0.005230086487016062,0
1493736973950.0,-0.004159923146842871,9.910464983372072e-05,-0.0052320187016606165,0
1493736976450.0,-0.004163624290387368,9.97305785213932e-05,-0.00523395091630517,0
1493736978950.0,-0.0041673254339318665,0.00010035650720906567,-0.005235883130949724,0
1493736981450.0,-0.004171026577476365,0.00010098243589673814,-0.005237815345594279,0
1493736983950.0,-0.004174727721020862,0.00010160836458441062,-0.005239747560238832,0
1493736986450.0,-0.004178428864565361,0.00010223429327208309,-0.005241679774883387,0
1493736988950.0,-0.004182130008109859,0.00010286022195975556,-0.005243611989527941,0
1493736991450.0,-0.004185831151654357,0.00010348615064742804,-0.005245544204172495,0
1493736993950.0,-0.004189532295198855,0.00010411207933510051,-0.00524747641881705,0
1493736996450.0,-0.0041932334387433535,0.00010473800802277298,-0.005249408633461603,0
1493736998950.0,-0.004196934582287851,0.00010536393671044546,-0.0052513408481061575,0
1493737001450.0,-0.004200635725832349,0.00010598986539811793,-0.005253273062750712,0
1493737003950.0,-0.004204336869376848,0.0001066157940857904,-0.005255205277395265,0
1493737006450.0,-0.004208038012921345,0.00010724172277346288,-0.00525713749203982,0
1493737008950.0,-0.004211739156465844,0.00010786765146113535,-0.005259069706684374,0
1493737011450.0,-0.004215440300010342,0.00010849358014880783,-0.0052610019213289285,0
1493737013950.0,-0.00421914144355484,0.0001091195088364803,-0.005262934135973483,0
1493737016450.0,-0.004222842587099337,0.00010974543752415272,-0.005264866350618036,0
1493737018950.0,-0.004226543730643836,0.00011037136621182519,-0.005266798565262591,0
1493737021450.0,-0.004230244874188334,0.00011099729489949767,-0.005268730779907145,0
1493737023950.0,-0.004233946017732831,0.00011162322358717014,-0.0052706629945516986,0
1493737026450.0,-0.004237647161277331,0.00011224915227484261,-0.005272595209196254,0
1493737028950.0,-0.004241348304821828,0.00011287508096251509,-0.005274527423840807,0
1493737031450.0,-0.004245049448366326,0.00011350100965018756,-0.005276459638485362,0
1493737033950.0,-0.004248750591910825,0.00011412693833786003,-0.005278391853129916,0
1493737036450.0,-0.0042524517354553225,0.00011475286702553251,-0.0052803240677744695,0
1493737038950.0,-0.00425615287899982,0.00011537879571320498,-0.005282256282419024,0
1493737041450.0,-0.004259854022544319,0.00011600472440087745,-0.005284188497063578,0
1493737043950.0,-0.004263555166088817,0.00011663065308854993,-0.005286120711708133,0
1493737046450.0,-0.004267256309633314,0.0001172565817762224,-0.005288052926352687,0
1493737048950.0,-0.004270957453177813,0.00011788251046389488,-0.0052899851409972404,0
1493737051450.0,-0.004274658596722311,0.00011850843915156735,-0.005291917355641795,0
1493737053950.0,-0.004278359740266809,0.00011913436783923982,-0.005293849570286349,0
1493737056450.0,-0.004282060883811307,0.0001197602965269123,-0.005295781784930903,0
1493737058950.0,-0.004285762027355805,0.00012038622521458477,-0.005297713999575457,0
1493737061450.0,-0.004289463170900303,0.00012101215390225719,-0.005299646214220011,0
1493737063950.0,-0.004293164314444801,0.00012163808258992966,-0.005301578428864566,0
1493737066450.0,-0.0042968654579893,0.00012226401127760214,-0.00530351064350912,0
1493737068950.0,-0.004300566601533797,0.0001228899399652746,-0.005305442858153674,0
1493737071450.0,-0.004304267745078296,0.00012351586865294708,-0.005307375072798228,0
1493737073950.0,-0.004307968888622794,0.00012414179734061956,-0.005309307287442782,0
1493737076450.0,-0.0043116700321672915,0.00012476772602829203,-0.005311239502087336,0
1493737078950.0,-0.00431537117571179,0.0001253936547159645,-0.00531317171673189,0
1493737081450.0,-0.004319072319256288,0.00012601958340363698,-0.0053151039313764446,0
1493737083950.0,-0.004322773462800786,0.00012664551209130945,-0.005317036146020999,0
1493737086450.0,-0.004326474606345284,0.00012727144077898193,-0.005318968360665553,0
1493737088950.0,-0.0043301757498897826,0.0001278973694666544,-0.005320900575310107,0
1493737091450.0,-0.00433387689343428,0.00012852329815432687,-0.005322832789954661,0
1493737093950.0,-0.0043375780369787785,0.00012914922684199935,-0.0053247650045992155,0
1493737096450.0,-0.004341279180523277,0.00012977515552967182,-0.005326697219243769,0
1493737098950.0,-0.004344980324067774,0.0001304010842173443,-0.005328629433888323,0
1493737101450.0,-0.004348681467612273,0.00013102701290501677,-0.005330561648532878,0
1493737103950.0,-0.004352382611156771,0.00013165294159268924,-0.005332493863177432,0
1493737106450.0,-0.004356083754701269,0.00013227887028036166,-0.0053344260778219865,0
1493737108950.0,-0.004359784898245767,0.00013290479896803413,-0.00533635829246654,0
1493737111450.0,-0.0043634860417902654,0.0001335307276557066,-0.005338290507111094,0
1493737113950.0,-0.004367187185334763,0.00013415665634337908,-0.005340222721755649,0
1493737116450.0,-0.004370888328879261,0.00013478258503105156,-0.005342154936400202,0
1493737118950.0,-0.00437458947242376,0.00013540851371872403,-0.0053440871510447565,0
1493737121450.0,-0.004378290615968257,0.0001360344424063965,-0.005346019365689311,0
1493737123950.0,-0.004381991759512756,0.00013666037109406898,-0.005347951580333865,0
1493737126450.0,-0.004385692903057254,0.00013728629978174145,-0.00534988379497842,0
1493737128950.0,-0.0043893940466017516,0.00013791222846941392,-0.005351816009622973,0
1493737131450.0,-0.00439309519014625,0.0001385381571570864,-0.0053537482242675275,0
1493737133950.0,-0.004396796333690748,0.00013916408584475887,-0.005355680438912082,0
1493737136450.0,-0.004400497477235246,0.00013979001453243134,-0.005357612653556635,0
1493737138950.0,-0.004404198620779744,0.00014041594322010382,-0.00535954486820119,0
1493737141450.0,-0.004407899764324243,0.0001410418719077763,-0.005361477082845744,0
1493737143950.0,-0.00441160090786874,0.00014166780059544877,-0.005363409297490298,0
1493737146450.0,-0.004415302051413238,0.00014229372928312124,-0.005365341512134853,0
1493737148950.0,-0.004419003194957737,0.0001429196579707937,-0.005367273726779406,0
1493737151450.0,-0.0044227043385022344,0.00014354558665846613,-0.005369205941423961,0
1493737153950.0,-0.004426405482046732,0.0001441715153461386,-0.005371138156068515,0
1493737156450.0,-0.004430106625591231,0.00014479744403381108,-0.0053730703707130685,0
1493737158950.0,-0.004433807769135729,0.00014542337272148355,-0.005375002585357623,0
1493737161450.0,-0.004437508912680226,0.00014604930140915603,-0.005376934800002177,0
1493737163950.0,-0.0044412100562247255,0.0001466752300968285,-0.005378867014646732,0
1493737166450.0,-0.004444911199769223,0.00014730115878450097,-0.005380799229291286,0
1493737168950.0,-0.0044486123433137206,0.00014792708747217345,-0.0053827314439358395,0
1493737171450.0,-0.004452313486858219,0.00014855301615984592,-0.005384663658580394,0
1493737173950.0,-0.004456014630402717,0.0001491789448475184,-0.005386595873224948,0
1493737176450.0,-0.004459715773947215,0.00014980487353519087,-0.005388528087869502,0
1493737178950.0,-0.004463416917491713,0.00015043080222286334,-0.005390460302514056,0
1493737181450.0,-0.004467118061036212,0.00015105673091053582,-0.00539239251715861,0
1493737183950.0,-0.004470819204580709,0.0001516826595982083,-0.005394324731803165,0
1493737186450.0,-0.0044745203481252075,0.00015230858828588076,-0.005396256946447719,0
1493737188950.0,-0.004478221491669706,0.00015293451697355324,-0.005398189161092273,0
1493737191450.0,-0.0044819226352142034,0.0001535604456612257,-0.005400121375736827,0
1493737193950.0,-0.004485623778758702,0.00015418637434889818,-0.005402053590381381,0
1493737196450.0,-0.0044893249223032,0.0001548123030365706,-0.005403985805025935,0
1493737198950.0,-0.004493026065847698,0.00015543823172424308,-0.005405918019670489,0
1493737201450.0,-0.004496727209392196,0.00015606416041191555,-0.005407850234315044,0
1493737203950.0,-0.0045004283529366945,0.00015669008909958802,-0.005409782448959598,0
1493737206450.0,-0.004504129496481192,0.0001573160177872605,-0.005411714663604152,0
1493737208950.0,-0.00450783064002569,0.00015794194647493297,-0.005413646878248706,0
1493737211450.0,-0.004511531783570189,0.00015856787516260545,-0.00541557909289326,0
1493737213950.0,-0.004515232927114686,0.00015919380385027792,-0.0054175113075378145,0
1493737216450.0,-0.004518934070659185,0.0001598197325379504,-0.005419443522182368,0
1493737218950.0,-0.004522635214203683,0.00016044566122562287,-0.005421375736826922,0
1493737221450.0,-0.004526336357748181,0.00016107158991329534,-0.005423307951471477,0
1493737223950.0,-0.004530037501292679,0.0001616975186009678,-0.005425240166116031,0
1493737226450.0,-0.004533738644837177,0.0001623234472886403,-0.0054271723807605855,0
1493737228950.0,-0.004537439788381675,0.00016294937597631276,-0.005429104595405139,0
1493737231450.0,-0.004541140931926173,0.00016357530466398523,-0.005431036810049693,0
1493737233950.0,-0.004544842075470672,0.0001642012333516577,-0.005432969024694248,0
1493737236450.0,-0.004548543219015169,0.00016482716203933018,-0.005434901239338801,0
1493737238950.0,-0.004552244362559668,0.00016545309072700266,-0.0054368334539833555,0
1493737241450.0,-0.004555945506104166,0.00016607901941467507,-0.00543876566862791,0
1493737243950.0,-0.0045596466496486635,0.00016670494810234755,-0.005440697883272464,0
1493737246450.0,-0.004563347793193162,0.00016733087679002002,-0.005442630097917019,0
1493737248950.0,-0.00456704893673766,0.0001679568054776925,-0.005444562312561572,0
1493737251450.0,-0.004570750080282158,0.00016858273416536497,-0.0054464945272061265,0
1493737253950.0,-0.004574451223826656,0.00016920866285303744,-0.005448426741850681,0
1493737256450.0,-0.004578152367371155,0.00016983459154070992,-0.005450358956495234,0
1493737258950.0,-0.004581853510915652,0.0001704605202283824,-0.00545229117113979,0
1493737261450.0,-0.0045855546544601505,0.00017108644891605486,-0.005454223385784343,0
1493737263950.0,-0.004589255798004649,0.00017171237760372734,-0.005456155600428897,0
1493737266450.0,-0.004592956941549146,0.0001723383062913998,-0.005458087815073452,0
1493737268950.0,-0.004596658085093644,0.00017296423497907228,-0.005460020029718005,0
1493737271450.0,-0.004600359228638143,0.00017359016366674476,-0.00546195224436256,0
1493737273950.0,-0.004604060372182641,0.00017421609235441723,-0.005463884459007114,0
1493737276450.0,-0.004607761515727138,0.0001748420210420897,-0.005465816673651668,0
1493737278950.0,-0.0046114626592716375,0.00017546794972976218,-0.005467748888296223,0
1493737281450.0,-0.004615163802816135,0.00017609387841743465,-0.005469681102940776,0
1493737283950.0,-0.0046188649463606325,0.00017671980710510713,-0.005471613317585331,0
1493737286450.0,-0.004622566089905132,0.00017734573579277955,-0.005473545532229885,0
1493737288950.0,-0.004626267233449629,0.00017797166448045202,-0.0054754777468744385,0
1493737291450.0,-0.004629968376994127,0.0001785975931681245,-0.005477409961518993,0
1493737293950.0,-0.004633669520538626,0.00017922352185579697,-0.005479342176163547,0
1493737296450.0,-0.004637370664083124,0.00017984945054346944,-0.0054812743908081015,0
1493737298950.0,-0.004641071807627621,0.00018047537923114191,-0.005483206605452656,0
1493737301450.0,-0.0046447729511721195,0.0001811013079188144,-0.005485138820097209,0
1493737303950.0,-0.004648474094716618,0.00018172723660648686,-0.005487071034741764,0
1493737306450.0,-0.004652175238261115,0.00018235316529415934,-0.005489003249386318,0
1493737308950.0,-0.004655876381805614,0.0001829790939818318,-0.005490935464030872,0
1493737311450.0,-0.004659577525350112,0.00018360502266950428,-0.005492867678675426,0
1493737313950.0,-0.00466327866889461,0.00018423095135717676,-0.00549479989331998,0
1493737316450.0,-0.004666979812439108,0.00018485688004484923,-0.005496732107964535,0
1493737318950.0,-0.0046706809559836065,0.0001854828087325217,-0.005498664322609089,0
1493737321450.0,-0.004674382099528104,0.00018610873742019418,-0.005500596537253643,0
1493737323950.0,-0.004678083243072602,0.00018673466610786665,-0.005502528751898197,0
1493737326450.0,-0.004681784386617101,0.00018736059479553912,-0.005504460966542751,0
1493737328950.0,-0.004685485530161598,0.0001879865234832116,-0.005506393181187305,0
1493737331450.0,-0.004689186673706097,0.00018861245217088402,-0.005508325395831859,0
1493737333950.0,-0.004692887817250595,0.00018923838085855655,-0.0055102576104764135,0
1493737336450.0,-0.004696588960795093,0.00018986430954622896,-0.005512189825120968,0
1493737338950.0,-0.004700290104339591,0.0001904902382339015,-0.005514122039765522,0
1493737341450.0,-0.004703991247884089,0.0001911161669215739,-0.005516054254410076,0
1493737343950.0,-0.004707692391428587,0.00019174209560924644,-0.00551798646905463,0
1493737346450.0,-0.004711393534973085,0.00019236802429691886,-0.0055199186836991845,0
1493737348950.0,-0.004715094678517584,0.0001929939529845914,-0.005521850898343738,0
1493737351450.0,-0.004718795822062081,0.0001936198816722638,-0.005523783112988292,0
1493737353950.0,-0.00472249696560658,0.00019424581035993623,-0.005525715327632847,0
1493737356450.0,-0.004726198109151078,0.00019487173904760875,-0.005527647542277401,0
1493737358950.0,-0.0047298992526955755,0.00019549766773528117,-0.005529579756921955,0
1493737361450.0,-0.004733600396240074,0.0001961235964229537,-0.005531511971566509,0
1493737363950.0,-0.004737301539784572,0.00019674952511062612,-0.005533444186211063,0
1493737366450.0,-0.00474100268332907,0.00019737545379829865,-0.005535376400855618,0
1493737368950.0,-0.004744703826873568,0.00019800138248597107,-0.005537308615500171,0
1493737371450.0,-0.0047484049704180666,0.0001986273111736436,-0.0055392408301447255,0
1493737373950.0,-0.004752106113962564,0.00019925323986131601,-0.00554117304478928,0
1493737376450.0,-0.0047558072575070625,0.00019987916854898854,-0.005543105259433834,0
1493737378950.0,-0.004759508401051561,0.00020050509723666096,-0.005545037474078389,0
1493737381450.0,-0.004763209544596058,0.0002011310259243335,-0.005546969688722942,0
1493737381450.0,-0.004763209544596058,0.0002011310259243335,-0.005546969688722942,0
